timestamp_ms,elapsed_s,d_obj_mm,v_raw_mmps,v_avg_mmps,m_buffer_mm,threshold_T_mm,alert_triggered,alert_text,latency_hw_ms,latency_net_ms,latency_algo_ms,latency_tts_ms,latency_bt_ms,latency_total_ms,packet_loss_frame,packet_loss_cumulative,is_head_rotating
1700000000000,0.0,4496,1604.82,0.0,271.2,1000,0,,26,30,5,0,3,64,0,0,0
1700000000066,0.07,4389,607.43,91.11,115.26,1060,0,,36,59,3,0,4,102,0,0,0
1700000000133,0.13,4415,0.0,77.45,37.63,1111,0,,24,45,4,0,3,76,0,0,0
1700000000200,0.2,4472,0.0,65.83,31.98,1095,0,,15,65,5,0,2,87,0,0,0
1700000000266,0.27,4517,0.0,55.96,21.36,1086,0,,12,20,6,0,4,42,0,0,0
1700000000333,0.33,4648,217.48,80.18,80.1,1074,0,,39,12,2,0,2,55,0,0,0
1700000000400,0.4,4488,277.47,109.78,39.62,1172,0,,38,17,3,0,2,60,0,0,0
1700000000466,0.47,4611,89.99,106.81,239.59,1000,0,,44,72,2,0,1,119,0,0,0
1700000000533,0.53,4476,1199.87,270.77,183.56,1337,0,,43,37,2,0,3,85,0,1,0
1700000000600,0.6,4451,0.0,230.15,111.82,1331,0,,34,43,4,0,4,85,1,1,0
1700000000666,0.67,4554,0.0,195.63,95.79,1280,0,,31,45,3,0,1,80,1,1,0
1700000000733,0.73,4525,854.91,294.52,173.5,1392,0,,7,53,6,0,1,67,1,1,0
1700000000800,0.8,4440,412.45,312.21,43.37,1552,0,,9,43,6,0,1,59,0,1,0
1700000000866,0.87,4470,0.0,265.38,128.94,1381,0,,5,69,4,0,1,79,0,1,0
1700000000933,0.93,4652,0.0,225.57,79.57,1354,0,,4,59,6,0,1,70,0,2,0
1700000001000,1.0,4585,847.41,318.85,419.19,1195,0,,32,55,4,0,2,93,0,2,0
1700000001066,1.07,4539,1574.82,507.24,167.14,1792,0,,38,21,6,0,2,67,0,2,0
1700000001133,1.13,4375,0.0,431.16,209.48,1613,0,,21,40,4,0,1,66,1,2,0
1700000001200,1.2,4612,0.0,366.48,57.53,1639,0,,44,64,5,0,4,117,0,3,0
1700000001266,1.27,4519,539.94,392.5,37.18,1706,0,,37,40,2,0,3,82,0,3,0
1700000001333,1.33,4540,52.49,341.5,152.13,1502,0,,33,42,6,0,2,83,0,3,1
1700000001400,1.4,4512,0.0,290.28,141.03,1416,0,,23,12,2,0,4,41,1,4,0
1700000001466,1.47,4691,0.0,246.73,32.83,1440,0,,17,59,4,0,1,81,0,4,0
1700000001533,1.53,4578,389.96,268.22,246.64,1270,0,,36,63,5,0,4,108,0,4,0
1700000001600,1.6,4639,1229.86,412.46,634.85,1161,0,,10,55,2,0,1,68,0,4,0
1700000001666,1.67,4414,2294.74,694.81,462.62,1854,0,,8,35,4,0,4,51,0,4,0
1700000001733,1.73,4333,884.9,723.32,119.03,2205,0,,32,61,3,0,2,98,0,4,0
1700000001800,1.8,4296,0.0,614.82,298.72,1862,0,,37,74,6,0,3,120,0,5,0
1700000001866,1.87,4506,0.0,522.6,183.6,1804,0,,10,66,3,0,2,81,0,6,0
1700000001933,1.93,4685,314.96,491.45,227.3,1707,0,,30,50,2,0,3,85,1,6,0
1700000002000,2.0,4464,1717.31,675.33,122.89,2123,0,,3,27,4,0,1,35,0,6,0
1700000002066,2.07,4456,0.0,574.03,278.9,1808,0,,39,39,2,0,1,81,0,6,0
1700000002133,2.13,4556,0.0,487.93,237.06,1691,0,,18,62,3,0,3,86,0,6,0
1700000002200,2.2,4607,0.0,414.74,181.41,1610,0,,38,34,5,0,4,81,0,6,0
1700000002266,2.27,4592,89.99,366.03,180.61,1520,0,,15,63,2,0,3,83,0,6,0
1700000002333,2.33,4595,1499.83,536.1,332.64,1689,0,,11,20,6,0,1,38,2,7,0
1700000002400,2.4,4392,892.4,589.54,52.07,2040,0,,19,43,4,0,2,68,0,7,0
1700000002466,2.47,4476,0.0,501.11,243.47,1709,0,,24,50,2,0,4,80,0,8,0
1700000002533,2.53,4472,0.0,425.94,206.95,1606,0,,17,53,2,0,2,74,0,10,0
1700000002600,2.6,4560,0.0,362.05,85.25,1605,0,,11,48,2,0,2,63,0,10,0
1700000002666,2.67,4494,1169.87,483.23,72.46,1837,0,,27,16,5,0,3,51,0,11,1
1700000002733,2.73,4404,0.0,410.74,199.56,1585,0,,33,22,4,0,1,60,0,12,0
1700000002800,2.8,4529,0.0,349.13,48.0,1616,0,,37,17,2,0,2,58,0,12,0
1700000002866,2.87,4473,974.89,442.99,40.8,1794,0,,32,61,3,0,3,99,0,12,0
1700000002933,2.93,4399,0.0,376.55,182.95,1537,0,,17,32,5,0,3,57,0,12,0
1700000003000,3.0,4522,0.0,320.06,155.51,1458,0,,36,58,5,0,4,103,1,14,0
1700000003067,3.07,4474,0.0,272.05,8.3,1511,0,,42,57,5,0,1,105,0,14,0
1700000003133,3.13,4577,554.94,314.49,115.15,1487,0,,40,12,5,0,1,58,0,14,0
1700000003200,3.2,4400,547.44,349.43,15.96,1648,0,,2,53,2,0,1,58,0,15,0
1700000003267,3.27,4504,45.0,303.76,135.77,1447,0,,16,33,3,0,2,54,1,15,0
1700000003333,3.33,4394,0.0,258.2,125.45,1370,0,,44,72,4,0,2,122,0,15,0
1700000003400,3.4,4613,0.0,219.47,52.4,1369,0,,35,61,5,0,4,105,0,15,0
1700000003467,3.47,4523,712.42,293.41,511.6,1054,0,,34,57,6,0,2,99,0,15,0
1700000003533,3.53,4518,2092.27,563.24,367.9,1705,0,,13,37,3,0,4,57,0,15,0
1700000003600,3.6,4244,412.45,540.62,154.34,1863,0,,35,66,5,0,2,108,0,15,0
1700000003667,3.67,4463,0.0,459.53,223.27,1653,0,,40,66,3,0,2,111,0,15,0
1700000003733,3.73,4451,0.0,390.6,189.78,1557,0,,37,17,4,0,1,59,0,15,0
1700000003800,3.8,4546,0.0,332.01,27.39,1604,0,,10,28,2,0,1,41,0,15,0
1700000003867,3.87,4506,599.93,372.2,11.88,1693,0,,37,70,5,0,4,116,0,16,0
1700000003933,3.93,4466,157.48,339.99,26.84,1620,0,,40,40,6,0,3,89,0,16,0
1700000004000,4.0,4485,674.93,390.23,12.34,1726,0,,39,12,6,0,4,61,1,16,0
1700000004067,4.07,4376,0.0,331.7,161.16,1474,0,,26,57,4,0,1,88,0,16,0
1700000004133,4.13,4495,0.0,281.94,136.98,1404,0,,33,73,4,0,2,112,0,16,0
1700000004200,4.2,4475,0.0,239.65,99.7,1361,0,,24,35,6,0,3,68,1,16,0
1700000004267,4.27,4518,74.99,214.95,84.74,1328,0,,9,63,6,0,2,80,0,16,0
1700000004333,4.33,4465,0.0,182.71,88.77,1263,0,,38,52,2,0,4,96,0,16,0
1700000004400,4.4,4567,0.0,155.3,160.59,1139,0,,37,70,3,0,2,112,0,18,0
1700000004467,4.47,4576,1057.38,290.61,305.58,1254,0,,27,16,5,0,4,52,0,18,0
1700000004533,4.53,4426,757.42,360.63,23.7,1661,0,,2,29,2,0,2,35,0,18,0
1700000004600,4.6,4475,0.0,306.54,148.93,1439,0,,32,41,2,0,3,78,2,18,0
1700000004667,4.67,4576,0.0,260.56,2.31,1495,0,,3,53,6,0,4,66,0,18,0
1700000004733,4.73,4508,577.44,308.09,102.4,1487,0,,19,45,5,0,4,73,0,18,0
1700000004800,4.8,4499,449.95,329.37,8.38,1618,0,,34,39,5,0,2,80,0,19,0
1700000004867,4.87,4448,149.98,302.46,107.56,1472,0,,41,63,4,0,1,109,0,19,0
1700000004933,4.93,4479,0.0,257.09,124.91,1369,0,,43,23,4,0,4,74,0,19,1
1700000005000,5.0,4491,0.0,218.53,14.36,1404,0,,10,28,3,0,2,43,0,19,0
1700000005067,5.07,4524,539.94,266.74,30.62,1480,0,,9,50,2,0,3,64,0,19,0
1700000005133,5.13,4419,82.49,239.1,94.51,1365,0,,12,43,2,0,1,58,0,19,0
1700000005200,5.2,4513,0.0,203.24,18.39,1371,0,,11,44,4,0,4,63,0,19,0
1700000005267,5.27,4555,359.96,226.75,156.8,1280,0,,28,16,3,0,3,50,0,20,0
1700000005333,5.33,4465,772.41,308.6,52.92,1536,0,,33,47,4,0,4,88,1,21,0
1700000005400,5.4,4452,0.0,262.31,127.44,1376,0,,17,37,6,0,4,64,0,21,0
1700000005467,5.47,4553,0.0,222.96,109.3,1319,0,,43,52,5,0,2,102,0,21,0
1700000005533,5.53,4638,974.89,335.75,208.41,1436,0,,34,29,4,0,3,70,0,21,0
1700000005600,5.6,4423,517.44,363.0,40.47,1649,0,,23,28,2,0,2,55,0,21,0
1700000005667,5.67,4569,0.0,308.55,26.03,1562,0,,36,72,3,0,4,115,0,21,0
1700000005733,5.73,4550,554.94,345.51,237.35,1426,0,,31,36,4,0,2,73,0,21,0
1700000005800,5.8,4495,1162.37,468.04,97.96,1786,0,,32,54,2,0,1,89,0,21,0
1700000005867,5.87,4395,89.99,411.33,176.22,1609,0,,8,28,6,0,3,45,1,21,0
1700000005933,5.93,4483,0.0,349.63,138.06,1531,0,,15,49,2,0,3,69,0,22,0
1700000006000,6.0,4509,142.48,318.56,117.35,1492,0,,3,36,5,0,4,48,0,22,0
1700000006067,6.07,4464,0.0,270.78,131.56,1388,0,,3,30,2,0,1,36,0,22,0
1700000006134,6.13,4541,0.0,230.16,58.26,1383,0,,43,35,3,0,2,83,1,22,0
1700000006200,6.2,4560,239.97,231.63,20.79,1423,0,,10,40,4,0,2,56,0,22,0
1700000006267,6.27,4509,314.97,244.13,35.9,1432,0,,9,18,6,0,1,34,0,22,0
1700000006334,6.33,4518,0.0,207.51,100.82,1298,0,,23,58,3,0,1,85,0,22,0
1700000006400,6.4,4574,0.0,176.39,80.03,1259,0,,38,44,4,0,3,89,0,22,0
1700000006467,6.47,4587,742.42,261.29,116.58,1385,0,,40,49,4,0,3,96,1,22,0
1700000006534,6.53,4475,217.48,254.72,51.58,1436,0,,27,23,5,0,4,59,0,22,0
1700000006600,6.6,4558,67.49,226.63,66.65,1368,0,,28,60,3,0,1,92,1,22,0
1700000006667,6.67,4466,712.42,299.5,110.22,1464,0,,21,23,5,0,3,52,1,22,0
1700000006734,6.73,4463,307.47,300.7,58.65,1516,0,,44,34,6,0,2,86,0,23,0
1700000006800,6.8,4425,30.0,260.09,118.49,1381,0,,30,30,5,0,1,66,0,23,0
1700000006867,6.87,4459,0.0,221.08,18.69,1405,0,,34,73,5,0,3,115,0,23,0
1700000006934,6.93,4455,397.46,247.53,15.88,1458,0,,40,61,3,0,1,105,0,23,0
1700000007000,7.0,4406,0.0,210.4,102.23,1302,0,,20,64,3,0,3,90,0,23,0
1700000007067,7.07,4579,0.0,178.84,172.59,1172,0,,18,22,2,0,1,43,1,25,0
1700000007134,7.13,4638,1162.37,326.37,511.64,1118,0,,32,45,3,0,2,82,0,25,0
1700000007200,7.2,4424,1634.82,522.64,175.42,1812,0,,39,19,3,0,4,65,0,25,0
1700000007267,7.27,4420,0.0,444.24,204.12,1643,0,,15,64,4,0,4,87,0,25,0
1700000007334,7.33,4470,52.49,385.48,158.44,1578,0,,18,48,5,0,4,75,0,25,0
1700000007400,7.4,4413,67.49,337.78,146.39,1500,0,,14,46,6,0,2,68,0,25,0
1700000007467,7.47,4461,0.0,287.12,139.5,1412,0,,2,48,2,0,1,53,0,25,0
1700000007534,7.53,4499,0.0,244.05,118.57,1350,0,,27,14,6,0,2,49,1,25,0
1700000007600,7.6,4554,0.0,207.44,100.79,1298,0,,31,55,2,0,2,90,0,26,0
1700000007667,7.67,4580,0.0,176.32,70.6,1268,0,,27,13,4,0,2,46,0,26,0
1700000007734,7.73,4594,67.49,160.0,58.85,1249,0,,30,69,4,0,3,106,2,26,0
1700000007800,7.8,4571,532.44,215.87,108.61,1306,0,,33,37,3,0,4,77,0,26,1
1700000007867,7.87,4523,329.96,232.98,26.54,1420,0,,36,13,6,0,3,58,0,26,0
1700000007934,7.93,4527,0.0,198.03,96.22,1285,0,,8,20,3,0,4,35,0,26,0
1700000008000,8.0,4547,0.0,168.33,81.78,1242,0,,28,60,6,0,4,98,0,26,0
1700000008067,8.07,4581,0.0,143.08,208.38,1067,0,,15,31,5,0,4,55,0,26,0
1700000008134,8.13,4597,1244.86,308.35,476.77,1118,0,,16,70,3,0,1,90,1,26,0
1700000008200,8.2,4415,1342.35,463.45,127.37,1750,0,,5,65,4,0,2,76,0,26,0
1700000008267,8.27,4418,0.0,393.93,191.39,1562,0,,13,62,4,0,3,82,0,26,0
1700000008334,8.33,4571,0.0,334.84,162.68,1479,0,,7,25,5,0,4,41,0,26,0
1700000008400,8.4,4645,0.0,284.61,21.1,1522,0,,5,28,6,0,1,40,0,26,0
1700000008467,8.47,4626,524.94,320.66,59.07,1553,0,,21,35,6,0,4,66,1,26,0
1700000008534,8.53,4575,344.96,324.31,66.97,1552,0,,18,70,3,0,1,92,0,27,0
1700000008600,8.6,4580,0.0,275.66,87.04,1441,0,,9,71,4,0,1,85,0,27,0
1700000008667,8.67,4637,989.89,382.8,305.0,1430,0,,36,37,5,0,3,81,0,27,0
1700000008734,8.73,4448,1034.88,480.61,38.28,1864,0,,22,70,5,0,4,101,2,27,0
1700000008800,8.8,4499,0.0,408.52,113.1,1664,0,,11,65,3,0,1,80,0,28,0
1700000008867,8.87,4631,382.46,404.61,138.23,1633,0,,17,50,6,0,2,75,0,28,0
1700000008934,8.93,4448,1049.88,501.4,77.32,1865,0,,21,57,4,0,4,86,0,28,0
1700000009001,9.0,4491,202.48,456.56,168.65,1699,0,,22,50,6,0,2,80,1,28,0
1700000009067,9.07,4421,0.0,388.08,188.55,1554,0,,43,21,6,0,4,74,0,30,0
1700000009134,9.13,4508,0.0,329.87,160.27,1472,0,,10,37,3,0,4,54,0,30,0
1700000009201,9.2,4449,0.0,280.39,136.23,1402,0,,16,69,2,0,3,90,0,30,0
1700000009267,9.27,4623,0.0,238.33,167.12,1291,0,,10,16,5,0,1,32,0,30,1
1700000009334,9.33,4627,1267.36,392.68,463.47,1293,0,,40,60,2,0,1,103,0,31,0
1700000009401,9.4,4454,1439.84,549.76,111.04,1919,1,Arah 10,14,12,2,0,1,29,0,31,0
1700000009467,9.47,4435,0.0,467.29,111.53,1772,1,Arah 10,3,41,2,0,1,47,0,31,0
1700000009534,9.53,4557,517.44,474.82,50.84,1842,1,Arah 10,17,46,6,0,1,70,0,31,1
1700000009601,9.6,4366,652.43,501.46,72.29,1869,1,Arah 10,12,56,3,0,3,74,0,31,0
1700000009667,9.67,4470,0.0,426.24,207.09,1607,1,Arah 10,3,50,2,0,1,56,0,31,0
1700000009734,9.73,4442,0.0,362.3,176.03,1517,1,Arah 10,20,23,5,0,2,50,0,33,0
1700000009801,9.8,4524,0.0,307.96,149.62,1441,1,Arah 10,29,49,4,0,3,85,1,33,0
1700000009867,9.87,4583,0.0,261.76,160.76,1342,1,Arah 10,10,59,4,0,2,75,0,33,0
1700000009934,9.93,4542,1289.86,415.98,247.13,1549,1,Arah 10,33,15,2,0,3,53,0,33,0
1700000010001,10.0,4411,494.94,427.82,77.88,1732,1,Arah 10,2,30,6,0,1,39,0,33,0
1700000010067,10.07,4476,0.0,363.65,176.68,1519,1,Arah 10,7,57,5,0,3,72,1,33,0
1700000010134,10.13,4616,0.0,309.1,326.92,1268,1,Arah 10,22,71,3,0,4,100,1,33,0
1700000010201,10.2,4711,2137.26,583.33,731.55,1392,1,Arah 10,36,61,4,0,3,104,0,33,0
1700000010267,10.27,4331,2032.27,800.67,144.72,2306,1,Arah 10,10,68,4,0,4,86,1,33,0
1700000010334,10.33,4440,0.0,680.57,92.94,2157,1,Arah 10,13,36,4,0,4,57,0,33,0
1700000010401,10.4,4495,1064.88,738.22,79.0,2262,1,Arah 10,27,34,3,0,2,66,0,33,0
1700000010467,10.47,4298,0.0,627.48,304.87,1879,1,Arah 10,39,69,6,0,3,117,0,33,0
1700000010534,10.53,4522,0.0,533.36,129.24,1874,1,Arah 10,20,23,4,0,4,51,0,33,0
1700000010601,10.6,4365,1739.81,714.33,109.86,2198,1,Arah 10,29,54,6,0,4,93,0,33,0
1700000010667,10.67,4290,0.0,607.18,295.0,1852,1,Arah 10,32,15,3,0,4,54,1,33,0
1700000010734,10.73,4494,0.0,516.1,48.19,1917,1,Arah 10,40,47,2,0,2,91,1,34,0
1700000010801,10.8,4430,907.4,574.8,40.96,2025,1,Arah 10,11,46,3,0,2,62,0,34,0
1700000010867,10.87,4373,0.0,488.58,237.38,1692,1,Arah 10,27,59,5,0,4,95,0,34,0
1700000010934,10.93,4480,0.0,415.29,201.77,1591,1,Arah 10,43,56,5,0,4,108,0,34,0
1700000011001,11.0,4480,0.0,353.0,116.26,1558,1,Arah 10,21,68,2,0,1,92,2,34,0
1700000011067,11.07,4520,247.47,337.17,63.67,1579,1,Arah 10,41,44,5,0,2,92,0,34,0
1700000011134,11.13,4447,157.48,310.22,109.36,1485,1,Arah 10,44,63,2,0,3,112,0,34,0
1700000011201,11.2,4499,0.0,263.68,86.17,1419,1,Arah 10,42,20,4,0,2,68,1,34,0
1700000011267,11.27,4459,959.89,368.11,336.07,1372,1,Arah 10,29,41,6,0,3,79,0,35,0
1700000011334,11.33,4371,1177.37,489.5,71.38,1849,1,Arah 10,20,44,3,0,2,69,1,35,0
1700000011401,11.4,4302,0.0,416.08,202.15,1592,1,Arah 10,24,39,6,0,1,70,0,35,0
1700000011467,11.47,4418,0.0,353.67,171.83,1505,1,Arah 10,29,64,2,0,3,98,0,35,0
1700000011534,11.53,4387,0.0,300.62,146.06,1431,1,Arah 10,9,70,5,0,3,87,0,35,0
1700000011601,11.6,4624,0.0,255.52,332.87,1160,1,Arah 10,35,42,4,0,3,84,0,35,1
1700000011667,11.67,4543,2047.27,524.29,500.56,1506,1,Arah 10,9,53,3,0,3,68,0,35,0
1700000011734,11.73,4351,974.89,591.88,31.54,2062,1,Arah 10,44,14,2,0,1,61,1,35,0
1700000011801,11.8,4413,0.0,503.1,244.43,1712,1,Arah 10,9,12,6,0,1,28,0,35,0
1700000011867,11.87,4439,0.0,427.63,72.17,1737,0,,17,23,2,0,3,45,0,36,0
1700000011934,11.93,4515,607.43,454.6,31.21,1824,0,,12,41,3,0,1,57,0,37,0
1700000012001,12.0,4358,134.99,406.66,194.45,1582,0,,24,38,5,0,2,69,0,37,0
1700000012068,12.07,4497,1597.32,585.26,448.19,1669,0,,21,25,5,0,2,53,1,37,0
1700000012134,12.13,4145,1402.34,707.82,24.39,2258,0,,26,60,3,0,3,92,0,38,0
1700000012201,12.2,4310,0.0,601.65,193.55,1935,0,,41,44,2,0,3,90,0,38,0
1700000012268,12.27,4435,442.45,577.77,58.13,2015,0,,38,54,2,0,1,95,0,38,1
1700000012334,12.33,4251,997.39,640.71,49.35,2128,0,,29,14,3,0,3,49,0,38,0
1700000012401,12.4,4302,0.0,544.6,264.6,1768,0,,35,14,4,0,3,56,0,39,0
1700000012468,12.47,4409,0.0,462.91,30.72,1839,0,,29,23,4,0,3,59,0,39,0
1700000012534,12.53,4320,869.9,523.96,26.11,1951,0,,39,58,3,0,3,103,0,39,1
1700000012601,12.6,4293,0.0,445.37,216.39,1633,0,,26,32,4,0,1,63,0,40,0
1700000012668,12.67,4438,0.0,378.56,40.4,1678,0,,43,53,3,0,1,100,0,40,0
1700000012734,12.73,4320,1004.89,472.51,191.7,1706,0,,39,68,3,0,1,111,0,40,0
1700000012801,12.8,4304,704.92,507.37,61.38,1890,0,,18,12,4,0,2,36,0,40,0
1700000012868,12.87,4226,0.0,431.27,209.53,1614,0,,34,43,3,0,4,84,1,41,0
1700000012934,12.93,4415,0.0,366.58,55.9,1641,0,,9,36,4,0,2,51,0,41,0
1700000013001,13.0,4341,547.44,393.71,47.51,1699,0,,20,73,3,0,3,99,0,41,0
1700000013068,13.07,4342,0.0,334.65,162.59,1479,0,,18,43,3,0,4,68,1,42,0
1700000013134,13.13,4521,0.0,284.45,64.36,1480,0,,11,54,5,0,2,72,1,43,0
1700000013201,13.2,4484,907.4,377.89,357.71,1369,0,,28,63,6,0,3,100,0,43,0
1700000013268,13.27,4400,1357.35,524.81,471.46,1535,0,,26,55,6,0,1,88,0,43,0
1700000013334,13.33,4303,1657.32,694.69,147.96,2133,0,,40,59,4,0,1,104,0,43,0
1700000013401,13.4,4179,224.97,624.23,244.2,1929,0,,4,63,3,0,4,74,1,44,0
1700000013468,13.47,4273,0.0,530.6,257.79,1750,0,,42,24,4,0,4,74,0,44,0
1700000013534,13.53,4333,0.0,451.01,219.12,1641,0,,37,22,2,0,2,63,0,44,0
1700000013601,13.6,4312,0.0,383.36,186.26,1547,0,,28,50,4,0,3,85,0,44,0
1700000013668,13.67,4458,0.0,325.85,49.26,1572,0,,6,35,2,0,1,44,0,44,0
1700000013734,13.73,4317,929.9,416.46,41.87,1745,0,,34,47,5,0,1,87,0,44,0
1700000013801,13.8,4334,0.0,353.99,48.99,1624,0,,9,59,3,0,4,75,0,44,0
1700000013868,13.87,4321,989.89,449.38,41.64,1805,0,,8,73,3,0,1,85,0,44,0
1700000013934,13.93,4202,0.0,381.97,170.52,1560,0,,16,55,2,0,4,77,0,44,0
1700000014001,14.0,4358,67.49,334.8,74.63,1564,0,,36,50,2,0,2,90,0,44,1
1700000014068,14.07,4193,314.97,331.82,78.5,1555,0,,26,59,5,0,1,91,0,44,0
1700000014134,14.13,4316,0.0,282.05,1.91,1536,0,,13,36,5,0,2,56,1,44,0
1700000014201,14.2,4328,622.43,333.11,205.86,1433,0,,13,45,5,0,3,66,0,44,0
1700000014268,14.27,4233,914.9,420.38,36.03,1758,0,,10,29,4,0,1,44,0,44,0
1700000014334,14.33,4206,0.0,357.32,173.61,1510,0,,42,65,3,0,2,112,1,44,0
1700000014401,14.4,4301,0.0,303.72,132.5,1450,0,,9,65,5,0,4,83,0,44,1
1700000014468,14.47,4334,67.49,268.29,45.66,1468,0,,26,12,4,0,4,46,1,44,0
1700000014534,14.53,4292,299.97,273.04,53.88,1469,0,,6,67,2,0,3,78,0,44,0
1700000014601,14.6,4294,0.0,232.08,74.26,1371,0,,37,26,3,0,3,69,0,44,0
1700000014668,14.67,4297,172.48,223.14,63.12,1365,0,,7,62,6,0,3,78,0,44,0
1700000014734,14.73,4271,0.0,189.67,92.15,1273,0,,37,65,5,0,1,108,0,44,0
1700000014801,14.8,4374,0.0,161.22,145.99,1164,0,,7,68,6,0,4,85,0,45,0
1700000014868,14.87,4340,1004.89,287.77,124.09,1428,0,,33,44,4,0,3,84,0,45,0
1700000014934,14.93,4240,0.0,244.61,100.43,1369,0,,24,16,4,0,1,45,0,46,0
1700000015001,15.0,4394,82.49,220.29,162.4,1262,0,,37,15,4,0,2,58,0,46,0
1700000015068,15.07,4229,1109.88,353.73,282.0,1398,0,,28,64,5,0,3,100,0,46,0
1700000015135,15.14,4246,727.42,409.78,8.06,1765,0,,26,71,6,0,1,104,0,46,0
1700000015201,15.2,4132,0.0,348.31,169.23,1498,0,,3,44,6,0,3,56,0,46,0
1700000015268,15.27,4334,0.0,296.07,124.0,1444,0,,38,20,5,0,3,66,0,46,0
1700000015335,15.34,4273,1199.87,431.64,192.45,1631,0,,19,15,2,0,1,37,0,46,0
1700000015401,15.4,4174,389.96,425.38,104.26,1703,0,,7,31,4,0,2,44,0,46,0
1700000015468,15.47,4221,0.0,361.58,16.84,1669,0,,43,44,4,0,1,92,0,46,0
1700000015535,15.54,4419,862.4,436.7,297.23,1539,0,,27,59,6,0,1,93,0,46,0
1700000015601,15.6,4106,1267.36,561.3,60.13,1985,0,,18,47,2,0,2,69,0,46,1
1700000015668,15.67,4250,0.0,477.1,54.46,1843,0,,8,43,6,0,3,60,0,48,0
1700000015735,15.74,4111,1282.36,597.89,46.29,2059,0,,39,61,3,0,2,105,0,48,0
1700000015801,15.8,4079,0.0,508.21,246.92,1719,0,,16,18,3,0,1,38,0,48,0
1700000015868,15.87,4280,0.0,431.98,157.98,1664,0,,30,73,6,0,3,112,0,48,0
1700000015935,15.94,4268,232.47,402.05,134.29,1632,0,,34,18,3,0,1,56,2,48,0
1700000016001,16.0,4249,0.0,341.74,166.04,1489,0,,3,15,2,0,2,22,0,48,0
1700000016068,16.07,4298,0.0,290.48,2.19,1552,0,,7,27,2,0,3,39,0,48,0
1700000016135,16.14,4318,622.43,340.27,1.86,1644,0,,38,23,4,0,4,69,0,48,0
1700000016201,16.2,4215,0.0,289.23,90.3,1464,0,,24,15,5,0,4,48,0,49,0
1700000016268,16.27,4335,224.97,279.59,187.74,1350,0,,3,71,4,0,1,79,0,49,0
1700000016335,16.34,4185,1184.87,415.39,271.74,1524,0,,21,53,4,0,2,80,0,50,0
1700000016401,16.4,4177,727.42,462.19,33.52,1835,0,,5,49,4,0,3,61,1,50,0
1700000016468,16.47,4088,0.0,392.86,190.87,1560,0,,16,64,2,0,3,85,0,50,0
1700000016535,16.54,4280,0.0,333.93,28.6,1607,0,,44,27,2,0,1,74,0,50,0
1700000016601,16.6,4183,854.9,412.08,82.9,1699,0,,41,63,2,0,2,108,0,50,0
1700000016668,16.67,4166,262.47,389.64,120.38,1622,0,,21,64,4,0,1,90,0,50,0
1700000016735,16.74,4148,0.0,331.19,95.62,1537,0,,22,40,4,0,1,67,0,50,0
1700000016801,16.8,4201,292.47,325.38,87.8,1534,0,,16,46,4,0,2,68,0,50,0
1700000016868,16.87,4109,757.42,390.19,9.34,1728,0,,16,30,3,0,1,50,0,51,1
1700000016935,16.94,4100,0.0,331.66,161.14,1474,0,,21,67,5,0,4,97,0,52,0
1700000017001,17.0,4211,0.0,281.91,136.97,1404,0,,39,68,2,0,4,113,0,52,0
1700000017068,17.07,4129,0.0,239.62,116.42,1344,0,,23,38,3,0,1,65,0,53,0
1700000017135,17.14,4237,0.0,203.68,32.0,1359,0,,40,19,6,0,1,66,1,53,0
1700000017201,17.2,4276,299.97,218.12,108.4,1311,0,,40,42,6,0,3,91,0,53,0
1700000017268,17.27,4197,607.43,276.52,107.21,1423,0,,24,49,3,0,2,78,0,53,1
1700000017335,17.34,4195,367.46,290.16,44.47,1510,0,,37,39,6,0,2,84,0,53,0
1700000017401,17.4,4148,0.0,246.64,103.09,1371,0,,29,46,5,0,1,81,1,53,0
1700000017468,17.47,4207,74.99,220.89,87.63,1337,0,,35,59,5,0,4,103,0,53,0
1700000017535,17.54,4138,0.0,187.76,91.22,1270,0,,7,31,2,0,4,44,0,53,0
1700000017601,17.6,4253,0.0,159.59,91.54,1216,0,,13,57,2,0,1,73,0,53,1
1700000017668,17.67,4153,757.42,249.27,399.23,1081,0,,6,18,4,0,1,29,1,54,0
1700000017735,17.74,4152,1439.84,427.85,399.61,1423,0,,28,53,5,0,3,89,0,55,0
1700000017801,17.8,3961,1027.39,517.78,18.25,1947,0,,22,61,4,0,4,91,3,55,0
1700000017868,17.87,4015,0.0,440.12,213.83,1626,0,,42,71,6,0,3,122,0,55,0
1700000017935,17.94,4120,0.0,374.1,181.76,1534,0,,3,31,3,0,4,41,0,55,0
1700000018002,18.0,4079,0.0,317.98,154.49,1455,0,,19,36,4,0,3,62,1,55,0
1700000018068,18.07,4253,0.0,270.29,49.48,1468,0,,31,71,6,0,4,112,0,55,0
1700000018135,18.14,4124,809.91,351.23,170.96,1502,0,,22,13,6,0,1,42,1,55,0
1700000018202,18.2,4145,577.44,385.16,24.78,1705,0,,23,50,2,0,3,78,0,55,0
1700000018268,18.27,4047,269.97,367.88,107.84,1594,0,,12,37,2,0,1,52,0,55,0
1700000018335,18.34,4109,0.0,312.7,151.93,1448,0,,13,18,5,0,4,40,0,55,0
1700000018402,18.4,4128,0.0,265.79,83.94,1426,0,,31,67,2,0,1,101,0,55,1
1700000018468,18.47,4178,202.48,256.3,149.63,1343,0,,43,67,3,0,4,117,0,55,0
1700000018535,18.54,4101,989.89,366.34,81.98,1616,0,,34,63,5,0,2,104,0,55,0
1700000018602,18.6,4046,0.0,311.39,151.29,1446,0,,16,25,2,0,1,44,1,56,0
1700000018668,18.67,4164,0.0,264.68,5.33,1500,0,,6,53,5,0,1,65,2,56,0
1700000018735,18.74,4127,599.93,314.97,210.44,1395,0,,20,60,2,0,3,85,0,56,0
1700000018802,18.8,4084,922.4,406.08,44.95,1724,0,,20,30,2,0,3,55,0,56,0
1700000018868,18.87,4004,0.0,345.17,167.7,1493,0,,13,24,5,0,3,45,0,56,0
1700000018935,18.94,4193,0.0,293.39,147.06,1416,0,,31,21,5,0,2,59,1,56,0
1700000019002,19.0,4165,1297.36,443.99,237.17,1611,0,,22,31,2,0,2,57,0,56,0
1700000019068,19.07,4020,502.44,452.76,88.02,1768,0,,11,51,3,0,4,69,0,56,0
1700000019135,19.14,4098,0.0,384.84,26.27,1703,0,,21,60,2,0,1,84,0,56,0
1700000019202,19.2,4079,719.92,435.1,22.33,1797,1,Arah 10,16,29,3,0,4,52,0,56,0
1700000019268,19.27,4002,0.0,369.84,179.69,1528,1,Arah 10,9,42,4,0,2,57,1,56,0
1700000019335,19.34,4084,0.0,314.36,152.74,1450,1,Arah 10,9,16,3,0,2,30,0,56,0
1700000019402,19.4,4031,0.0,267.21,24.36,1487,1,Arah 10,33,39,4,0,1,77,0,56,0
1700000019468,19.47,4165,472.45,297.99,119.91,1451,1,Arah 10,42,67,4,0,2,115,0,56,0
1700000019535,19.54,3968,629.93,347.78,3.54,1656,1,Arah 10,15,59,4,0,2,80,0,56,0
1700000019602,19.6,4081,0.0,295.62,51.55,1513,1,Arah 10,43,67,5,0,4,119,0,56,0
1700000019668,19.67,4028,412.45,313.14,208.96,1393,1,Arah 10,30,71,6,0,4,111,1,56,1
1700000019735,19.74,4026,1132.37,436.03,98.94,1727,1,Arah 10,19,35,4,0,2,60,0,57,0
1700000019802,19.8,3877,59.99,379.62,168.69,1557,1,Arah 10,8,73,2,0,1,84,1,57,0
1700000019868,19.87,4018,0.0,322.68,15.65,1598,1,Arah 10,33,68,6,0,2,109,0,57,0
1700000019935,19.94,4200,772.41,390.14,217.54,1529,1,Arah 10,39,57,6,0,2,104,0,57,0
1700000020002,20.0,3915,914.9,468.85,12.48,1866,1,Arah 10,5,63,4,0,3,75,0,57,0
1700000020068,20.07,4078,0.0,398.53,77.57,1679,1,Arah 10,26,67,3,0,4,100,0,58,0
1700000020135,20.14,3982,1214.87,520.98,92.72,1885,1,Arah 10,38,24,5,0,3,70,1,58,0
1700000020202,20.2,3916,119.99,460.83,192.38,1684,1,Arah 10,39,17,4,0,2,62,0,58,0
1700000020268,20.27,3966,0.0,391.7,190.31,1559,1,Arah 10,6,15,4,0,4,29,0,58,0
1700000020335,20.34,4079,0.0,332.95,296.92,1344,1,Arah 10,12,50,2,0,1,65,0,58,0
1700000020402,20.4,4040,2054.77,591.22,252.39,1863,1,Arah 10,28,64,5,0,3,100,0,58,0
1700000020468,20.47,3805,0.0,502.54,244.16,1711,1,Arah 10,42,55,2,0,2,101,0,58,0
1700000020535,20.54,4044,0.0,427.16,58.55,1749,1,Arah 10,28,30,2,0,4,64,0,58,0
1700000020602,20.6,3892,667.43,463.2,49.76,1822,1,Arah 10,19,32,4,0,2,57,0,58,0
1700000020668,20.67,3955,0.0,393.72,72.43,1675,1,Arah 10,44,63,4,0,3,114,0,58,0
1700000020735,20.74,4001,532.44,414.53,115.88,1672,1,Arah 10,41,26,5,0,2,74,0,58,0
1700000020802,20.8,3884,794.91,471.58,116.91,1775,1,Arah 10,6,73,5,0,3,87,0,58,0
1700000020868,20.87,3895,614.93,493.09,78.07,1849,1,Arah 10,11,68,4,0,3,86,0,58,0
1700000020935,20.94,3802,0.0,419.12,203.63,1597,1,Arah 10,27,58,4,0,1,90,0,58,0
1700000021002,21.0,4061,0.0,356.25,200.22,1483,1,Arah 10,32,58,5,0,2,97,0,58,0
1700000021069,21.07,3988,1672.31,553.66,262.26,1787,1,Arah 10,22,44,6,0,4,76,0,58,0
1700000021135,21.14,3838,412.45,532.48,150.39,1853,1,Arah 10,33,55,4,0,3,95,0,58,0
1700000021202,21.2,3933,0.0,452.61,219.9,1643,1,Arah 10,39,25,5,0,3,72,1,58,0
1700000021269,21.27,3912,0.0,384.72,186.92,1549,1,Arah 10,27,50,4,0,3,84,1,59,0
1700000021335,21.34,3990,0.0,327.01,14.91,1607,1,Arah 10,37,36,4,0,3,80,0,59,0
1700000021402,21.4,4004,644.93,374.7,12.68,1697,1,Arah 10,20,52,5,0,2,79,0,59,1
1700000021469,21.47,3904,0.0,318.49,96.15,1513,1,Arah 10,3,21,3,0,2,29,0,59,0
1700000021535,21.54,4036,262.47,310.09,266.47,1330,1,Arah 10,12,47,3,0,1,63,0,59,1
1700000021602,21.6,3869,1559.83,497.55,167.91,1774,1,Arah 10,19,38,3,0,4,64,0,60,0
1700000021669,21.67,3828,0.0,422.92,205.48,1602,1,Arah 10,38,53,5,0,4,100,0,60,0
1700000021735,21.74,3882,0.0,359.48,174.66,1514,0,,27,57,3,0,4,91,0,60,0
1700000021802,21.8,4020,0.0,305.56,104.32,1481,0,,39,17,6,0,1,63,1,60,0
1700000021869,21.87,4045,1132.37,429.58,122.16,1694,0,,4,24,2,0,2,32,0,61,0
1700000021935,21.94,3869,149.98,387.64,11.76,1721,0,,41,70,4,0,2,117,0,61,0
1700000022002,22.0,4025,719.92,437.48,117.14,1713,0,,33,58,2,0,4,97,1,61,0
1700000022069,22.07,3773,629.93,466.35,61.14,1817,0,,5,63,2,0,4,74,0,61,0
1700000022135,22.14,3941,0.0,396.4,132.33,1623,0,,10,51,3,0,4,68,0,61,0
1700000022202,22.2,3980,269.97,377.43,332.82,1393,0,,21,26,6,0,4,57,0,61,1
1700000022269,22.27,3905,1994.78,620.04,416.82,1762,0,,42,69,2,0,2,115,0,62,0
1700000022335,22.34,3714,869.9,657.52,91.0,2120,0,,25,19,4,0,4,52,0,62,0
1700000022402,22.4,3789,0.0,558.89,271.54,1788,0,,6,72,5,0,2,85,0,62,0
1700000022469,22.47,4030,0.0,475.05,18.62,1872,0,,11,34,3,0,3,51,0,62,0
1700000022535,22.54,3870,1117.38,571.4,15.83,2041,0,,39,37,2,0,2,80,1,62,0
1700000022602,22.6,3881,0.0,485.69,53.51,1859,0,,13,54,6,0,3,76,0,62,1
1700000022669,22.67,3898,817.41,535.45,45.48,1953,0,,6,47,2,0,1,56,0,63,0
1700000022735,22.74,3772,0.0,455.13,221.13,1646,0,,5,67,4,0,3,79,0,64,0
1700000022802,22.8,3910,0.0,386.86,100.91,1635,0,,10,39,4,0,4,57,0,64,0
1700000022869,22.87,3861,389.96,387.33,85.77,1651,0,,18,43,5,0,2,68,0,64,0
1700000022935,22.94,3858,0.0,329.23,151.59,1479,0,,13,56,2,0,1,72,1,64,0
1700000023002,23.0,3926,37.5,285.47,128.85,1419,0,,31,48,3,0,1,83,0,64,0
1700000023069,23.07,3853,0.0,242.65,84.41,1381,0,,22,28,3,0,4,57,0,64,0
1700000023135,23.14,3937,149.98,228.75,147.55,1292,0,,38,67,2,0,3,110,0,65,0
1700000023202,23.2,3833,982.39,341.79,91.94,1561,0,,22,22,6,0,3,53,0,65,0
1700000023269,23.27,3806,0.0,290.53,141.15,1416,0,,10,19,2,0,1,32,0,65,0
1700000023335,23.34,3868,0.0,246.95,48.0,1425,0,,33,14,5,0,2,54,1,66,0
1700000023402,23.4,3896,322.46,258.27,158.41,1338,0,,12,58,6,0,4,80,1,66,0
1700000023469,23.47,3825,892.4,353.39,62.67,1610,0,,14,46,2,0,1,63,0,66,0
1700000023535,23.54,3777,0.0,300.38,145.94,1430,0,,33,50,5,0,1,89,0,67,0
1700000023602,23.6,3907,0.0,255.33,195.69,1296,0,,21,53,6,0,4,84,0,67,0
1700000023669,23.67,3792,1432.34,431.88,231.63,1593,0,,18,15,5,0,3,41,0,67,0
1700000023735,23.74,3716,292.47,410.97,122.86,1659,0,,44,58,3,0,4,109,0,67,1
1700000023802,23.8,3753,0.0,349.32,102.76,1564,0,,23,31,4,0,1,59,1,67,0
1700000023869,23.87,3811,299.97,341.92,55.54,1596,0,,27,28,5,0,4,64,0,67,0
1700000023935,23.94,3713,142.48,312.0,114.17,1483,0,,43,35,2,0,4,84,0,67,0
1700000024002,24.0,3792,0.0,265.2,128.85,1380,0,,12,21,2,0,4,39,1,67,0
1700000024069,24.07,3899,0.0,225.42,52.86,1380,0,,32,29,4,0,3,68,0,67,0
1700000024136,24.14,3918,727.42,300.72,401.5,1178,0,,24,51,3,0,1,79,2,68,0
1700000024202,24.2,3802,1597.32,495.21,178.9,1759,0,,20,17,5,0,4,46,0,69,0
1700000024269,24.27,3705,0.0,420.93,204.51,1599,0,,18,35,3,0,4,60,1,69,0
1700000024336,24.34,3820,0.0,357.79,173.84,1511,0,,5,23,6,0,1,35,0,69,0
1700000024402,24.4,3780,0.0,304.12,5.47,1574,0,,8,28,3,0,1,40,0,69,0
1700000024469,24.47,3965,637.43,354.12,134.3,1543,0,,25,39,3,0,3,70,0,69,0
1700000024536,24.54,3695,622.43,394.37,28.14,1718,0,,10,25,3,0,3,41,0,69,1
1700000024602,24.6,3882,0.0,335.21,44.72,1594,0,,30,23,5,0,3,61,0,69,0
1700000024669,24.67,3951,929.9,424.41,660.76,1158,0,,6,73,6,0,2,87,0,70,0
1700000024736,24.74,3758,2789.69,779.2,354.06,2096,0,,3,72,4,0,1,80,0,70,0
1700000024802,24.8,3579,0.0,662.32,321.79,1925,0,,30,68,6,0,4,108,1,70,0
1700000024869,24.87,3812,0.0,562.98,193.17,1867,0,,25,23,3,0,1,52,0,70,0
1700000024936,24.94,3834,359.96,532.52,1.81,1987,0,,31,24,3,0,4,62,0,70,0
1700000025002,25.0,3764,727.42,561.76,35.02,2008,0,,39,61,5,0,2,107,0,70,0
1700000025069,25.07,3737,209.98,508.99,6.33,1942,0,,27,40,4,0,4,75,0,71,0
1700000025136,25.14,3736,832.41,557.5,52.26,1985,0,,34,36,3,0,3,76,0,71,0
1700000025202,25.2,3626,0.0,473.88,230.24,1672,0,,15,22,2,0,4,43,1,71,0
1700000025269,25.27,3740,0.0,402.8,195.7,1574,0,,29,17,4,0,3,53,0,71,0
1700000025336,25.34,3647,0.0,342.38,166.35,1490,0,,11,27,4,0,3,45,1,71,0
1700000025402,25.4,3823,0.0,291.02,72.76,1484,0,,23,21,2,0,2,48,0,71,0
1700000025469,25.47,3781,307.47,293.49,249.53,1315,0,,22,54,6,0,1,83,0,71,0
1700000025536,25.54,3782,1394.84,458.69,275.71,1601,0,,12,49,4,0,2,67,0,72,0
1700000025602,25.6,3595,592.43,478.75,77.02,1825,0,,39,55,4,0,1,99,0,73,0
1700000025669,25.67,3703,0.0,406.94,197.71,1580,0,,38,49,4,0,1,92,0,73,0
1700000025736,25.74,3659,0.0,345.9,168.06,1494,0,,15,49,2,0,2,68,1,74,0
1700000025802,25.8,3790,0.0,294.01,11.16,1549,0,,8,20,5,0,2,35,1,74,0
1700000025869,25.87,3686,689.92,353.4,9.49,1661,0,,20,69,3,0,4,96,0,74,0
1700000025936,25.94,3698,0.0,300.39,145.95,1430,0,,14,27,5,0,1,47,1,74,0
1700000026002,26.0,3803,0.0,255.33,68.46,1421,0,,27,23,3,0,1,54,0,74,0
1700000026069,26.07,3791,862.4,346.39,267.45,1398,0,,17,54,2,0,2,75,0,74,0
1700000026136,26.14,3688,937.4,435.04,71.64,1751,0,,5,20,6,0,4,35,0,75,0
1700000026202,26.2,3666,164.98,394.53,148.36,1604,0,,24,48,2,0,4,78,0,76,1
1700000026269,26.27,3666,0.0,335.35,162.93,1480,0,,6,25,4,0,1,36,1,76,0
1700000026336,26.34,3692,0.0,285.05,138.49,1409,0,,34,13,5,0,3,55,0,77,0
1700000026402,26.4,3899,0.0,242.29,391.19,1076,0,,36,52,3,0,3,94,0,77,1
1700000026469,26.47,3713,2279.75,547.91,350.93,1693,0,,14,72,5,0,2,93,0,77,0
1700000026536,26.54,3595,82.49,478.1,210.62,1699,0,,39,48,2,0,1,90,0,77,0
1700000026602,26.6,3702,0.0,406.38,23.34,1745,0,,43,25,5,0,1,74,1,77,0
1700000026669,26.67,3677,779.91,462.41,199.46,1680,0,,37,47,4,0,1,89,1,79,0
1700000026736,26.74,3598,982.39,540.41,4.56,1998,0,,41,33,6,0,2,82,1,79,0
1700000026802,26.8,3546,0.0,459.35,223.18,1652,0,,34,46,5,0,1,86,0,79,0
1700000026869,26.87,3608,0.0,390.45,189.7,1557,0,,27,19,4,0,1,51,0,79,0
1700000026936,26.94,3701,0.0,331.88,21.23,1610,0,,5,47,2,0,4,58,0,79,0
1700000027003,27.0,3660,817.41,404.71,18.04,1747,0,,26,21,6,0,1,54,0,79,1
1700000027069,27.07,3592,0.0,344.0,148.72,1510,0,,25,29,2,0,4,60,0,79,0
1700000027136,27.14,3698,82.49,304.78,102.98,1481,0,,42,69,4,0,4,119,0,79,0
1700000027203,27.2,3581,104.99,274.81,105.94,1421,0,,8,49,4,0,2,63,0,79,0
1700000027269,27.27,3684,0.0,233.59,95.07,1354,0,,22,43,6,0,2,73,0,79,0
1700000027336,27.34,3610,82.49,210.92,163.6,1242,0,,30,44,5,0,2,81,0,79,0
1700000027403,27.4,3673,1094.88,343.52,120.64,1536,0,,36,29,3,0,4,72,0,80,0
1700000027469,27.47,3464,0.0,291.99,141.86,1418,0,,29,37,4,0,2,72,0,81,0
1700000027536,27.54,3673,0.0,248.19,8.32,1466,0,,32,66,3,0,4,105,0,81,0
1700000027603,27.6,3747,577.44,297.58,229.72,1343,0,,17,53,2,0,2,74,1,81,0
1700000027669,27.67,3596,997.39,402.55,66.36,1697,0,,36,51,4,0,2,93,0,81,0
1700000027736,27.74,3614,0.0,342.17,166.24,1489,0,,5,30,6,0,1,42,0,81,0
1700000027803,27.8,3730,0.0,290.84,141.31,1417,0,,27,40,3,0,4,74,0,81,0
1700000027869,27.87,3754,0.0,247.22,120.11,1355,0,,10,23,6,0,2,41,0,81,0
1700000027936,27.94,3781,0.0,210.13,25.13,1378,0,,30,34,4,0,4,72,0,81,0
1700000028003,28.0,3848,569.94,264.1,642.44,1000,0,,19,46,5,0,2,72,0,81,0
1700000028069,28.07,3705,2782.19,641.82,425.54,1793,0,,36,52,6,0,1,95,0,81,0
1700000028136,28.14,3477,30.0,550.04,259.36,1783,0,,40,28,4,0,3,75,0,81,0
1700000028203,28.2,3701,0.0,467.54,40.69,1838,0,,13,55,4,0,3,75,0,82,1
1700000028269,28.27,3561,1199.87,577.39,34.59,2035,0,,14,59,3,0,4,80,0,82,0
1700000028336,28.34,3541,0.0,490.78,238.45,1695,0,,22,21,5,0,4,52,0,82,0
1700000028403,28.4,3617,0.0,417.16,202.68,1594,0,,32,13,2,0,3,50,0,82,0
1700000028469,28.47,3611,0.0,354.59,81.88,1594,0,,27,28,4,0,4,63,0,82,0
1700000028536,28.54,3679,404.95,362.14,148.03,1544,0,,19,51,5,0,1,76,0,83,0
1700000028603,28.6,3557,974.89,454.05,35.43,1819,0,,10,20,2,0,4,36,0,83,0
1700000028669,28.67,3549,0.0,385.95,187.51,1551,0,,34,56,3,0,4,97,1,83,0
1700000028736,28.74,3587,0.0,328.05,159.39,1469,0,,21,22,4,0,1,48,0,85,0
1700000028803,28.8,3655,0.0,278.85,284.71,1252,0,,26,45,4,0,1,76,0,86,0
1700000028869,28.87,3702,1882.29,519.36,503.15,1494,0,,9,22,4,0,3,38,0,86,0
1700000028936,28.94,3404,1169.87,616.94,7.49,2125,0,,10,43,2,0,2,57,1,86,0
1700000029003,29.0,3546,0.0,524.4,254.78,1741,0,,2,69,3,0,4,78,0,86,0
1700000029069,29.07,3658,0.0,445.74,71.37,1771,1,Arah 10,7,41,4,0,3,55,1,86,0
1700000029136,29.14,3562,1289.86,572.36,136.0,1936,1,Arah 10,16,52,5,0,4,77,2,86,0
1700000029203,29.2,3486,337.46,537.12,172.34,1841,1,Arah 10,26,45,5,0,3,79,0,86,0
1700000029269,29.27,3517,0.0,456.55,221.82,1648,1,Arah 10,9,35,2,0,3,49,0,86,0
1700000029336,29.34,3534,0.0,388.07,151.72,1589,1,Arah 10,5,62,3,0,4,74,1,86,0
1700000029403,29.4,3554,164.98,354.61,18.47,1655,1,Arah 10,42,34,2,0,1,79,1,87,0
1700000029469,29.47,3512,494.94,375.66,1.04,1710,1,Arah 10,12,57,4,0,4,77,0,87,0
1700000029536,29.54,3488,239.97,355.31,109.6,1569,1,Arah 10,24,12,6,0,1,43,0,88,0
1700000029603,29.6,3480,0.0,302.01,146.73,1433,1,Arah 10,29,51,6,0,2,88,0,89,0
1700000029669,29.67,3590,0.0,256.71,153.17,1340,1,Arah 10,36,43,5,0,3,87,0,90,0
1700000029736,29.74,3494,1244.86,404.93,163.67,1609,1,Arah 10,26,28,2,0,3,59,0,90,0
1700000029803,29.8,3424,149.98,366.69,138.77,1562,1,Arah 10,23,34,5,0,2,64,0,90,0
1700000029869,29.87,3474,0.0,311.69,84.47,1512,1,Arah 10,25,70,3,0,4,102,0,91,0
1700000029936,29.94,3541,299.97,309.93,47.06,1544,1,Arah 10,37,21,2,0,1,61,0,91,0
1700000030003,30.0,3434,532.44,343.3,26.96,1626,1,Arah 10,20,13,5,0,1,39,1,91,0
1700000030070,30.07,3470,0.0,291.81,69.15,1489,1,Arah 10,32,19,5,0,1,57,0,92,1
1700000030136,30.14,3486,944.89,389.77,58.78,1681,1,Arah 10,34,47,5,0,1,87,0,92,0
1700000030203,30.2,3344,0.0,331.31,160.97,1474,1,Arah 10,35,67,4,0,3,109,0,92,0
1700000030270,30.27,3488,0.0,281.61,2.9,1534,1,Arah 10,42,23,2,0,4,71,0,92,0
1700000030336,30.34,3489,599.93,329.36,2.46,1623,1,Arah 10,20,26,4,0,2,52,0,92,0
1700000030403,30.4,3408,0.0,279.95,33.9,1501,1,Arah 10,19,31,2,0,2,54,0,93,0
1700000030470,30.47,3509,457.45,306.58,29.78,1555,1,Arah 10,17,59,6,0,4,86,0,93,0
1700000030536,30.54,3347,262.47,299.96,76.81,1497,1,Arah 10,11,13,6,0,4,34,0,93,0
1700000030603,30.6,3474,0.0,254.97,77.0,1412,1,Arah 10,37,21,6,0,1,65,0,93,0
1700000030670,30.67,3462,209.98,248.22,65.45,1411,1,Arah 10,39,20,6,0,3,68,0,93,0
1700000030736,30.74,3446,0.0,210.99,67.35,1338,1,Arah 10,8,51,6,0,3,68,0,93,0
1700000030803,30.8,3462,157.48,202.96,57.25,1333,1,Arah 10,27,68,5,0,2,102,0,93,0
1700000030870,30.87,3425,0.0,172.52,38.39,1293,1,Arah 10,42,27,4,0,2,75,0,93,0
1700000030936,30.94,3528,547.44,228.76,106.29,1333,1,Arah 10,27,16,3,0,3,49,0,93,0
1700000031003,31.0,3352,329.96,243.94,31.86,1435,1,Arah 10,10,34,6,0,4,54,0,93,0
1700000031070,31.07,3484,0.0,207.35,100.74,1298,1,Arah 10,38,42,4,0,2,86,0,94,0
1700000031136,31.14,3359,0.0,176.24,85.63,1253,1,Arah 10,20,68,6,0,4,98,0,94,0
1700000031203,31.2,3578,0.0,149.81,72.78,1215,1,Arah 10,44,15,2,0,1,62,1,94,0
1700000031270,31.27,3433,0.0,127.34,61.87,1183,1,Arah 10,16,68,5,0,3,92,0,94,0
1700000031336,31.34,3625,0.0,108.24,277.2,1000,1,Arah 10,34,25,4,0,3,66,0,94,0
1700000031403,31.4,3491,1477.34,313.6,235.62,1367,1,Arah 10,16,19,5,0,3,43,0,94,0
1700000031470,31.47,3428,0.0,266.56,129.51,1382,1,Arah 10,9,64,5,0,4,82,0,95,0
1700000031536,31.54,3552,0.0,226.58,199.62,1237,0,,36,12,2,0,3,53,0,95,0
1700000031603,31.6,3473,1387.35,400.69,375.58,1395,0,,39,66,3,0,3,111,0,95,0
1700000031670,31.67,3367,922.4,478.95,9.54,1887,0,,41,25,5,0,1,72,0,95,0
1700000031736,31.74,3350,0.0,407.11,42.11,1728,0,,9,71,2,0,1,83,0,95,0
1700000031803,31.8,3553,697.42,450.65,201.92,1657,0,,39,49,4,0,2,94,0,95,0
1700000031870,31.87,3257,1064.88,542.79,15.95,1992,0,,10,15,5,0,3,33,1,95,0
1700000031936,31.94,3411,0.0,461.37,199.05,1679,0,,25,61,5,0,3,94,0,95,0
1700000032003,32.0,3294,112.49,409.04,144.08,1635,0,,4,68,2,0,2,76,0,95,0
1700000032070,32.07,3396,112.49,364.55,147.58,1549,0,,35,63,4,0,4,106,0,95,0
1700000032136,32.14,3279,0.0,309.87,150.55,1444,0,,9,42,3,0,3,57,1,95,1
1700000032203,32.2,3494,0.0,263.39,44.27,1460,0,,41,34,4,0,1,80,0,95,0
1700000032270,32.27,3383,374.96,280.13,37.63,1498,0,,4,61,6,0,4,75,0,95,0
1700000032336,32.34,3444,0.0,238.11,65.46,1391,0,,10,36,4,0,4,54,1,96,0
1700000032403,32.4,3427,224.97,236.14,100.04,1354,0,,5,46,6,0,2,59,0,96,0
1700000032470,32.47,3414,697.42,305.33,123.54,1462,0,,41,34,5,0,1,81,0,96,0
1700000032536,32.54,3334,397.46,319.15,130.12,1481,0,,42,48,5,0,4,99,0,96,0
1700000032603,32.6,3361,809.91,392.76,82.14,1664,0,,44,39,6,0,4,93,0,96,0
1700000032670,32.67,3226,269.97,374.34,110.98,1603,0,,27,35,3,0,4,69,0,97,0
1700000032736,32.74,3325,0.0,318.19,154.6,1455,0,,6,61,4,0,4,75,0,97,0
1700000032803,32.8,3492,0.0,270.46,30.98,1486,0,,37,17,2,0,2,58,0,97,0
1700000032870,32.87,3443,727.42,339.01,302.55,1350,0,,41,53,4,0,1,99,0,97,0
1700000032936,32.94,3395,1237.36,473.76,106.5,1788,0,,18,35,6,0,4,63,0,97,0
1700000033003,33.0,3278,52.49,410.57,168.95,1614,0,,11,22,5,0,1,39,0,97,0
1700000033070,33.07,3388,74.99,360.23,105.11,1582,0,,41,48,6,0,1,96,0,97,0
1700000033137,33.14,3268,224.97,339.94,106.08,1543,0,,2,48,4,0,4,58,0,98,0
1700000033203,33.2,3358,0.0,288.95,140.39,1414,0,,25,70,3,0,1,99,0,98,0
1700000033270,33.27,3448,0.0,245.61,94.95,1377,0,,33,36,3,0,2,74,0,98,0
1700000033337,33.34,3401,959.89,352.75,172.78,1503,0,,44,47,2,0,1,94,1,98,0
1700000033403,33.4,3320,412.45,361.71,67.42,1621,0,,5,28,5,0,3,41,0,99,0
1700000033470,33.47,3346,0.0,307.45,149.38,1440,0,,26,57,6,0,4,93,0,99,0
1700000033537,33.54,3369,0.0,261.33,73.92,1427,0,,2,59,5,0,1,67,0,99,0
1700000033603,33.6,3397,899.9,357.12,367.5,1320,0,,34,26,5,0,3,68,0,99,0
1700000033670,33.67,3249,1364.85,508.28,111.49,1845,0,,21,40,6,0,4,71,0,99,0
1700000033737,33.74,3215,0.0,432.04,209.91,1615,0,,39,25,6,0,1,71,1,99,0
1700000033803,33.8,3353,0.0,367.23,178.42,1524,0,,40,30,5,0,1,76,1,99,0
1700000033870,33.87,3282,0.0,312.15,25.79,1569,0,,25,49,6,0,3,83,0,99,0
1700000033937,33.94,3358,794.91,384.56,21.92,1706,0,,16,50,3,0,3,72,0,99,0
1700000034003,34.0,3176,0.0,326.88,158.82,1468,0,,36,67,4,0,4,111,0,99,0
1700000034070,34.07,3363,0.0,277.85,39.57,1492,0,,4,69,4,0,3,80,0,99,0
1700000034137,34.14,3238,427.45,300.29,11.56,1561,0,,40,45,2,0,2,89,0,100,0
1700000034203,34.2,3306,202.48,285.62,48.76,1497,0,,8,41,5,0,4,58,0,100,0
1700000034270,34.27,3211,164.98,267.52,53.17,1459,0,,23,40,5,0,1,69,0,100,0
1700000034337,34.34,3284,149.98,249.89,82.02,1397,0,,30,50,6,0,1,87,1,101,0
1700000034403,34.4,3191,0.0,212.41,103.2,1305,0,,35,55,4,0,3,97,0,101,0
1700000034470,34.47,3370,0.0,180.55,71.32,1276,0,,2,74,6,0,1,83,0,101,1
1700000034537,34.54,3268,712.42,260.33,246.44,1255,0,,38,50,2,0,2,92,0,101,0
1700000034603,34.6,3275,832.41,346.14,50.44,1609,0,,4,25,2,0,3,34,0,102,0
1700000034670,34.67,3157,0.0,294.22,142.95,1422,0,,12,58,5,0,3,78,1,103,0
1700000034737,34.74,3450,0.0,250.09,81.05,1399,0,,5,70,4,0,3,82,0,103,0
1700000034803,34.8,3307,907.4,348.68,68.9,1596,0,,34,19,3,0,2,58,0,103,0
1700000034870,34.87,3329,0.0,296.38,80.32,1487,0,,38,69,6,0,3,116,0,103,0
1700000034937,34.94,3318,1004.89,402.66,100.08,1665,0,,18,23,5,0,4,50,1,103,0
1700000035003,35.0,3195,142.48,363.63,139.25,1556,0,,19,66,3,0,1,89,0,103,0
1700000035070,35.07,3299,0.0,309.09,146.82,1446,0,,25,67,3,0,1,96,0,103,0
1700000035137,35.14,3342,15.0,264.97,111.41,1397,0,,36,51,3,0,2,92,0,103,0
1700000035203,35.2,3297,59.99,234.23,96.37,1354,0,,24,46,3,0,4,77,0,103,0
1700000035270,35.27,3334,7.5,200.22,93.86,1291,0,,15,52,4,0,4,75,0,103,1
1700000035337,35.34,3296,847.41,297.3,78.11,1491,0,,34,54,2,0,3,93,0,103,0
1700000035403,35.4,3221,0.0,252.7,122.78,1363,0,,44,37,5,0,3,89,0,103,0
1700000035470,35.47,3344,0.0,214.8,70.88,1342,0,,9,39,2,0,3,53,0,103,0
1700000035537,35.54,3247,149.98,205.07,58.61,1335,0,,37,27,5,0,1,70,0,104,0
1700000035603,35.6,3324,532.44,254.18,352.82,1137,0,,36,29,4,0,1,70,0,104,0
1700000035670,35.67,3176,1507.33,442.15,181.04,1661,0,,7,60,6,0,2,75,0,104,0
1700000035737,35.74,3123,0.0,375.83,182.6,1536,0,,36,37,2,0,3,78,0,104,0
1700000035803,35.8,3259,0.0,319.45,41.37,1568,0,,44,14,5,0,2,65,0,105,0
1700000035870,35.87,3303,509.94,348.03,35.17,1627,0,,22,67,2,0,3,94,0,105,0
1700000035937,35.94,3191,0.0,295.82,140.38,1427,0,,6,37,3,0,4,50,0,105,0
1700000036004,36.0,3361,15.0,253.7,31.34,1454,0,,39,20,5,0,3,67,0,106,0
1700000036070,36.07,3189,674.92,316.88,23.29,1580,0,,6,48,3,0,1,58,1,106,0
1700000036137,36.14,3271,0.0,269.35,158.74,1359,0,,5,59,5,0,2,71,0,106,0
1700000036204,36.2,3197,1297.36,423.55,252.12,1558,0,,43,14,4,0,4,65,1,106,0
1700000036270,36.27,3098,524.94,438.76,75.31,1754,0,,39,38,6,0,3,86,0,107,0
1700000036337,36.34,3127,0.0,372.95,152.74,1560,0,,9,56,3,0,3,71,0,107,0
1700000036404,36.4,3121,127.49,336.13,129.83,1513,0,,30,23,5,0,3,61,0,107,1
1700000036470,36.47,3110,0.0,285.71,62.07,1485,0,,28,30,5,0,4,67,0,107,0
1700000036537,36.54,3138,899.9,377.84,52.76,1665,0,,23,38,5,0,2,68,1,107,0
1700000036604,36.6,2990,0.0,321.16,156.04,1460,0,,7,51,4,0,1,63,0,107,0
1700000036670,36.67,3304,0.0,272.99,153.63,1371,0,,43,14,4,0,1,62,0,107,0
1700000036737,36.74,3281,1282.36,424.39,266.18,1546,0,,29,43,6,0,1,79,0,107,0
1700000036804,36.8,3133,607.43,451.85,60.01,1792,0,,12,53,2,0,4,71,0,107,0
1700000036870,36.87,3200,0.0,384.07,66.07,1664,0,,13,59,3,0,2,77,0,107,0
1700000036937,36.94,3201,539.94,407.45,51.14,1720,0,,30,18,4,0,1,53,0,107,0
1700000037004,37.0,3128,22.5,349.71,164.0,1506,0,,25,43,2,0,1,71,0,107,0
1700000037070,37.07,3198,0.0,297.25,144.42,1426,0,,11,27,3,0,1,42,0,107,0
1700000037137,37.14,3170,0.0,252.66,18.97,1464,0,,19,67,3,0,3,92,0,107,0
1700000037204,37.2,3202,464.95,284.51,35.77,1508,0,,28,53,4,0,2,87,0,109,0
1700000037270,37.27,3108,232.47,276.7,73.38,1457,0,,13,51,5,0,3,72,1,109,0
1700000037337,37.34,3171,0.0,235.2,227.23,1226,0,,23,16,3,0,4,46,0,109,0
1700000037404,37.4,3264,1529.83,429.39,548.05,1279,0,,32,25,5,0,3,65,0,109,0
1700000037470,37.47,2967,1589.82,603.46,124.33,2000,0,,38,38,3,0,2,81,0,109,0
1700000037537,37.54,3052,0.0,512.94,249.21,1726,0,,26,54,5,0,3,88,0,110,0
1700000037604,37.6,3132,0.0,436.0,211.83,1620,0,,6,42,3,0,4,55,0,110,0
1700000037670,37.67,3071,0.0,370.6,103.05,1603,0,,41,60,4,0,1,106,0,111,0
1700000037737,37.74,3180,344.96,366.75,87.59,1611,0,,10,46,3,0,1,60,0,111,1
1700000037804,37.8,3025,0.0,311.74,151.46,1446,0,,15,45,5,0,3,68,0,111,0
1700000037870,37.87,3226,0.0,264.98,75.49,1432,0,,38,59,3,0,1,101,0,111,0
1700000037937,37.94,3182,914.9,362.47,241.62,1454,0,,24,18,2,0,4,48,0,112,0
1700000038004,38.0,3104,794.91,427.33,135.07,1677,0,,39,28,2,0,2,71,0,113,0
1700000038070,38.07,3076,599.93,453.22,62.64,1792,0,,9,53,4,0,2,68,0,113,0
1700000038137,38.14,3024,0.0,385.24,100.12,1633,0,,3,29,2,0,2,36,1,113,0
1700000038204,38.2,3229,389.96,385.95,3.07,1727,0,,3,38,3,0,4,48,0,113,0
1700000038270,38.27,2972,367.46,383.17,89.66,1639,0,,23,35,6,0,1,65,0,113,0
1700000038337,38.34,3180,0.0,325.7,107.93,1515,0,,12,35,3,0,2,52,0,114,0
1700000038404,38.4,3152,1192.37,455.7,146.99,1718,0,,3,66,5,0,1,75,0,114,0
1700000038470,38.47,3021,247.47,424.46,141.24,1666,0,,21,45,3,0,2,71,0,114,0
1700000038537,38.54,3119,0.0,360.79,2.15,1682,0,,36,37,4,0,2,79,1,114,0
1700000038604,38.6,3066,794.91,425.91,95.58,1712,0,,5,27,2,0,1,35,0,114,0
1700000038670,38.67,3013,419.95,425.02,20.98,1780,0,,8,72,6,0,4,90,0,114,0
1700000038737,38.74,3010,524.94,440.01,75.92,1756,0,,3,73,2,0,1,79,0,114,0
1700000038804,38.8,2943,0.0,374.01,181.71,1534,0,,12,52,3,0,3,70,0,115,0
1700000038870,38.87,3106,0.0,317.91,265.73,1346,1,Arah 10,39,72,6,0,2,119,1,116,0
1700000038937,38.94,3135,1882.29,552.56,306.23,1744,1,Arah 10,44,34,2,0,3,83,1,116,1
1700000039004,39.0,2855,359.96,523.67,159.9,1828,1,Arah 10,3,14,3,0,4,24,0,116,0
1700000039071,39.07,3087,0.0,445.12,47.19,1792,1,Arah 10,5,12,5,0,1,23,1,116,0
1700000039137,39.14,3032,757.42,491.97,40.11,1882,1,Arah 10,7,49,5,0,1,62,1,116,0
1700000039204,39.2,2986,0.0,418.17,74.72,1718,1,Arah 10,2,54,5,0,3,64,0,116,0
1700000039271,39.27,3122,1244.86,542.17,167.3,1854,1,Arah 10,21,34,3,0,3,61,0,116,0
1700000039337,39.34,2820,464.95,530.59,135.68,1863,1,Arah 10,7,74,5,0,3,89,0,116,0
1700000039404,39.4,3060,0.0,451.0,219.12,1641,1,Arah 10,11,50,4,0,4,69,0,116,0
1700000039471,39.47,3067,0.0,383.35,186.25,1547,1,Arah 10,26,44,6,0,4,80,0,116,0
1700000039537,39.54,3095,0.0,325.85,27.5,1593,1,Arah 10,24,37,2,0,2,65,0,116,0
1700000039604,39.6,3172,832.41,401.83,338.1,1434,1,Arah 10,22,41,4,0,2,69,0,117,0
1700000039671,39.67,2984,1409.84,553.03,101.57,1933,1,Arah 10,26,35,5,0,3,69,0,117,1
1700000039737,39.74,2984,0.0,470.08,228.39,1667,1,Arah 10,18,25,3,0,3,49,0,117,1
1700000039804,39.8,3087,0.0,399.57,130.52,1631,1,Arah 10,4,37,3,0,1,45,0,117,0
1700000039871,39.87,3084,284.97,382.38,69.86,1657,1,Arah 10,15,24,6,0,2,47,1,117,0
1700000039937,39.94,3049,809.91,446.51,117.97,1728,1,Arah 10,2,19,4,0,1,26,2,118,0
1700000040004,40.0,2976,547.44,461.65,52.06,1817,1,Arah 10,40,53,3,0,1,97,0,118,0
1700000040071,40.07,2976,127.49,411.52,166.46,1618,1,Arah 10,37,24,2,0,2,65,0,118,0
1700000040137,40.14,2959,0.0,349.79,2.48,1661,1,Arah 10,39,43,6,0,3,91,0,119,0
1700000040204,40.2,3014,772.41,413.19,87.48,1697,1,Arah 10,19,71,6,0,1,97,0,120,0
1700000040271,40.27,2856,382.46,408.58,98.07,1678,1,Arah 10,33,51,3,0,4,91,0,120,0
1700000040337,40.34,2963,0.0,347.29,168.73,1496,1,Arah 10,12,32,6,0,2,52,0,120,0
1700000040404,40.4,3019,0.0,295.2,143.42,1423,1,Arah 10,5,39,3,0,4,51,0,121,0
1700000040471,40.47,2995,0.0,250.92,121.91,1360,1,Arah 10,40,72,5,0,3,120,0,121,0
1700000040537,40.54,3033,0.0,213.28,8.2,1401,1,Arah 10,17,71,5,0,4,97,0,121,0
1700000040604,40.6,3039,427.45,245.41,6.42,1463,1,Arah 10,23,44,3,0,3,73,0,122,0
1700000040671,40.67,2976,59.99,217.59,236.48,1183,1,Arah 10,24,67,5,0,4,100,1,122,0
1700000040737,40.74,3031,1462.34,404.31,189.29,1583,1,Arah 10,17,68,5,0,2,92,0,122,0
1700000040804,40.8,2781,7.5,344.78,165.55,1495,1,Arah 10,37,50,5,0,1,93,0,122,0
1700000040871,40.87,3030,0.0,293.07,107.04,1455,1,Arah 10,38,73,2,0,4,117,0,122,0
1700000040937,40.94,2913,1117.38,416.71,90.99,1700,1,Arah 10,25,12,2,0,1,40,1,122,0
1700000041004,41.0,2881,0.0,354.21,172.09,1506,1,Arah 10,2,43,4,0,3,52,0,122,0
1700000041071,41.07,2913,0.0,301.08,127.86,1449,1,Arah 10,31,36,5,0,2,74,0,122,0
1700000041137,41.14,2894,82.49,268.29,108.69,1406,1,Arah 10,3,13,6,0,4,26,0,122,0
1700000041204,41.2,2902,0.0,228.04,110.8,1328,1,Arah 10,42,46,6,0,1,95,0,122,0
1700000041271,41.27,2926,0.0,193.84,94.18,1279,1,Arah 10,4,61,4,0,3,72,0,122,0
1700000041337,41.34,2926,0.0,164.76,23.13,1293,1,Arah 10,24,12,3,0,1,40,0,122,0
1700000041404,41.4,2938,254.97,178.29,48.97,1294,0,,26,53,4,0,2,85,0,122,0
1700000041471,41.47,2892,307.47,197.67,15.29,1364,0,,19,53,3,0,2,77,0,122,0
1700000041537,41.54,2897,0.0,168.02,110.88,1213,0,,26,18,6,0,1,51,1,122,0
1700000041604,41.6,2932,862.4,272.18,291.79,1233,0,,31,70,3,0,2,106,1,122,1
1700000041671,41.67,2782,884.9,364.09,55.5,1637,0,,18,55,6,0,4,83,0,122,0
1700000041737,41.74,2814,0.0,309.47,150.36,1443,0,,16,17,4,0,3,40,0,122,0
1700000041804,41.8,2862,0.0,263.05,52.99,1451,0,,16,64,2,0,1,83,1,122,0
1700000041871,41.87,2965,809.91,345.08,152.18,1508,0,,7,17,3,0,3,30,0,123,0
1700000041937,41.94,2754,479.95,365.31,51.44,1643,0,,31,33,4,0,3,71,0,123,0
1700000042004,42.0,2901,0.0,310.51,150.87,1445,0,,23,73,4,0,3,103,1,123,0
1700000042071,42.07,3062,0.0,263.94,280.23,1228,0,,37,17,6,0,4,64,0,123,0
1700000042138,42.14,2943,1829.8,498.82,402.25,1554,0,,36,42,4,0,2,84,0,123,0
1700000042204,42.2,2818,734.92,534.23,66.55,1932,0,,38,16,3,0,4,61,0,123,0
1700000042271,42.27,2845,0.0,454.1,220.63,1645,0,,25,62,2,0,3,92,0,123,0
1700000042338,42.34,2826,0.0,385.98,187.53,1551,0,,31,19,2,0,2,54,0,123,0
1700000042404,42.4,2994,0.0,328.08,19.72,1605,0,,17,45,3,0,3,68,0,123,0
1700000042471,42.47,2874,802.41,399.23,16.76,1738,0,,8,57,6,0,1,72,0,123,0
1700000042538,42.54,2887,0.0,339.35,164.87,1485,0,,26,49,6,0,4,85,0,123,0
1700000042604,42.6,2963,0.0,288.45,82.51,1470,0,,34,21,6,0,1,62,1,124,0
1700000042671,42.67,2897,997.39,394.79,118.68,1633,0,,6,71,3,0,3,83,0,124,0
1700000042738,42.74,2830,217.48,368.19,2.11,1695,0,,37,50,5,0,1,93,0,125,0
1700000042804,42.8,2868,554.94,396.2,46.76,1704,0,,39,70,4,0,2,115,0,125,0
1700000042871,42.87,2756,0.0,336.77,163.62,1482,0,,44,28,6,0,1,79,0,126,0
1700000042938,42.94,2887,0.0,286.26,133.79,1415,0,,21,55,2,0,3,81,0,126,0
1700000043004,43.0,2846,1222.36,426.67,135.48,1676,0,,9,51,5,0,4,69,0,126,0
1700000043071,43.07,2724,97.49,377.3,157.71,1563,0,,37,18,2,0,3,60,1,127,0
1700000043138,43.14,2833,0.0,320.7,155.81,1459,0,,33,50,5,0,1,89,0,127,0
1700000043204,43.2,2892,0.0,272.6,1.48,1519,0,,38,59,6,0,4,107,0,127,0
1700000043271,43.27,2898,599.93,321.7,23.02,1590,0,,17,13,3,0,1,34,0,127,0
1700000043338,43.34,2812,97.49,288.07,114.36,1438,0,,12,23,6,0,1,42,1,127,0
1700000043404,43.4,2885,0.0,244.86,110.59,1360,0,,10,12,4,0,1,27,0,127,0
1700000043471,43.47,2869,37.5,213.75,170.49,1241,0,,23,41,4,0,3,71,0,127,0
1700000043538,43.54,2880,1184.87,359.42,332.41,1359,0,,15,24,2,0,3,44,1,128,0
1700000043604,43.6,2711,877.4,437.12,18.05,1805,0,,43,16,3,0,4,66,0,128,0
1700000043671,43.67,2763,0.0,371.55,133.65,1576,0,,18,33,2,0,3,56,0,128,0
1700000043738,43.74,2855,209.98,347.31,165.97,1499,0,,30,18,2,0,1,51,0,128,0
1700000043804,43.8,2735,1252.36,483.07,94.2,1816,0,,4,34,6,0,4,48,0,128,0
1700000043871,43.87,2688,0.0,410.61,199.5,1585,0,,4,16,2,0,3,25,0,128,0
1700000043938,43.94,2873,0.0,349.02,156.18,1512,0,,43,24,2,0,2,71,0,128,0
1700000044004,44.0,2814,59.99,305.66,132.75,1453,0,,12,62,5,0,3,82,0,128,0
1700000044071,44.07,2865,0.0,259.81,126.23,1373,0,,40,46,6,0,1,93,0,128,0
1700000044138,44.14,2836,0.0,220.84,35.31,1388,0,,16,14,3,0,3,36,0,129,0
1700000044204,44.2,2865,322.46,236.09,97.21,1356,0,,26,17,5,0,2,50,0,129,1
1700000044271,44.27,2793,569.94,286.16,10.65,1535,0,,21,23,6,0,1,51,0,129,0
1700000044338,44.34,2789,0.0,243.24,12.4,1453,0,,35,20,2,0,4,61,0,129,0
1700000044404,44.4,2806,584.94,294.49,92.57,1471,0,,28,14,4,0,3,49,0,129,0
1700000044471,44.47,2711,367.46,305.44,51.9,1531,0,,22,19,5,0,3,49,0,131,0
1700000044538,44.54,2757,0.0,259.62,84.29,1414,0,,41,69,4,0,1,115,0,131,0
1700000044604,44.6,2799,187.48,248.8,77.35,1400,0,,24,23,6,0,3,56,1,131,0
1700000044671,44.67,2732,667.43,311.59,23.89,1570,0,,22,49,4,0,4,79,0,131,0
1700000044738,44.74,2710,0.0,264.86,128.68,1380,0,,28,29,4,0,3,64,0,131,1
1700000044804,44.8,2753,0.0,225.13,52.46,1379,0,,30,18,4,0,3,55,1,131,0
1700000044871,44.87,2751,254.97,229.6,44.59,1396,0,,11,46,4,0,2,63,0,131,0
1700000044938,44.94,2719,0.0,195.16,54.64,1320,0,,19,35,2,0,3,59,0,131,0
1700000045005,45.01,2767,179.98,192.89,46.45,1324,0,,39,26,5,0,2,72,0,131,0
1700000045071,45.07,2695,0.0,163.95,79.66,1236,0,,32,48,3,0,2,85,1,131,0
1700000045138,45.14,2939,0.0,139.36,188.42,1080,0,,12,55,5,0,3,75,1,132,0
1700000045205,45.21,2756,1147.37,290.56,280.69,1279,0,,26,70,3,0,4,103,0,133,0
1700000045271,45.27,2786,539.94,327.97,81.23,1545,0,,7,53,6,0,1,67,0,133,0
1700000045338,45.34,2684,442.45,345.14,51.49,1606,0,,27,30,4,0,4,65,0,133,0
1700000045405,45.41,2727,0.0,293.37,113.59,1449,0,,32,15,2,0,1,50,0,134,0
1700000045471,45.47,2692,1147.37,421.47,96.55,1703,0,,30,36,2,0,1,69,0,134,0
1700000045538,45.54,2574,0.0,358.25,174.06,1512,0,,29,26,3,0,4,62,0,134,0
1700000045605,45.61,2876,0.0,304.51,69.68,1512,0,,42,58,6,0,4,110,0,135,0
1700000045671,45.67,2721,974.89,405.07,59.23,1708,0,,25,47,5,0,1,78,0,136,0
1700000045738,45.74,2746,0.0,344.31,117.3,1541,0,,30,12,3,0,2,47,0,137,1
1700000045805,45.81,2735,1274.86,483.89,99.71,1813,0,,28,44,6,0,4,82,0,138,0
1700000045871,45.87,2576,0.0,411.31,199.84,1586,0,,19,37,5,0,2,63,0,138,0
1700000045938,45.94,2799,0.0,349.61,139.73,1529,0,,34,56,5,0,2,97,0,138,0
1700000046005,46.01,2782,134.99,317.42,257.89,1353,0,,10,61,6,0,2,79,0,138,0
1700000046071,46.07,2781,1687.31,522.9,572.43,1433,0,,4,66,4,0,1,75,0,138,0
1700000046138,46.14,2557,1717.31,702.06,109.91,2178,0,,15,52,5,0,4,76,0,138,0
1700000046205,46.21,2552,0.0,596.75,289.94,1838,0,,6,47,2,0,3,58,0,138,0
1700000046271,46.27,2650,0.0,507.24,162.74,1796,0,,25,72,5,0,2,104,0,138,0
1700000046338,46.34,2757,374.96,487.4,27.4,1886,0,,10,39,3,0,4,56,0,138,0
1700000046405,46.41,2600,742.42,525.65,60.41,1923,0,,26,65,2,0,4,97,0,138,0
1700000046471,46.47,2658,0.0,446.8,93.2,1752,0,,13,57,2,0,3,75,0,139,0
1700000046538,46.54,2665,554.94,463.02,140.08,1738,0,,26,64,6,0,2,98,1,139,0
1700000046605,46.61,2584,982.39,540.93,4.81,1999,0,,33,21,2,0,2,58,0,139,0
1700000046671,46.67,2534,0.0,459.79,223.39,1653,0,,8,22,5,0,3,38,0,139,0
1700000046738,46.74,2750,0.0,390.82,57.88,1684,0,,24,59,5,0,4,92,0,139,0
1700000046805,46.81,2688,1109.88,498.68,132.9,1809,0,,6,19,2,0,2,29,0,139,0
1700000046871,46.87,2602,374.96,480.12,134.8,1773,0,,9,55,5,0,4,73,0,139,0
1700000046938,46.94,2638,0.0,408.1,198.28,1581,0,,31,55,4,0,4,94,1,139,0
1700000047005,47.01,2754,0.0,346.89,64.16,1597,0,,38,38,5,0,2,83,0,140,0
1700000047071,47.07,2707,1042.38,451.21,262.11,1600,0,,17,51,3,0,1,72,1,141,0
1700000047138,47.14,2615,929.9,523.01,9.9,1964,0,,26,72,5,0,2,105,0,141,0
1700000047205,47.21,2583,0.0,444.56,215.99,1632,0,,35,56,4,0,3,98,0,142,0
1700000047271,47.27,2695,0.0,377.88,64.16,1654,0,,44,72,3,0,3,122,0,142,0
1700000047338,47.34,2662,1109.88,487.68,208.55,1718,0,,29,37,6,0,1,73,0,144,0
1700000047405,47.41,2547,689.92,518.01,70.49,1900,0,,23,15,3,0,3,44,0,144,0
1700000047471,47.47,2570,0.0,440.31,80.0,1753,0,,19,15,4,0,1,39,0,144,0
1700000047538,47.54,2579,599.93,464.26,68.0,1807,0,,4,25,3,0,4,36,0,144,1
1700000047605,47.61,2490,0.0,394.62,191.73,1563,0,,30,44,2,0,3,79,0,144,0
1700000047671,47.67,2631,0.0,335.42,162.97,1480,0,,23,71,5,0,4,103,0,145,0
1700000047738,47.74,2566,0.0,285.11,138.52,1409,0,,29,61,4,0,2,96,1,145,0
1700000047805,47.81,2659,0.0,242.34,114.4,1351,0,,41,47,3,0,3,94,0,146,0
1700000047871,47.87,2574,15.0,208.24,97.24,1303,0,,8,71,2,0,3,84,1,146,0
1700000047938,47.94,2657,0.0,177.01,49.17,1291,0,,31,39,4,0,4,78,0,147,0
1700000048005,48.01,2703,164.98,175.2,105.52,1232,0,,22,12,3,0,4,41,0,147,0
1700000048072,48.07,2635,659.93,247.91,108.11,1368,0,,31,55,4,0,3,93,0,147,0
1700000048138,48.14,2615,247.47,247.85,279.39,1198,0,,14,22,3,0,1,40,0,147,0
1700000048205,48.21,2602,1499.83,435.64,200.65,1630,0,,16,72,3,0,4,95,0,147,0
1700000048272,48.27,2415,82.49,382.67,142.5,1588,0,,5,28,3,0,1,37,0,148,0
1700000048338,48.34,2591,97.49,339.89,39.09,1608,0,,7,60,4,0,1,72,0,148,0
1700000048405,48.41,2402,449.95,356.4,54.99,1623,0,,35,54,6,0,3,98,0,149,0
1700000048472,48.47,2531,0.0,302.94,147.19,1434,0,,29,12,6,0,2,49,0,150,0
1700000048538,48.54,2671,0.0,257.5,86.61,1407,0,,4,54,5,0,3,66,0,150,0
1700000048605,48.61,2597,172.48,244.75,33.52,1435,0,,26,62,6,0,4,98,0,151,1
1700000048672,48.67,2648,479.95,280.03,103.83,1433,0,,37,42,3,0,2,84,0,151,0
1700000048738,48.74,2533,509.94,314.51,18.89,1580,1,Arah 10,21,40,4,0,1,66,1,151,0
1700000048805,48.81,2580,0.0,267.34,27.77,1483,1,Arah 10,10,73,4,0,4,91,0,151,0
1700000048872,48.87,2746,457.45,295.85,1.51,1562,1,Arah 10,30,69,2,0,4,105,0,151,0
1700000048938,48.94,2519,112.49,268.35,100.84,1414,1,Arah 10,8,42,3,0,2,55,0,151,1
1700000049005,49.01,2731,0.0,228.1,277.56,1162,1,Arah 10,13,20,5,0,2,40,1,151,0
1700000049072,49.07,2612,1739.81,454.85,436.81,1437,1,Arah 10,39,35,4,0,1,79,0,151,0
1700000049138,49.14,2499,899.9,521.61,17.09,1955,1,Arah 10,30,62,5,0,3,100,1,151,0
1700000049205,49.21,2492,0.0,443.37,215.41,1630,1,Arah 10,2,15,4,0,1,22,0,151,0
1700000049272,49.27,2540,0.0,376.86,178.08,1543,1,Arah 10,14,46,6,0,4,70,0,151,0
1700000049338,49.34,2502,22.5,323.71,151.37,1469,1,Arah 10,38,21,2,0,1,62,0,151,0
1700000049405,49.41,2537,0.0,275.15,58.83,1468,1,Arah 10,23,54,3,0,1,81,0,151,0
1700000049472,49.47,2507,862.4,363.24,50.01,1641,1,Arah 10,18,18,5,0,2,43,0,151,0
1700000049538,49.54,2422,0.0,308.75,150.01,1442,1,Arah 10,38,20,6,0,3,67,0,151,0
1700000049605,49.61,2611,0.0,262.44,314.44,1191,1,Arah 10,3,63,3,0,1,70,0,151,0
1700000049672,49.67,2457,1979.78,520.04,267.27,1721,1,Arah 10,36,66,4,0,2,108,0,151,0
1700000049738,49.74,2347,0.0,442.04,214.77,1628,1,Arah 10,18,71,4,0,2,95,0,151,0
1700000049805,49.81,2520,0.0,375.73,182.55,1536,1,Arah 10,16,31,6,0,1,54,0,151,0
1700000049872,49.87,2628,0.0,319.37,76.49,1534,1,Arah 10,20,18,4,0,2,44,0,152,1
1700000049938,49.94,2535,352.46,324.33,28.19,1589,1,Arah 10,31,13,4,0,3,51,0,152,0
1700000050005,50.01,2581,164.98,300.43,102.64,1473,1,Arah 10,21,70,5,0,3,99,0,152,0
1700000050072,50.07,2513,0.0,255.37,124.07,1366,1,Arah 10,7,68,5,0,4,84,0,152,0
1700000050138,50.14,2655,0.0,217.06,334.81,1084,1,Arah 10,44,61,6,0,4,115,0,152,0
1700000050205,50.21,2519,1972.28,480.34,448.65,1474,1,Arah 10,32,30,6,0,3,71,0,152,0
1700000050272,50.27,2392,734.92,518.53,58.92,1912,1,Arah 10,6,26,5,0,2,39,1,154,0
1700000050338,50.34,2421,0.0,440.75,214.14,1627,1,Arah 10,20,53,2,0,1,76,0,154,0
1700000050405,50.41,2429,0.0,374.64,91.62,1622,1,Arah 10,9,52,6,0,1,68,0,155,0
1700000050472,50.47,2584,404.96,379.19,173.23,1552,1,Arah 10,11,59,3,0,4,77,0,156,0
1700000050538,50.54,2375,1124.88,491.04,108.74,1817,1,Arah 10,27,73,2,0,3,105,0,156,0
1700000050605,50.61,2434,232.47,452.25,158.68,1700,1,Arah 10,29,35,2,0,2,68,0,157,0
1700000050672,50.67,2344,0.0,384.42,186.77,1548,1,Arah 10,5,42,6,0,4,57,0,157,0
1700000050738,50.74,2479,0.0,326.75,184.42,1442,1,Arah 10,38,52,6,0,4,100,0,157,1
1700000050805,50.81,2346,1537.33,508.34,156.76,1804,1,Arah 10,17,67,2,0,1,87,1,157,0
1700000050872,50.87,2274,0.0,432.09,209.93,1615,1,Arah 10,13,62,4,0,4,83,0,157,0
1700000050938,50.94,2609,0.0,367.28,218.31,1486,1,Arah 10,39,74,4,0,2,119,0,157,0
1700000051005,51.01,2414,1777.3,578.78,185.56,1902,1,Arah 10,28,67,5,0,3,103,0,157,0
1700000051072,51.07,2372,0.0,491.96,239.02,1697,1,Arah 10,41,37,6,0,3,87,0,157,0
1700000051139,51.14,2523,0.0,418.17,151.27,1645,1,Arah 10,12,46,4,0,3,65,0,157,0
1700000051205,51.21,2406,232.47,390.31,97.41,1645,0,,21,43,4,0,3,71,0,157,0
1700000051272,51.27,2492,1012.39,483.63,220.07,1700,0,,32,34,3,0,4,73,0,157,0
1700000051339,51.34,2271,847.41,538.19,38.93,1964,0,,21,72,4,0,1,98,0,157,0
1700000051405,51.41,2379,0.0,457.46,222.26,1650,0,,40,26,5,0,3,74,0,158,0
1700000051472,51.47,2401,0.0,388.84,188.92,1555,0,,22,17,5,0,4,48,0,158,0
1700000051539,51.54,2521,0.0,330.52,160.58,1473,0,,8,34,5,0,4,51,0,158,0
1700000051605,51.61,2415,0.0,280.94,136.5,1403,0,,8,23,6,0,2,39,0,158,0
1700000051672,51.67,2543,0.0,238.8,190.33,1269,0,,43,36,5,0,4,88,0,158,0
1700000051739,51.74,2512,1372.35,408.83,312.44,1472,0,,10,48,2,0,1,61,0,158,0
1700000051805,51.81,2360,674.93,448.75,40.77,1805,0,,38,62,3,0,1,104,0,158,0
1700000051872,51.87,2422,0.0,381.43,185.32,1544,0,,9,55,2,0,4,70,0,158,0
1700000051939,51.94,2367,0.0,324.22,157.52,1464,0,,36,46,6,0,1,89,0,158,0
1700000052005,52.01,2432,0.0,275.59,133.9,1395,0,,17,66,6,0,3,92,0,158,0
1700000052072,52.07,2405,0.0,234.25,23.41,1425,0,,19,44,5,0,1,69,0,158,0
1700000052139,52.14,2469,404.96,259.85,221.16,1279,0,,15,58,3,0,4,80,0,158,0
1700000052205,52.21,2351,1079.88,382.86,323.59,1412,0,,20,33,6,0,3,62,0,158,0
1700000052272,52.27,2325,1012.39,477.29,33.99,1862,0,,7,36,4,0,4,51,1,158,0
1700000052339,52.34,2216,0.0,405.69,197.11,1578,0,,4,64,6,0,4,78,0,158,0
1700000052405,52.41,2395,0.0,344.84,167.54,1493,0,,16,49,2,0,1,68,0,158,0
1700000052472,52.47,2347,0.0,293.11,142.41,1420,0,,44,12,4,0,2,62,0,158,0
1700000052539,52.54,2521,0.0,249.15,23.95,1453,0,,42,35,6,0,4,87,0,158,0
1700000052605,52.61,2362,434.95,277.02,20.36,1509,0,,36,60,6,0,1,103,0,158,1
1700000052672,52.67,2463,0.0,235.46,87.62,1365,0,,32,49,5,0,2,88,0,158,1
1700000052739,52.74,2419,119.99,218.14,195.05,1225,0,,17,54,4,0,2,77,0,158,0
1700000052805,52.81,2447,1207.37,366.53,262.89,1441,0,,10,47,5,0,3,65,0,158,0
1700000052872,52.87,2258,554.94,394.79,46.07,1702,0,,38,67,2,0,3,110,0,159,0
1700000052939,52.94,2373,0.0,335.57,134.58,1508,0,,35,30,2,0,2,69,0,159,0
1700000053005,53.01,2297,127.49,304.36,114.39,1469,0,,42,18,4,0,4,68,0,159,0
1700000053072,53.07,2356,0.0,258.7,125.69,1371,0,,9,34,2,0,1,46,0,159,0
1700000053139,53.14,2325,0.0,219.9,46.57,1375,0,,10,16,2,0,2,30,0,159,0
1700000053205,53.21,2442,269.97,227.41,355.49,1083,0,,26,29,6,0,3,64,0,159,0
1700000053272,53.27,2289,1769.8,458.77,265.34,1611,0,,38,43,6,0,4,91,0,159,0
1700000053339,53.34,2206,104.99,405.7,169.54,1605,0,,31,50,2,0,2,85,0,159,0
1700000053405,53.41,2275,0.0,344.85,167.55,1493,0,,39,54,3,0,3,99,1,159,0
1700000053472,53.47,2379,0.0,293.12,142.41,1420,0,,8,21,4,0,4,37,0,159,0
1700000053539,53.54,2296,0.0,249.15,121.05,1358,0,,30,31,2,0,3,66,0,160,0
1700000053605,53.61,2475,0.0,211.78,257.03,1151,0,,38,50,6,0,2,96,2,160,0
1700000053672,53.67,2407,1612.32,421.86,387.55,1423,0,,39,71,2,0,2,114,0,160,0
1700000053739,53.74,2260,757.42,472.19,30.5,1856,0,,27,62,4,0,4,97,0,161,0
1700000053805,53.81,2306,0.0,401.36,30.99,1728,0,,31,16,3,0,3,53,0,161,0
1700000053872,53.87,2316,1012.39,493.02,58.15,1867,0,,37,39,4,0,2,82,0,162,0
1700000053939,53.94,2171,142.48,440.44,176.57,1662,0,,29,20,6,0,4,59,0,162,0
1700000054006,54.01,2297,0.0,374.37,181.89,1534,0,,3,51,6,0,2,62,0,162,0
1700000054072,54.07,2207,0.0,318.22,154.61,1455,0,,37,71,6,0,1,115,0,162,0
1700000054139,54.14,2346,0.0,270.48,131.42,1388,0,,43,64,3,0,4,114,0,162,0
1700000054206,54.21,2247,0.0,229.91,111.7,1330,0,,10,63,3,0,1,77,0,163,0
1700000054272,54.27,2365,0.0,195.42,31.33,1344,0,,36,56,2,0,1,95,0,164,0
1700000054339,54.34,2298,284.97,208.86,26.63,1374,0,,38,57,3,0,1,99,0,164,0
1700000054406,54.41,2327,0.0,177.53,19.21,1322,0,,15,58,2,0,1,76,0,164,0
1700000054472,54.47,2341,472.45,221.77,284.18,1143,0,,31,72,2,0,2,107,0,164,0
1700000054539,54.54,2264,1199.87,368.48,236.53,1470,0,,42,74,6,0,2,124,1,164,0
1700000054606,54.61,2181,449.95,380.7,66.8,1657,0,,20,71,2,0,4,97,0,164,0
1700000054672,54.67,2204,0.0,323.6,53.71,1564,0,,28,66,6,0,1,101,0,164,0
1700000054739,54.74,2205,944.89,416.79,45.65,1742,0,,42,32,3,0,4,81,1,164,0
1700000054806,54.81,2078,0.0,354.27,172.13,1506,0,,6,43,4,0,1,54,0,164,0
1700000054872,54.87,2249,0.0,301.13,146.31,1431,0,,24,33,5,0,2,64,0,164,0
1700000054939,54.94,2179,0.0,255.96,124.36,1367,0,,15,39,4,0,1,59,1,166,0
1700000055006,55.01,2339,0.0,217.57,260.91,1158,0,,6,43,4,0,2,55,0,166,0
1700000055072,55.07,2198,1642.32,431.28,221.77,1602,0,,44,12,5,0,1,62,0,166,0
1700000055139,55.14,2120,0.0,366.59,178.11,1523,0,,30,21,4,0,2,57,0,166,0
1700000055206,55.21,2294,0.0,311.6,151.39,1446,0,,29,42,4,0,1,76,0,166,0
1700000055272,55.27,2159,0.0,264.86,128.68,1380,0,,14,44,5,0,3,66,0,166,0
1700000055339,55.34,2332,0.0,225.13,238.82,1195,0,,13,14,6,0,4,37,0,167,0
1700000055406,55.41,2180,1559.83,425.34,203.0,1609,0,,4,16,5,0,3,28,0,167,0
1700000055472,55.47,2124,0.0,361.53,175.65,1516,0,,35,66,3,0,1,105,0,168,0
1700000055539,55.54,2197,0.0,307.3,149.31,1440,0,,20,28,2,0,4,54,0,168,0
1700000055606,55.61,2157,0.0,261.21,126.91,1375,0,,8,48,2,0,3,61,0,168,0
1700000055672,55.67,2243,0.0,222.03,143.23,1284,0,,24,45,5,0,4,78,0,168,0
1700000055739,55.74,2214,1124.87,357.45,197.08,1488,0,,7,24,2,0,1,34,0,168,0
1700000055806,55.81,2093,337.46,354.46,80.24,1595,0,,23,14,4,0,3,44,0,168,0
1700000055872,55.87,2169,15.0,303.54,143.54,1439,0,,35,59,4,0,4,102,0,168,0
1700000055939,55.94,2091,0.0,258.01,125.35,1370,0,,2,23,5,0,1,31,0,168,0
1700000056006,56.01,2241,0.0,219.31,106.55,1315,0,,44,33,4,0,3,84,0,168,0
1700000056072,56.07,2181,0.0,186.41,90.57,1268,0,,28,38,4,0,3,73,0,168,0
1700000056139,56.14,2301,0.0,158.45,48.57,1256,0,,29,22,6,0,3,60,0,168,0
1700000056206,56.21,2194,562.44,219.05,165.16,1256,0,,39,14,5,0,3,61,0,168,0
1700000056272,56.27,2226,554.94,269.43,399.87,1120,0,,16,39,3,0,4,62,1,168,0
1700000056339,56.34,2120,1724.81,487.74,216.01,1711,0,,32,19,2,0,4,57,2,168,0
1700000056406,56.41,1996,0.0,414.58,201.42,1590,0,,42,57,4,0,2,105,0,169,1
1700000056472,56.47,2306,0.0,352.39,83.24,1589,0,,10,18,6,0,3,37,0,169,0
1700000056539,56.54,2187,1139.87,470.51,306.8,1593,0,,14,58,4,0,4,80,1,169,0
1700000056606,56.61,2154,1057.38,558.54,6.32,2028,0,,36,64,3,0,4,107,0,169,0
1700000056672,56.67,2046,0.0,474.76,136.92,1762,0,,2,43,2,0,4,51,0,169,0
1700000056739,56.74,2261,419.95,466.54,116.38,1766,0,,26,73,4,0,2,105,0,170,0
1700000056806,56.81,1990,0.0,396.56,152.49,1604,0,,28,70,2,0,3,103,0,170,0
1700000056872,56.87,2338,179.98,364.07,193.47,1504,0,,23,20,6,0,2,51,0,170,0
1700000056939,56.94,1966,1447.34,526.56,124.27,1866,0,,19,58,6,0,2,85,0,170,0
1700000057006,57.01,2145,0.0,447.58,217.46,1636,0,,11,22,3,0,2,38,1,170,0
1700000057073,57.07,2124,0.0,380.44,184.84,1543,0,,18,64,2,0,4,88,1,170,0
1700000057139,57.14,2216,0.0,323.38,72.23,1545,0,,31,44,6,0,2,83,0,170,0
1700000057206,57.21,2155,1027.39,428.98,76.46,1736,0,,28,55,3,0,3,89,0,170,0
1700000057273,57.27,2079,67.49,374.75,32.1,1679,0,,40,20,4,0,2,66,0,170,0
1700000057339,57.34,2146,592.43,407.41,7.87,1761,0,,19,35,5,0,3,62,0,170,0
1700000057406,57.41,2000,224.97,380.04,125.56,1599,0,,31,39,2,0,1,73,0,170,0
1700000057473,57.47,2116,0.0,323.04,156.95,1462,0,,21,60,4,0,4,89,0,170,0
1700000057539,57.54,2254,0.0,274.58,320.26,1209,0,,36,27,6,0,3,72,0,170,0
1700000057606,57.61,2287,2032.27,538.23,603.68,1432,0,,5,23,4,0,1,33,0,171,0
1700000057673,57.67,1983,1484.83,680.22,59.46,2185,1,Arah 10,2,60,5,92,3,162,0,171,0
1700000057739,57.74,2089,0.0,578.19,237.39,1854,0,,12,69,3,0,2,86,0,172,0
1700000057806,57.81,2190,194.98,520.71,175.0,1809,0,,28,42,3,0,3,76,0,173,0
1700000057873,57.87,2063,119.99,460.6,192.27,1684,0,,18,42,3,0,1,64,0,173,0
1700000057939,57.94,2174,0.0,391.51,79.3,1665,0,,29,34,4,0,4,71,0,173,0
1700000058006,58.01,2094,1207.37,513.89,112.61,1854,0,,13,52,2,0,1,68,0,175,0
1700000058073,58.07,2013,202.48,467.18,173.81,1713,0,,34,47,3,0,4,88,0,175,0
1700000058139,58.14,2067,0.0,397.1,92.49,1662,0,,39,30,3,0,4,76,0,175,0
1700000058206,58.21,2169,449.95,405.03,62.0,1706,0,,6,65,3,0,1,75,0,175,0
1700000058273,58.27,2007,629.93,438.76,47.74,1780,0,,6,51,2,0,1,60,1,177,0
1700000058339,58.34,2085,0.0,372.95,161.11,1552,0,,37,74,6,0,1,118,0,177,0
1700000058406,58.41,2023,89.99,330.5,136.94,1496,0,,15,54,6,0,2,77,0,177,0
1700000058473,58.47,2073,0.0,280.93,45.98,1491,0,,13,46,2,0,2,63,1,177,0
1700000058539,58.54,2051,817.41,361.4,39.08,1648,1,Arah 10,31,61,4,0,2,98,1,177,0
1700000058606,58.61,1964,0.0,307.19,149.25,1440,1,Arah 10,8,51,4,0,4,67,0,178,0
1700000058673,58.67,2158,0.0,261.11,167.77,1334,1,Arah 10,10,66,6,0,3,85,0,179,0
1700000058739,58.74,2153,1319.85,419.92,142.6,1657,1,Arah 10,2,71,4,0,4,81,0,179,0
1700000058806,58.81,1982,0.0,356.93,173.42,1510,1,Arah 10,15,64,4,0,1,84,1,179,0
1700000058873,58.87,2164,0.0,303.39,103.88,1477,1,Arah 10,12,60,6,0,3,81,0,179,0
1700000058939,58.94,2195,194.98,287.13,172.85,1379,1,Arah 10,34,53,5,0,4,96,0,179,0
1700000059006,59.01,2138,1169.87,419.54,496.8,1311,1,Arah 10,17,30,4,0,1,52,0,180,0
1700000059073,59.07,2039,1762.3,620.96,161.13,1997,1,Arah 10,35,29,4,0,1,69,0,180,0
1700000059139,59.14,1903,0.0,527.81,256.44,1746,1,Arah 10,35,52,5,0,3,95,0,180,0
1700000059206,59.21,2088,0.0,448.64,217.98,1638,1,Arah 10,12,36,4,0,3,55,0,180,0
1700000059273,59.27,2055,0.0,381.35,185.28,1544,1,Arah 10,13,37,6,0,4,60,0,180,0
1700000059339,59.34,2090,0.0,324.14,157.49,1464,1,Arah 10,8,57,6,0,4,75,1,180,0
1700000059406,59.41,2060,0.0,275.52,35.21,1492,1,Arah 10,28,31,6,0,2,67,1,180,0
1700000059473,59.47,2138,757.42,347.81,234.17,1434,1,Arah 10,11,12,2,0,2,27,0,180,0
1700000059539,59.54,1959,914.9,432.87,101.95,1719,1,Arah 10,36,29,5,0,2,72,0,181,0
1700000059606,59.61,2016,322.46,416.31,117.58,1674,1,Arah 10,38,53,6,0,2,99,0,181,0
1700000059673,59.67,1916,0.0,353.86,171.93,1506,1,Arah 10,13,20,4,0,4,41,0,181,0
1700000059739,59.74,2028,0.0,300.78,65.78,1509,1,Arah 10,42,26,4,0,2,74,0,182,0
1700000059806,59.81,2005,359.96,309.66,54.24,1537,1,Arah 10,3,18,4,0,3,28,0,184,0
1700000059873,59.87,1980,7.5,264.34,96.33,1411,1,Arah 10,22,72,6,0,3,103,0,184,0
1700000059939,59.94,2004,134.99,244.93,184.3,1287,1,Arah 10,3,21,3,0,1,28,0,185,0
1700000060006,60.01,1962,1199.87,388.17,203.53,1539,1,Arah 10,4,16,6,0,4,30,0,185,0
1700000060073,60.07,1844,344.96,381.69,94.85,1632,1,Arah 10,32,62,4,0,2,100,0,186,0
1700000060140,60.14,1916,0.0,324.44,157.63,1464,1,Arah 10,33,53,6,0,4,96,0,186,0
1700000060206,60.21,1955,0.0,275.77,133.99,1395,1,Arah 10,9,51,6,0,1,67,0,186,0
1700000060273,60.27,2014,0.0,234.41,113.89,1337,1,Arah 10,37,18,4,0,2,61,0,186,0
1700000060340,60.34,2028,0.0,199.25,19.8,1362,1,Arah 10,36,28,3,0,1,68,0,186,0
1700000060406,60.41,2088,344.96,221.1,147.23,1278,1,Arah 10,29,22,3,0,3,57,0,186,0
1700000060473,60.47,1982,734.92,298.18,48.14,1521,1,Arah 10,22,39,2,0,4,67,0,186,0
1700000060540,60.54,1990,0.0,253.45,54.5,1431,1,Arah 10,42,36,4,0,1,83,0,186,0
1700000060606,60.61,2121,307.47,261.55,131.12,1371,1,Arah 10,38,55,3,0,1,97,0,186,0
1700000060673,60.67,1949,794.91,341.56,59.56,1591,1,Arah 10,16,23,5,0,3,47,0,187,0
1700000060740,60.74,2015,74.99,301.57,126.83,1451,1,Arah 10,12,20,3,0,1,36,0,188,0
1700000060806,60.81,1939,0.0,256.34,54.23,1437,1,Arah 10,15,24,3,0,2,44,0,188,0
1700000060873,60.87,2033,314.97,265.13,183.25,1327,1,Arah 10,38,40,5,0,3,86,0,188,0
1700000060940,60.94,1897,1027.39,379.47,85.45,1637,1,Arah 10,6,36,5,0,1,48,0,188,0
1700000061006,61.01,1896,0.0,322.55,156.71,1462,1,Arah 10,19,28,2,0,2,51,0,188,0
1700000061073,61.07,1910,0.0,274.17,76.29,1449,0,,44,25,2,0,4,75,0,188,0
1700000061140,61.14,1998,254.97,271.29,48.99,1470,0,,21,22,2,0,1,46,0,189,0
1700000061206,61.21,1876,509.94,307.09,28.25,1557,0,,5,21,4,0,3,33,1,189,0
1700000061273,61.27,1930,194.98,290.27,255.03,1304,0,,27,33,4,0,4,68,0,189,0
1700000061340,61.34,1850,1544.83,478.45,173.25,1734,0,,23,17,4,0,3,47,0,189,0
1700000061406,61.41,1724,0.0,406.69,197.59,1579,0,,15,49,4,0,2,70,0,189,0
1700000061473,61.47,1972,0.0,345.68,167.95,1494,0,,41,30,2,0,2,75,0,189,0
1700000061540,61.54,1872,0.0,293.83,142.76,1421,0,,24,67,3,0,2,96,1,189,0
1700000061606,61.61,1978,0.0,249.76,32.67,1446,0,,14,36,4,0,3,57,0,189,0
1700000061673,61.67,2009,689.92,315.78,151.65,1454,0,,44,14,2,0,3,63,0,189,0
1700000061740,61.74,1886,554.94,351.65,25.11,1643,0,,24,63,3,0,3,93,1,190,0
1700000061806,61.81,1935,0.0,298.91,145.23,1428,0,,31,16,4,0,2,53,0,191,0
1700000061873,61.87,2137,0.0,254.07,261.59,1228,0,,11,68,3,0,3,85,0,191,0
1700000061940,61.94,1982,1724.81,474.68,455.04,1457,0,,3,25,2,0,1,31,1,191,0
1700000062006,62.01,1907,1042.38,559.84,117.27,1931,1,Arah 10,13,74,2,199,1,289,0,191,0
1700000062073,62.07,1843,517.44,553.48,133.02,1906,1,Arah 10,14,62,2,113,3,194,0,191,0
1700000062140,62.14,1838,0.0,470.46,211.83,1683,0,,7,57,3,0,3,70,0,191,0
1700000062206,62.21,1899,74.99,411.14,133.19,1649,0,,21,17,4,0,4,46,0,191,0
1700000062273,62.27,1828,209.98,380.96,129.95,1597,0,,11,72,6,0,4,93,0,191,0
1700000062340,62.34,1871,0.0,323.82,110.46,1509,0,,21,56,4,0,4,85,0,191,0
1700000062406,62.41,1869,209.98,306.74,93.89,1493,0,,30,72,5,0,3,110,0,191,0
1700000062473,62.47,1843,0.0,260.73,59.72,1440,0,,5,49,2,0,4,60,0,191,0
1700000062540,62.54,1933,299.97,266.62,74.8,1436,0,,24,41,2,0,4,71,0,191,0
1700000062606,62.61,1803,562.44,310.99,10.01,1582,0,,14,70,2,0,2,88,0,191,0
1700000062673,62.67,1858,59.99,273.34,46.74,1476,0,,42,21,5,0,3,71,0,192,0
1700000062740,62.74,1795,314.96,279.58,51.45,1483,0,,24,69,3,0,2,98,1,192,0
1700000062806,62.81,1816,7.5,238.77,95.62,1363,0,,36,53,6,0,1,96,0,192,0
1700000062873,62.87,1794,82.49,215.33,82.95,1331,0,,44,48,5,0,3,100,0,192,0
1700000062940,62.94,1805,0.0,183.03,25.31,1326,0,,41,21,6,0,3,71,0,194,0
1700000063007,63.01,1863,284.97,198.32,21.52,1359,0,,36,27,5,0,3,71,0,194,0
1700000063073,63.07,1767,0.0,168.57,81.9,1242,0,,12,46,3,0,3,64,0,194,0
1700000063140,63.14,1876,0.0,143.29,69.62,1206,0,,22,49,6,0,4,81,0,195,0
1700000063207,63.21,1807,0.0,121.79,59.17,1175,0,,43,20,2,0,4,69,0,196,0
1700000063273,63.27,1891,0.0,103.52,155.61,1044,0,,41,65,6,0,4,116,0,196,0
1700000063340,63.34,1840,922.4,226.36,477.12,1000,0,,31,50,6,0,4,91,0,197,0
1700000063407,63.41,1768,1544.83,424.13,199.65,1610,0,,31,35,2,0,2,70,0,197,0
1700000063473,63.47,1634,0.0,360.51,175.15,1515,0,,32,51,5,0,3,91,0,198,0
1700000063540,63.54,1821,0.0,306.43,148.88,1439,0,,40,42,5,0,3,90,0,199,1
1700000063607,63.61,1922,0.0,260.47,310.38,1192,0,,2,69,4,0,3,78,0,199,0
1700000063673,63.67,1955,1957.28,514.99,580.22,1411,0,,26,16,4,0,1,47,2,199,0
1700000063740,63.74,1661,1417.34,650.34,56.26,2138,1,Arah 10,35,37,2,178,1,253,0,199,0
1700000063807,63.81,1766,0.0,552.79,268.58,1779,1,Arah 10,42,48,5,201,1,297,1,199,0
1700000063873,63.87,1751,0.0,469.87,228.29,1667,0,,33,15,3,0,4,55,0,199,0
1700000063940,63.94,1831,0.0,399.39,117.33,1643,0,,4,67,4,0,3,78,1,199,0
1700000064007,64.01,1872,1394.85,548.71,218.58,1819,0,,17,59,5,0,4,85,0,200,0
1700000064073,64.07,1645,532.44,546.27,125.58,1900,1,Arah 10,34,66,3,224,1,328,0,200,0
1700000064140,64.14,1801,0.0,464.33,67.36,1808,1,Arah 10,11,21,3,116,1,152,0,200,0
1700000064207,64.21,1774,1312.35,591.53,57.26,2039,1,Arah 10,10,72,2,196,3,283,0,200,0
1700000064273,64.27,1626,0.0,502.8,244.29,1712,1,Arah 10,25,37,5,206,2,275,0,200,0
1700000064340,64.34,1836,0.0,427.38,80.42,1729,0,,33,43,5,0,4,85,0,200,0
1700000064407,64.41,1714,569.94,448.77,68.36,1779,1,Arah 10,4,13,5,116,2,140,0,201,0
1700000064473,64.47,1760,0.0,381.45,36.34,1687,0,,22,71,3,0,4,100,0,201,0
1700000064540,64.54,1753,667.43,424.35,30.89,1770,1,Arah 10,32,50,4,172,2,260,0,201,0
1700000064607,64.61,1671,0.0,360.69,175.25,1515,0,,33,62,2,0,4,101,0,202,0
1700000064673,64.67,1823,0.0,306.59,148.96,1439,0,,44,32,6,0,4,86,1,202,0
1700000064740,64.74,1847,0.0,260.6,305.29,1197,0,,32,61,4,0,2,99,0,202,0
1700000064807,64.81,1838,1934.79,511.73,313.07,1663,0,,36,14,4,0,3,57,0,202,0
1700000064873,64.87,1589,239.97,470.97,165.8,1728,1,Arah 10,21,50,6,91,3,171,0,202,0
1700000064940,64.94,1806,0.0,400.32,96.79,1664,0,,24,56,4,0,4,88,0,202,0
1700000065007,65.01,1736,1304.85,536.0,82.27,1921,1,Arah 10,24,49,2,143,3,221,0,202,0
1700000065073,65.07,1632,0.0,455.6,221.36,1647,1,Arah 10,4,66,4,94,3,171,0,204,0
1700000065140,65.14,1757,0.0,387.26,64.27,1671,0,,26,51,3,0,4,84,1,205,0
1700000065207,65.21,1772,554.94,412.41,191.45,1596,0,,37,30,4,0,4,75,0,205,0
1700000065273,65.27,1683,1102.38,515.91,38.86,1925,1,Arah 10,3,37,3,222,1,266,0,205,0
1700000065340,65.34,1625,0.0,438.52,213.06,1624,0,,25,18,5,0,2,50,1,205,0
1700000065407,65.41,1734,0.0,372.74,99.07,1611,0,,3,47,3,0,1,54,0,205,0
1700000065473,65.47,1685,367.46,371.95,74.17,1633,0,,18,67,6,0,3,94,0,206,0
1700000065540,65.54,1685,44.99,322.91,145.07,1474,0,,22,65,6,0,2,95,0,207,0
1700000065607,65.61,1679,0.0,274.47,133.35,1394,0,,23,13,6,0,1,43,0,207,0
1700000065673,65.67,1812,0.0,233.3,82.51,1365,0,,28,24,4,0,3,59,0,208,0
1700000065740,65.74,1740,877.4,329.92,70.14,1559,0,,36,61,4,0,2,103,0,208,0
1700000065807,65.81,1695,0.0,280.43,136.25,1402,0,,11,74,3,0,2,90,0,208,0
1700000065873,65.87,1801,0.0,238.36,43.22,1414,0,,25,61,4,0,1,91,0,208,1
1700000065940,65.94,1744,712.42,309.47,36.74,1554,0,,44,52,5,0,1,102,0,210,0
1700000066007,66.01,1706,0.0,263.05,124.46,1381,0,,5,35,3,0,2,45,0,210,0
1700000066074,66.07,1795,15.0,225.84,78.36,1355,0,,31,44,6,0,1,82,0,210,0
1700000066140,66.14,1704,824.91,315.7,63.26,1540,0,,11,19,5,0,1,36,0,210,0
1700000066207,66.21,1685,0.0,268.35,60.07,1454,0,,37,14,2,0,4,57,1,210,0
1700000066274,66.27,1732,314.97,275.34,15.9,1510,0,,40,68,6,0,1,115,1,210,0
1700000066340,66.34,1643,299.97,279.03,56.79,1477,0,,32,20,4,0,2,58,2,210,0
1700000066407,66.41,1692,0.0,237.18,115.24,1341,0,,24,49,5,0,4,82,0,210,0
1700000066474,66.47,1735,0.0,201.6,97.95,1290,0,,24,51,4,0,2,81,1,210,0
1700000066540,66.54,1766,0.0,171.36,15.51,1314,0,,32,16,2,0,3,53,0,210,0
1700000066607,66.61,1740,442.45,212.03,130.37,1278,0,,12,39,4,0,4,59,0,210,0
1700000066674,66.67,1707,524.94,258.96,284.91,1214,0,,37,69,6,0,2,114,0,210,0
1700000066740,66.74,1670,1222.36,403.47,124.99,1643,0,,17,24,6,0,2,49,1,210,0
1700000066807,66.81,1544,0.0,342.95,166.63,1490,0,,19,57,2,0,2,80,0,210,0
1700000066874,66.87,1673,0.0,291.51,141.63,1418,0,,8,33,4,0,2,47,0,210,0
1700000066940,66.94,1704,0.0,247.78,45.05,1430,0,,36,64,5,0,2,107,0,210,0
1700000067007,67.01,1748,337.46,261.23,38.3,1462,0,,43,49,2,0,2,96,0,210,0
1700000067074,67.07,1659,0.0,222.05,101.19,1326,0,,13,29,4,0,2,48,1,210,1
1700000067140,67.14,1779,30.0,193.24,218.67,1154,0,,31,73,4,0,3,111,0,210,0
1700000067207,67.21,1655,1364.85,368.98,179.17,1527,0,,5,71,4,0,1,81,0,211,0
1700000067274,67.27,1597,0.0,313.64,152.38,1449,0,,4,69,5,0,1,79,0,211,0
1700000067340,67.34,1702,0.0,266.59,31.18,1479,0,,36,28,3,0,3,70,0,211,0
1700000067407,67.41,1709,719.92,334.59,54.97,1583,0,,25,40,5,0,3,73,1,211,0
1700000067474,67.47,1606,127.49,303.52,145.49,1437,0,,31,46,3,0,2,82,1,211,0
1700000067540,67.54,1692,1162.37,432.35,448.43,1383,0,,19,68,2,0,1,90,1,211,0
1700000067607,67.61,1451,1582.32,604.85,121.69,2005,1,Arah 10,43,64,5,219,4,335,0,211,0
1700000067674,67.67,1481,0.0,514.12,249.79,1727,1,Arah 10,29,41,4,164,4,242,0,211,1
1700000067740,67.74,1674,0.0,437.0,65.0,1761,1,Arah 10,17,33,2,99,4,155,1,212,0
1700000067807,67.81,1616,659.93,470.44,46.86,1838,1,Arah 10,16,20,4,126,4,170,0,212,0
1700000067874,67.87,1586,457.45,468.49,48.89,1832,1,Arah 10,28,18,4,224,4,278,0,212,0
1700000067940,67.94,1555,262.47,437.59,143.67,1688,1,Arah 10,35,41,5,109,4,194,0,212,0
1700000068007,68.01,1551,0.0,371.95,142.21,1568,1,Arah 10,8,51,4,219,3,285,0,212,0
1700000068074,68.07,1628,172.48,342.03,55.59,1596,0,,40,65,2,0,4,111,0,212,0
1700000068140,68.14,1528,292.47,334.6,85.76,1553,1,Arah 10,7,46,2,195,2,252,0,212,1
1700000068207,68.21,1589,0.0,284.41,134.83,1411,0,,27,15,4,0,3,49,0,213,0
1700000068274,68.27,1588,15.0,244.0,114.61,1354,0,,20,16,3,0,1,40,2,213,0
1700000068340,68.34,1587,0.0,207.4,100.76,1298,0,,21,30,6,0,2,59,1,213,0
1700000068407,68.41,1588,0.0,176.29,85.65,1253,1,Arah 10,23,13,6,0,4,46,0,213,0
1700000068474,68.47,1665,0.0,149.84,203.42,1085,1,Arah 10,25,53,2,0,2,82,0,213,0
1700000068540,68.54,1589,1237.36,312.97,172.9,1428,1,Arah 10,44,50,3,0,3,100,0,213,0
1700000068607,68.61,1500,0.0,266.03,125.9,1385,1,Arah 10,40,25,5,0,2,72,0,213,0
1700000068674,68.67,1703,15.0,228.37,308.15,1132,1,Arah 10,27,49,6,0,1,83,0,213,1
1700000068740,68.74,1498,1859.79,473.08,258.58,1644,1,Arah 10,18,70,3,138,1,230,0,213,0
1700000068807,68.81,1455,0.0,402.12,195.37,1573,1,Arah 10,6,24,5,175,3,213,1,214,0
1700000068874,68.87,1545,0.0,341.8,166.07,1489,1,Arah 10,38,45,5,0,1,89,0,214,0
1700000068940,68.94,1529,0.0,290.53,7.83,1546,1,Arah 10,34,45,4,196,3,282,0,214,0
1700000069007,69.01,1611,667.43,347.07,356.53,1312,1,Arah 10,39,43,6,0,1,89,0,215,0
1700000069074,69.07,1440,1567.33,530.11,154.06,1845,1,Arah 10,42,49,4,183,1,279,0,215,0
1700000069141,69.14,1402,0.0,450.59,218.92,1640,1,Arah 10,18,16,4,155,2,195,0,215,0
1700000069207,69.21,1586,0.0,383.0,121.94,1608,1,Arah 10,31,53,3,122,2,211,0,215,0
1700000069274,69.27,1468,1379.85,532.53,103.65,1895,1,Arah 10,5,54,6,214,3,282,0,215,0
1700000069341,69.34,1402,0.0,452.65,219.92,1643,1,Arah 10,18,64,2,142,1,227,2,215,0
1700000069407,69.41,1515,0.0,384.75,111.6,1621,1,Arah 10,9,41,2,121,4,177,1,215,0
1700000069474,69.47,1565,337.46,377.66,94.86,1624,1,Arah 10,20,44,3,195,2,264,0,216,0
1700000069541,69.54,1470,0.0,321.01,155.96,1459,1,Arah 10,44,64,3,0,4,115,0,216,0
1700000069607,69.61,1628,0.0,272.86,36.51,1485,1,Arah 10,39,57,2,0,3,101,0,216,0
1700000069674,69.67,1645,757.42,345.54,235.27,1428,1,Arah 10,7,23,2,0,1,33,1,216,0
1700000069741,69.74,1527,914.9,430.95,338.92,1488,1,Arah 10,34,69,3,0,3,109,0,216,0
1700000069807,69.81,1523,1379.85,573.28,124.03,1948,1,Arah 10,16,48,5,111,4,184,0,216,0
1700000069874,69.87,1343,179.98,514.29,1322.46,1000,1,Arah 10,3,43,3,0,4,53,0,216,0
1700000069941,69.94,1499,6831.74,1461.9,2871.8,1000,1,Arah 10,6,61,6,0,2,75,1,216,0
1700000070007,70.01,432,8009.11,2443.98,915.97,3558,1,Arah 10,21,70,5,146,2,244,0,216,0
1700000070074,70.07,431,0.0,2077.39,1009.31,3284,1,Arah 10,13,42,5,125,2,187,0,216,0
1700000070141,70.14,521,0.0,1765.78,638.61,3182,1,Arah 10,36,19,2,131,3,191,0,216,0
1700000070207,70.21,549,982.39,1648.27,442.38,3167,1,Arah 10,26,70,6,152,4,258,0,216,0
1700000070274,70.27,390,449.95,1468.52,595.32,2898,1,Arah 10,42,45,5,133,3,228,0,216,0
1700000070341,70.34,489,0.0,1248.24,348.66,2787,1,Arah 10,8,59,4,162,2,235,0,216,0
1700000070407,70.41,488,1154.87,1234.24,296.36,2804,1,Arah 10,23,26,5,225,3,282,1,216,0
1700000070474,70.47,335,0.0,1049.1,509.71,2398,1,Arah 10,41,62,4,103,2,212,0,216,0
1700000070541,70.54,613,0.0,891.74,416.52,2228,1,Arah 10,28,42,2,101,1,174,0,216,0
1700000070607,70.61,475,74.99,769.23,354.04,2079,1,Arah 10,20,74,3,193,1,291,0,216,0
1700000070674,70.67,603,0.0,653.84,161.1,2053,1,Arah 10,7,23,3,108,4,145,0,216,0
1700000070741,70.74,522,2144.76,877.48,136.94,2430,1,Arah 10,38,59,6,198,2,303,0,216,0
1700000070807,70.81,317,0.0,745.86,362.38,2033,1,Arah 10,42,20,2,151,4,219,0,216,0
1700000070874,70.87,581,0.0,633.98,308.02,1888,1,Arah 10,42,20,5,214,3,284,0,217,0
1700000070941,70.94,577,0.0,538.88,261.82,1761,1,Arah 10,37,28,5,207,3,280,0,217,0
1700000071007,71.01,642,0.0,458.05,10.15,1849,1,Arah 10,38,51,5,132,3,229,0,217,0
1700000071074,71.07,615,1042.38,545.7,90.65,1930,1,Arah 10,5,17,4,215,3,244,0,217,0
1700000071141,71.14,503,367.46,518.96,145.59,1833,1,Arah 10,24,51,6,227,3,311,0,218,0
1700000071207,71.21,566,44.99,447.87,205.78,1648,1,Arah 10,31,44,5,161,2,243,0,218,0
1700000071274,71.27,497,0.0,380.69,184.96,1543,1,Arah 10,38,53,6,136,2,235,0,219,0
1700000071341,71.34,661,0.0,323.59,9.9,1606,1,Arah 10,37,34,2,222,4,299,0,219,0
1700000071407,71.41,599,659.93,374.04,71.94,1639,1,Arah 10,8,49,6,210,3,276,0,219,0
1700000071474,71.47,573,359.96,371.92,49.34,1657,1,Arah 10,4,33,3,185,4,229,1,219,0
1700000071541,71.54,551,164.98,340.88,103.88,1547,1,Arah 10,44,49,2,183,2,280,1,219,0
1700000071607,71.61,551,82.49,302.12,125.13,1454,1,Arah 10,12,74,2,194,3,285,0,220,1
1700000071674,71.67,540,0.0,256.81,40.96,1451,1,Arah 10,15,64,6,131,2,218,1,222,0
1700000071741,71.74,624,742.42,329.65,96.76,1533,1,Arah 10,18,18,6,93,4,139,0,222,0
1700000071807,71.81,441,277.47,321.82,83.49,1531,1,Arah 10,39,30,6,104,4,183,0,222,0
1700000071874,71.87,587,0.0,273.55,111.51,1413,1,Arah 10,11,56,5,217,2,291,0,222,0
1700000071941,71.94,596,1094.88,396.75,206.94,1552,1,Arah 10,42,25,2,141,3,213,0,222,0
1700000072008,72.01,441,502.44,412.6,68.51,1713,1,Arah 10,25,13,4,91,3,136,0,222,0
1700000072074,72.07,529,0.0,350.71,170.4,1501,1,Arah 10,9,54,3,135,2,203,0,222,0
1700000072141,72.14,674,0.0,298.1,144.77,1427,1,Arah 10,34,63,3,205,2,307,0,222,0
1700000072208,72.21,581,1297.36,447.99,352.4,1507,1,Arah 10,21,27,4,180,1,233,1,222,0
1700000072274,72.27,501,1027.39,534.9,9.93,1984,1,Arah 10,5,46,2,181,1,235,1,222,0
1700000072341,72.34,444,0.0,454.67,220.9,1646,1,Arah 10,25,14,5,205,1,250,0,222,1
1700000072408,72.41,674,0.0,386.47,78.95,1656,1,Arah 10,42,35,2,215,4,298,0,222,0
1700000072474,72.47,486,487.45,401.61,67.11,1695,1,Arah 10,9,18,4,151,3,185,1,222,0
1700000072541,72.54,609,0.0,341.37,165.86,1488,1,Arah 10,4,39,2,119,3,167,0,222,0
1700000072608,72.61,697,0.0,290.17,65.65,1489,1,Arah 10,40,26,4,221,2,293,0,222,0
1700000072674,72.67,614,337.46,297.26,55.8,1512,1,Arah 10,28,61,2,122,1,214,0,222,0
1700000072741,72.74,652,0.0,252.67,163.5,1322,1,Arah 10,26,28,5,151,4,214,0,222,0
1700000072808,72.81,625,1282.36,407.12,226.03,1553,1,Arah 10,25,52,4,173,3,257,0,222,0
1700000072874,72.87,481,389.96,404.55,94.14,1674,1,Arah 10,19,70,5,183,2,279,0,222,0
1700000072941,72.94,573,0.0,343.87,135.26,1523,1,Arah 10,23,56,4,189,1,273,0,222,0
1700000073008,73.01,687,142.48,313.66,74.19,1525,1,Arah 10,19,58,6,179,4,266,0,223,0
1700000073074,73.07,554,847.41,393.72,31.26,1714,1,Arah 10,8,30,6,225,3,272,0,224,0
1700000073141,73.14,574,0.0,334.66,162.6,1479,1,Arah 10,28,72,3,225,1,329,0,224,0
1700000073208,73.21,632,0.0,284.46,86.31,1459,1,Arah 10,36,50,4,140,1,231,0,226,0
1700000073274,73.27,661,232.47,276.67,130.87,1400,1,Arah 10,8,38,3,128,2,179,0,226,0
1700000073341,73.34,601,914.9,372.4,59.34,1648,1,Arah 10,10,63,2,106,3,184,0,226,0
1700000073408,73.41,539,0.0,316.54,127.01,1479,1,Arah 10,44,54,2,228,2,330,0,226,0
1700000073474,73.47,725,119.99,287.06,144.82,1406,1,Arah 10,31,36,5,149,3,224,1,226,0
1700000073541,73.54,523,1132.37,413.85,96.32,1689,1,Arah 10,40,15,2,227,3,287,0,226,0
1700000073608,73.61,574,0.0,351.78,129.06,1543,1,Arah 10,44,43,3,219,4,313,1,226,0
1700000073674,73.67,591,187.48,327.13,109.7,1516,1,Arah 10,17,34,5,159,3,218,0,226,0
1700000073741,73.74,549,0.0,278.06,135.1,1399,1,Arah 10,23,33,2,91,2,151,0,226,0
1700000073808,73.81,633,0.0,236.35,24.43,1428,1,Arah 10,30,71,3,217,1,322,0,226,1
1700000073874,73.87,625,404.96,261.64,223.64,1280,1,Arah 10,40,27,6,145,3,221,0,226,0
1700000073941,73.94,579,1094.88,386.63,156.61,1582,1,Arah 10,8,40,6,137,3,194,0,227,0
1700000074008,74.01,479,254.97,366.88,111.29,1589,1,Arah 10,17,41,4,136,4,202,1,227,0
1700000074074,74.07,545,0.0,311.85,151.51,1447,1,Arah 10,7,72,2,94,1,176,1,228,0
1700000074141,74.14,499,0.0,265.07,128.79,1380,1,Arah 10,3,72,4,147,1,227,0,228,0
1700000074208,74.21,646,0.0,225.31,22.42,1409,1,Arah 10,9,51,5,170,4,239,0,228,0
1700000074274,74.27,620,389.96,250.01,19.06,1459,1,Arah 10,16,21,5,155,1,198,0,228,0
1700000074341,74.34,594,0.0,212.51,103.25,1305,1,Arah 10,32,62,2,215,1,312,0,228,0
1700000074408,74.41,746,0.0,180.63,82.74,1265,1,Arah 10,4,20,2,152,2,180,0,228,0
1700000074474,74.47,612,22.5,156.91,28.44,1273,1,Arah 10,42,69,6,141,3,261,0,228,0
1700000074541,74.54,743,442.45,199.74,99.51,1285,1,Arah 10,7,64,5,138,1,215,0,229,0
1700000074608,74.61,553,359.96,223.77,14.19,1415,1,Arah 10,20,53,4,111,1,189,1,230,0
1700000074674,74.67,695,0.0,190.21,0.34,1364,1,Arah 10,11,60,2,141,4,218,0,230,0
1700000074741,74.74,658,412.45,223.54,376.37,1055,1,Arah 10,6,17,5,207,4,239,0,230,0
1700000074808,74.81,640,1687.31,443.11,283.09,1565,1,Arah 10,30,48,5,116,1,200,0,231,0
1700000074874,74.87,433,247.47,413.76,136.04,1651,1,Arah 10,32,42,4,119,2,199,0,232,0
1700000074941,74.94,607,0.0,351.7,107.26,1564,1,Arah 10,3,66,4,226,2,301,1,232,0
1700000075008,75.01,634,284.97,341.69,81.13,1571,1,Arah 10,23,12,6,131,4,176,0,232,0
1700000075075,75.08,569,45.0,297.19,70.63,1498,1,Arah 10,30,37,5,199,3,274,0,232,1
1700000075141,75.14,628,277.47,294.23,70.08,1493,1,Arah 10,23,15,3,115,4,160,1,232,0
1700000075208,75.21,532,0.0,250.09,121.51,1359,1,Arah 10,10,42,6,94,2,154,0,233,0
1700000075275,75.28,643,0.0,212.58,103.28,1305,1,Arah 10,34,47,2,217,4,304,0,233,0
1700000075341,75.34,614,0.0,180.69,87.79,1260,1,Arah 10,35,55,4,145,2,241,0,233,0
1700000075408,75.41,665,0.0,153.59,141.33,1154,1,Arah 10,27,43,3,127,1,201,0,233,0
1700000075475,75.48,703,967.39,275.66,352.82,1178,1,Arah 10,31,60,5,211,2,309,0,235,1
1700000075541,75.54,536,1042.38,390.67,83.95,1659,1,Arah 10,31,33,5,100,3,172,0,235,0
1700000075608,75.61,564,0.0,332.07,161.34,1475,1,Arah 10,41,17,2,188,4,252,0,236,0
1700000075675,75.68,766,0.0,282.26,68.77,1472,1,Arah 10,6,36,3,206,4,255,1,236,0
1700000075741,75.74,571,922.4,378.28,58.46,1660,1,Arah 10,25,53,2,175,4,259,0,236,0
1700000075808,75.81,643,0.0,321.54,156.22,1460,1,Arah 10,41,14,5,97,3,160,1,236,0
1700000075875,75.88,652,0.0,273.31,25.65,1497,1,Arah 10,14,43,3,160,1,221,0,236,0
1700000075941,75.94,684,479.95,304.3,21.8,1558,1,Arah 10,14,21,5,191,1,232,0,236,0
1700000076008,76.01,588,0.0,258.66,125.67,1371,1,Arah 10,40,31,6,218,3,298,0,236,0
1700000076075,76.08,750,0.0,219.86,106.82,1316,1,Arah 10,35,13,2,161,1,212,1,236,0
1700000076141,76.14,698,0.0,186.88,90.8,1269,1,Arah 10,13,51,5,114,2,185,0,236,0
1700000076208,76.21,786,0.0,158.85,62.11,1243,1,Arah 10,16,56,4,203,3,282,0,236,0
1700000076275,76.28,737,67.49,145.14,213.38,1066,1,Arah 10,17,26,4,172,2,221,0,236,0
1700000076341,76.34,777,1192.37,302.23,305.25,1277,1,Arah 10,6,23,3,177,1,210,0,236,0
1700000076408,76.41,578,622.43,350.26,6.71,1658,1,Arah 10,6,36,5,94,2,143,0,236,0
1700000076475,76.48,694,0.0,297.72,62.62,1507,1,Arah 10,30,38,2,226,4,300,0,236,0
1700000076541,76.54,703,367.46,308.18,53.23,1535,1,Arah 10,23,22,6,118,4,173,0,236,0
1700000076608,76.61,645,0.0,261.95,127.27,1376,1,Arah 10,26,71,2,198,4,301,0,236,0
1700000076675,76.68,707,0.0,222.66,108.18,1320,1,Arah 10,29,66,6,109,3,213,0,236,0
1700000076741,76.74,679,0.0,189.26,91.95,1272,1,Arah 10,35,65,2,152,4,258,0,236,0
1700000076808,76.81,723,0.0,160.87,78.16,1231,1,Arah 10,36,68,4,137,3,248,0,236,0
1700000076875,76.88,689,0.0,136.74,66.44,1197,1,Arah 10,9,47,5,133,2,196,0,236,0
1700000076941,76.94,726,0.0,116.23,56.47,1167,1,Arah 10,18,62,4,186,3,273,1,236,0
1700000077008,77.01,735,0.0,98.8,48.0,1142,1,Arah 10,15,70,2,153,3,243,0,236,0
1700000077075,77.08,777,0.0,83.98,40.8,1121,1,Arah 10,18,20,3,206,1,248,0,236,0
1700000077141,77.14,871,0.0,71.38,270.0,1000,1,Arah 10,27,70,2,175,4,278,0,236,0
1700000077208,77.21,875,1364.85,265.4,617.88,1000,1,Arah 10,24,12,2,136,3,177,0,236,0
1700000077275,77.28,689,1739.81,486.56,220.52,1705,1,Arah 10,44,39,6,111,3,203,0,236,0
1700000077341,77.34,643,0.0,413.58,200.94,1589,1,Arah 10,42,45,4,220,4,315,0,236,0
1700000077408,77.41,839,0.0,351.54,33.53,1635,1,Arah 10,35,69,5,213,1,323,0,237,0
1700000077475,77.48,739,614.93,391.05,108.77,1636,1,Arah 10,35,28,2,137,4,206,0,237,0
1700000077541,77.54,757,614.93,424.63,125.94,1681,1,Arah 10,41,51,3,127,2,224,0,237,0
1700000077608,77.61,657,764.92,475.67,30.22,1862,1,Arah 10,10,37,3,175,1,226,0,237,0
1700000077675,77.68,655,0.0,404.32,196.44,1576,1,Arah 10,12,20,5,142,3,182,0,237,0
1700000077741,77.74,788,0.0,343.67,166.98,1491,1,Arah 10,23,15,4,216,4,262,0,237,0
1700000077808,77.81,722,0.0,292.12,106.78,1453,1,Arah 10,23,56,5,179,2,265,0,237,0
1700000077875,77.88,789,157.48,271.93,52.26,1468,1,Arah 10,12,16,3,111,4,146,0,238,0
1700000077941,77.94,701,172.48,257.01,79.57,1413,1,Arah 10,25,44,3,112,3,187,1,238,0
1700000078008,78.01,766,0.0,218.46,106.14,1314,1,Arah 10,21,56,5,153,2,237,0,238,0
1700000078075,78.08,899,0.0,185.69,338.34,1020,1,Arah 10,34,25,4,182,1,246,0,238,0
1700000078142,78.14,793,1919.79,445.8,448.3,1409,1,Arah 10,11,12,5,123,4,155,0,238,0
1700000078208,78.21,643,719.92,486.92,47.51,1866,1,Arah 10,20,20,2,163,3,208,0,238,0
1700000078275,78.28,697,0.0,413.88,201.09,1589,1,Arah 10,25,17,5,108,4,159,0,238,0
1700000078342,78.34,797,0.0,351.8,160.54,1513,1,Arah 10,39,16,4,98,3,160,0,238,0
1700000078408,78.41,813,1484.84,521.76,344.04,1652,1,Arah 10,14,13,2,215,3,247,0,238,0
1700000078475,78.48,599,929.9,582.98,39.03,2041,1,Arah 10,31,39,5,101,1,177,0,238,0
1700000078542,78.54,689,0.0,495.53,240.76,1702,1,Arah 10,7,36,5,206,4,258,0,238,0
1700000078608,78.61,917,0.0,421.2,161.97,1640,1,Arah 10,24,64,5,151,3,247,0,238,0
1700000078675,78.68,737,1642.32,604.37,137.68,1990,1,Arah 10,16,47,4,129,1,197,0,238,0
1700000078742,78.74,698,0.0,513.71,249.59,1727,1,Arah 10,41,71,3,216,1,332,0,238,0
1700000078808,78.81,754,0.0,436.66,190.39,1642,1,Arah 10,42,43,6,186,4,281,0,238,0
1700000078875,78.88,875,97.49,385.78,157.91,1579,1,Arah 10,2,32,4,123,2,163,1,238,0
1700000078942,78.94,741,1432.34,542.77,144.27,1876,1,Arah 10,14,37,6,200,2,259,0,238,0
1700000079008,79.01,684,142.48,482.72,197.11,1720,1,Arah 10,41,21,6,159,3,230,0,238,0
1700000079075,79.08,722,0.0,410.31,75.47,1703,1,Arah 10,34,27,6,165,1,233,0,238,0
1700000079142,79.14,770,554.94,432.01,76.47,1741,1,Arah 10,11,55,6,101,4,177,1,238,0
1700000079208,79.21,648,629.93,461.7,58.88,1811,1,Arah 10,22,32,5,183,3,245,0,238,0
1700000079275,79.28,686,0.0,392.44,190.67,1560,1,Arah 10,21,13,3,197,2,236,1,238,1
1700000079342,79.34,778,0.0,333.58,162.07,1477,1,Arah 10,41,44,2,218,1,306,1,239,0
1700000079408,79.41,885,0.0,283.54,49.03,1493,1,Arah 10,42,13,5,96,3,159,0,239,0
1700000079475,79.48,862,397.46,300.63,110.66,1465,1,Arah 10,37,14,2,215,1,269,0,240,0
1700000079542,79.54,832,682.42,357.9,110.8,1572,1,Arah 10,20,16,3,208,3,250,0,240,0
1700000079608,79.61,771,472.45,375.08,58.16,1655,1,Arah 10,20,73,6,129,3,231,0,240,0
1700000079675,79.68,769,0.0,318.82,148.2,1463,1,Arah 10,19,69,5,153,2,248,0,240,0
1700000079742,79.74,888,30.0,275.49,125.97,1403,1,Arah 10,14,47,2,139,1,203,0,240,0
1700000079808,79.81,765,0.0,234.17,113.77,1336,1,Arah 10,40,42,3,144,2,231,0,240,0
1700000079875,79.88,906,0.0,199.04,18.03,1364,1,Arah 10,41,34,4,212,4,295,1,240,0
1700000079942,79.94,869,352.46,222.06,128.65,1298,1,Arah 10,34,52,6,228,2,322,1,240,0
1700000080008,80.01,859,644.93,285.49,198.07,1351,1,Arah 10,38,61,4,210,2,315,0,240,0
1700000080075,80.08,783,749.92,355.15,24.39,1650,1,Arah 10,7,66,4,106,3,186,0,241,0
1700000080142,80.14,759,0.0,301.88,146.67,1432,1,Arah 10,18,74,4,171,4,271,0,241,1
1700000080208,80.21,843,0.0,256.6,25.99,1465,1,Arah 10,20,23,2,179,2,226,0,241,0
1700000080275,80.28,852,674.93,319.35,119.19,1492,1,Arah 10,11,71,2,122,4,210,0,242,0
1700000080342,80.34,753,434.95,336.69,49.35,1592,1,Arah 10,33,54,5,176,4,272,0,242,0
1700000080408,80.41,794,0.0,286.18,55.34,1492,1,Arah 10,8,13,2,217,1,241,0,242,0
1700000080475,80.48,821,374.96,299.5,47.04,1525,1,Arah 10,30,42,2,99,2,175,0,242,0
1700000080542,80.54,744,0.0,254.58,51.7,1436,1,Arah 10,24,74,3,189,1,291,0,242,0
1700000080608,80.61,853,322.46,264.76,143.55,1365,1,Arah 10,17,29,5,178,1,230,0,242,0
1700000080675,80.68,701,839.91,351.03,50.03,1618,1,Arah 10,36,41,6,98,1,182,0,242,0
1700000080742,80.74,741,0.0,298.38,144.97,1427,1,Arah 10,36,64,5,156,4,265,0,242,0
1700000080808,80.81,859,0.0,253.62,59.61,1426,1,Arah 10,3,31,6,163,4,207,0,242,0
1700000080875,80.88,896,284.97,258.32,110.04,1386,1,Arah 10,13,32,5,134,1,185,0,242,0
1700000080942,80.94,821,719.92,327.56,29.92,1594,1,Arah 10,37,39,2,119,2,199,0,243,1
1700000081009,81.01,800,0.0,278.43,135.28,1399,1,Arah 10,22,15,5,94,4,140,0,243,0
1700000081075,81.08,941,0.0,236.66,114.98,1340,1,Arah 10,19,51,3,161,2,236,0,243,0
1700000081142,81.14,822,0.0,201.16,97.74,1289,1,Arah 10,43,48,3,129,4,227,0,243,0
1700000081209,81.21,944,0.0,170.99,86.0,1243,1,Arah 10,14,74,2,224,4,318,0,243,0
1700000081275,81.28,848,757.42,258.95,73.1,1423,1,Arah 10,32,24,2,216,4,278,0,243,0
1700000081342,81.34,843,0.0,220.11,106.94,1316,1,Arah 10,2,68,6,171,3,250,0,243,0
1700000081409,81.41,866,0.0,187.09,8.87,1350,1,Arah 10,35,14,2,199,1,251,0,243,0
1700000081475,81.48,897,367.46,214.15,7.54,1403,1,Arah 10,34,33,2,204,1,274,1,243,0
1700000081542,81.54,817,0.0,182.03,88.44,1262,1,Arah 10,43,25,4,199,1,272,1,243,0
1700000081609,81.61,902,0.0,154.72,36.67,1261,1,Arah 10,13,23,4,129,4,173,0,243,0
1700000081675,81.68,901,172.48,157.39,17.78,1285,1,Arah 10,34,40,4,186,3,267,0,243,0
1700000081742,81.74,879,59.99,142.78,68.59,1206,1,Arah 10,37,27,4,137,1,206,0,243,0
1700000081809,81.81,893,547.44,203.48,44.91,1346,1,Arah 10,30,50,3,151,4,238,0,243,0
1700000081875,81.88,806,0.0,172.96,84.03,1249,1,Arah 10,10,61,2,161,1,235,0,243,0
1700000081942,81.94,941,0.0,147.01,71.43,1211,1,Arah 10,26,63,6,229,4,328,0,243,0
1700000082009,82.01,852,0.0,124.96,21.32,1219,1,Arah 10,6,13,3,187,2,211,0,243,0
1700000082075,82.08,1019,367.46,161.33,290.99,1020,1,Arah 10,37,45,6,127,3,218,0,243,0
1700000082142,82.14,803,1222.36,320.49,165.31,1449,1,Arah 10,28,38,3,102,1,172,1,243,0
1700000082209,82.21,856,0.0,272.42,132.36,1391,1,Arah 10,22,22,5,96,1,146,1,243,0
1700000082275,82.28,822,0.0,231.55,112.5,1333,1,Arah 10,6,62,5,180,3,256,0,243,0
1700000082342,82.34,948,0.0,196.82,70.1,1308,1,Arah 10,32,35,3,103,2,175,0,243,0
1700000082409,82.41,853,742.42,278.66,59.59,1474,1,Arah 10,43,44,6,103,2,198,0,243,0
1700000082475,82.48,849,0.0,236.86,110.06,1345,1,Arah 10,30,64,6,122,1,223,1,243,0
1700000082542,82.54,893,22.5,204.71,93.55,1300,1,Arah 10,3,32,5,185,4,229,0,243,0
1700000082609,82.61,846,0.0,174.0,84.54,1250,1,Arah 10,9,48,5,127,1,190,0,243,0
1700000082675,82.68,904,0.0,147.9,53.44,1231,1,Arah 10,17,52,6,123,3,201,0,243,0
1700000082742,82.74,876,82.49,138.09,18.19,1247,1,Arah 10,32,38,3,158,3,234,0,243,0
1700000082809,82.81,893,284.97,160.12,15.46,1292,1,Arah 10,28,68,3,101,2,202,0,243,0
1700000082875,82.88,838,82.49,148.48,50.47,1235,1,Arah 10,22,16,3,100,3,144,0,244,0
1700000082942,82.94,882,0.0,126.2,47.5,1195,1,Arah 10,19,53,6,123,3,204,0,244,0
1700000083009,83.01,843,487.45,180.39,117.38,1230,1,Arah 10,32,43,5,118,2,200,1,244,0
1700000083075,83.08,817,344.96,205.08,51.22,1343,1,Arah 10,27,52,2,228,4,313,0,246,0
1700000083142,83.14,797,269.97,214.81,33.47,1379,1,Arah 10,36,42,3,164,2,247,0,247,0
1700000083209,83.21,781,0.0,182.59,88.71,1263,1,Arah 10,40,36,6,90,4,176,0,247,0
1700000083275,83.28,1000,0.0,155.2,56.84,1242,1,Arah 10,4,72,5,205,2,288,2,247,0
1700000083342,83.34,897,592.43,220.79,48.32,1375,1,Arah 10,36,46,4,175,4,265,0,247,0
1700000083409,83.41,921,0.0,187.67,91.18,1270,1,Arah 10,39,41,2,187,1,270,0,247,0
1700000083475,83.48,980,0.0,159.52,341.01,1000,1,Arah 10,30,41,5,102,1,179,0,247,0
1700000083542,83.54,1010,1874.79,416.81,497.44,1305,1,Arah 10,23,35,5,215,4,282,0,249,0
1700000083609,83.61,730,929.9,493.77,4.31,1918,1,Arah 10,43,32,2,163,1,241,0,249,0
1700000083675,83.68,886,0.0,419.71,90.72,1705,1,Arah 10,3,57,6,205,3,274,1,249,0
1700000083742,83.74,984,1319.85,554.73,147.42,1895,1,Arah 10,20,46,2,211,3,282,0,249,0
1700000083809,83.81,710,314.97,518.76,169.33,1811,1,Arah 10,14,73,5,212,3,307,0,249,1
1700000083875,83.88,942,0.0,440.95,214.24,1627,1,Arah 10,8,20,6,169,2,205,0,249,0
1700000083942,83.94,924,0.0,374.81,173.73,1543,1,Arah 10,24,49,3,199,3,278,0,250,0
1700000084009,84.01,957,37.5,324.21,40.53,1577,1,Arah 10,31,58,3,155,4,251,1,250,0
1700000084076,84.08,919,479.95,347.57,238.42,1429,1,Arah 10,41,49,6,144,2,242,0,250,0
1700000084142,84.14,893,1259.86,484.41,95.52,1818,1,Arah 10,14,30,4,122,2,172,1,250,0
1700000084209,84.21,751,0.0,411.75,200.05,1586,1,Arah 10,6,61,4,100,4,175,0,250,0
1700000084276,84.28,1023,0.0,349.99,42.56,1623,1,Arah 10,37,61,2,168,1,269,0,250,0
1700000084342,84.34,912,952.39,440.35,36.18,1794,1,Arah 10,24,39,5,127,2,197,0,251,0
1700000084409,84.41,896,0.0,374.3,181.85,1534,1,Arah 10,12,42,2,113,2,171,0,251,0
1700000084476,84.48,1007,0.0,318.15,151.77,1458,1,Arah 10,6,13,3,220,4,246,0,251,0
1700000084542,84.54,971,1372.35,476.28,214.38,1692,1,Arah 10,29,34,4,175,3,245,2,252,0
1700000084609,84.61,824,382.46,462.21,124.12,1751,1,Arah 10,13,47,3,173,4,240,0,252,0
1700000084676,84.68,920,0.0,392.88,95.38,1652,1,Arah 10,3,67,3,225,4,302,0,252,0
1700000084742,84.74,980,1282.36,526.3,139.67,1852,1,Arah 10,32,18,6,175,1,232,0,252,0
1700000084809,84.81,749,262.47,486.72,167.55,1755,1,Arah 10,21,18,2,166,3,210,0,252,0
1700000084876,84.88,945,0.0,413.72,77.13,1707,1,Arah 10,28,23,4,194,4,253,0,253,0
1700000084942,84.94,966,554.94,434.9,65.56,1757,1,Arah 10,9,18,3,195,2,227,1,253,0
1700000085009,85.01,871,0.0,369.66,179.6,1528,1,Arah 10,27,35,2,204,3,271,0,253,0
1700000085076,85.08,1053,0.0,314.21,48.22,1551,1,Arah 10,14,40,4,187,2,247,0,253,0
1700000085142,85.14,1004,899.9,402.07,40.99,1720,1,Arah 10,8,15,5,99,4,131,0,253,0
1700000085209,85.21,933,0.0,341.76,166.05,1489,1,Arah 10,28,50,3,197,4,282,0,253,0
1700000085276,85.28,1035,0.0,290.49,7.21,1547,1,Arah 10,42,73,6,142,1,264,2,253,0
1700000085342,85.34,1056,599.93,336.91,298.54,1350,1,Arah 10,10,38,3,200,4,255,0,254,0
1700000085409,85.41,955,1364.85,491.1,238.7,1696,1,Arah 10,10,23,6,164,4,207,0,254,0
1700000085476,85.48,874,532.44,497.3,101.78,1835,1,Arah 10,24,20,3,196,1,244,0,255,0
1700000085542,85.54,884,0.0,422.71,205.37,1602,1,Arah 10,34,43,6,93,3,179,0,256,0
1700000085609,85.61,913,0.0,359.3,174.57,1513,1,Arah 10,39,15,5,229,1,289,1,256,0
1700000085676,85.68,891,0.0,305.41,148.38,1437,1,Arah 10,11,70,5,159,2,247,0,256,0
1700000085742,85.74,921,0.0,259.59,126.13,1372,1,Arah 10,7,69,5,216,4,301,1,256,0
1700000085809,85.81,1051,0.0,220.66,143.9,1281,1,Arah 10,32,54,2,192,2,282,0,256,0
1700000085876,85.88,991,1124.87,356.29,254.57,1430,1,Arah 10,35,20,6,97,3,161,0,257,0
1700000085942,85.94,901,592.43,391.71,34.73,1707,1,Arah 10,10,54,3,196,4,267,0,257,0
1700000086009,86.01,912,0.0,332.95,161.77,1476,1,Arah 10,17,36,3,125,4,185,0,257,0
1700000086076,86.08,963,0.0,283.01,124.11,1419,1,Arah 10,23,69,6,143,1,242,1,257,0
1700000086142,86.14,1044,59.99,249.56,38.53,1439,1,Arah 10,12,18,3,115,1,149,0,258,0
1700000086209,86.21,955,299.97,257.12,46.14,1446,1,Arah 10,11,53,6,95,2,167,0,259,0
1700000086276,86.28,1004,0.0,218.55,34.44,1385,1,Arah 10,16,16,6,130,1,169,0,259,0
1700000086342,86.34,994,629.93,280.26,54.38,1482,1,Arah 10,42,51,4,224,2,323,0,259,0
1700000086409,86.41,920,112.49,255.09,94.4,1395,1,Arah 10,34,23,6,134,3,200,0,260,0
1700000086476,86.48,979,0.0,216.83,105.35,1311,1,Arah 10,22,33,2,175,3,235,0,260,0
1700000086542,86.54,1063,0.0,184.3,76.15,1278,1,Arah 10,30,24,6,135,3,198,0,260,0
1700000086609,86.61,1056,59.99,165.66,109.37,1210,1,Arah 10,26,56,4,109,4,199,0,260,0
1700000086676,86.68,1055,779.91,257.8,305.57,1191,1,Arah 10,31,23,4,154,2,214,0,260,0
1700000086742,86.74,952,1012.39,370.98,85.63,1621,1,Arah 10,5,51,3,201,2,262,0,260,0
1700000086809,86.81,920,0.0,315.34,153.21,1451,1,Arah 10,16,49,6,125,2,198,0,260,0
1700000086876,86.88,1060,0.0,268.04,159.38,1356,1,Arah 10,33,27,3,152,3,218,0,260,0
1700000086942,86.94,1043,1297.36,422.43,214.16,1593,1,Arah 10,11,20,5,123,3,162,0,260,0
1700000087009,87.01,887,352.46,411.94,107.58,1675,1,Arah 10,10,12,4,229,2,257,0,260,0
1700000087076,87.08,996,0.0,350.15,44.57,1622,1,Arah 10,22,41,6,90,2,161,0,260,0
1700000087143,87.14,1027,562.44,381.99,22.38,1701,1,Arah 10,14,21,4,161,4,204,1,260,0
1700000087209,87.21,921,269.97,365.19,106.53,1590,1,Arah 10,32,68,5,189,3,297,0,260,0
1700000087276,87.28,991,0.0,310.41,43.68,1549,1,Arah 10,7,66,2,219,2,296,0,260,0
1700000087343,87.34,1031,479.95,335.84,37.12,1602,1,Arah 10,8,35,2,103,2,150,0,260,0
1700000087409,87.41,927,0.0,285.46,138.69,1409,1,Arah 10,26,43,2,225,3,299,0,260,0
1700000087476,87.48,1088,0.0,242.64,57.62,1408,1,Arah 10,28,48,3,172,1,252,1,260,0
1700000087543,87.54,1201,269.97,246.74,347.77,1128,0,,27,49,4,0,3,83,0,261,0
1700000087609,87.61,1052,1777.3,476.33,235.34,1672,1,Arah 10,9,61,5,133,4,212,0,262,0
1700000087676,87.68,964,0.0,404.88,196.71,1577,1,Arah 10,30,35,3,169,4,241,0,262,0
1700000087743,87.74,1101,0.0,344.15,85.18,1571,1,Arah 10,23,50,3,198,1,275,0,262,0
1700000087809,87.81,1084,367.46,347.64,315.98,1353,1,Arah 10,22,70,6,175,4,277,2,262,0
1700000087876,87.88,1052,1739.81,556.47,186.55,1862,1,Arah 10,44,47,2,223,4,320,0,262,0
1700000087943,87.94,852,0.0,473.0,229.81,1671,1,Arah 10,25,17,6,134,2,184,0,263,0
1700000088009,88.01,1223,0.0,402.05,256.66,1514,1,Arah 10,19,13,5,182,2,221,0,263,0
1700000088076,88.08,1046,2024.78,645.46,251.64,1959,1,Arah 10,13,50,2,215,3,283,0,263,0
1700000088143,88.14,953,149.98,571.14,238.1,1841,1,Arah 10,36,25,3,122,1,187,1,263,0
1700000088209,88.21,1026,0.0,485.47,235.87,1688,1,Arah 10,2,37,2,221,4,266,0,263,0
1700000088276,88.28,976,0.0,412.65,200.49,1588,1,Arah 10,6,25,5,194,1,231,1,263,0
1700000088343,88.34,1056,0.0,350.75,118.52,1552,1,Arah 10,28,15,6,128,1,178,0,263,0
1700000088409,88.41,1228,232.47,333.01,106.84,1530,1,Arah 10,14,65,4,197,2,282,0,263,0
1700000088476,88.48,1025,929.9,422.54,38.92,1759,1,Arah 10,40,64,2,151,1,258,0,264,0
1700000088543,88.54,1104,0.0,359.16,174.5,1513,1,Arah 10,39,74,3,134,3,253,1,264,0
1700000088609,88.61,1129,0.0,305.29,109.48,1475,1,Arah 10,11,24,4,143,2,184,1,264,0
1700000088676,88.68,1158,1154.87,432.72,131.56,1690,1,Arah 10,9,25,2,199,3,238,0,265,0
1700000088743,88.74,975,172.48,393.69,145.98,1605,1,Arah 10,32,27,6,100,3,168,0,265,0
1700000088809,88.81,1135,0.0,334.63,58.79,1579,1,Arah 10,27,39,2,208,1,277,1,265,0
1700000088876,88.88,1170,464.95,354.18,78.93,1596,1,Arah 10,20,42,2,99,3,166,0,265,0
1700000088943,88.94,1073,577.44,387.67,36.7,1698,1,Arah 10,37,51,5,159,3,255,1,265,0
1700000089009,89.01,1093,0.0,329.52,118.25,1512,1,Arah 10,42,54,5,159,1,261,1,265,0
1700000089076,89.08,1177,187.48,308.21,3.42,1583,1,Arah 10,43,37,3,166,1,250,1,265,0
1700000089143,89.14,1068,434.95,327.22,44.75,1579,1,Arah 10,30,32,6,203,1,272,0,266,0
1700000089209,89.21,1119,0.0,278.14,135.14,1399,1,Arah 10,28,33,2,176,3,242,0,266,0
1700000089276,89.28,1141,0.0,236.42,0.64,1452,1,Arah 10,11,51,6,164,1,233,0,266,0
1700000089343,89.34,1143,517.44,278.57,0.55,1531,1,Arah 10,19,51,3,132,1,206,1,267,0
1700000089409,89.41,1072,0.0,236.79,115.04,1340,1,Arah 10,26,60,3,228,3,320,0,268,0
1700000089476,89.48,1175,0.0,201.27,22.74,1363,1,Arah 10,26,36,6,178,4,250,0,268,0
1700000089543,89.54,1076,539.94,252.07,19.33,1463,1,Arah 10,35,24,3,138,2,202,0,268,0
1700000089609,89.61,1103,0.0,214.26,104.1,1308,1,Arah 10,44,62,2,226,3,337,0,269,0
1700000089676,89.68,1147,0.0,182.12,109.05,1241,1,Arah 10,25,38,4,125,2,194,0,269,0
1700000089743,89.74,1105,884.9,287.54,92.7,1458,1,Arah 10,42,40,3,150,4,239,0,269,0
1700000089809,89.81,1029,0.0,244.41,80.24,1389,1,Arah 10,7,51,4,132,3,197,0,269,0
1700000089876,89.88,1187,172.48,233.62,68.21,1380,1,Arah 10,36,55,2,180,3,276,0,269,0
1700000089943,89.94,1006,0.0,198.58,96.48,1285,1,Arah 10,20,52,3,144,4,223,0,269,0
1700000090010,90.01,1222,0.0,168.79,281.26,1044,1,Arah 10,37,70,5,0,3,115,0,269,0
1700000090076,90.08,1163,1627.32,387.57,414.85,1331,1,Arah 10,11,63,2,184,4,264,0,270,0
1700000090143,90.14,1005,787.41,447.55,10.65,1830,1,Arah 10,34,56,6,96,3,195,0,271,0
1700000090210,90.21,1058,0.0,380.41,163.06,1564,1,Arah 10,8,22,6,101,4,141,0,271,0
1700000090276,90.28,1184,97.49,337.97,96.75,1549,1,Arah 10,26,50,3,224,4,307,0,272,0
1700000090343,90.34,1045,187.48,315.4,104.0,1500,1,Arah 10,44,52,5,127,1,229,0,272,0
1700000090410,90.41,1159,0.0,268.09,122.53,1392,1,Arah 10,36,55,3,171,1,266,0,272,0
1700000090476,90.48,1140,1132.37,397.73,192.87,1567,1,Arah 10,44,22,3,161,3,233,0,272,0
1700000090543,90.54,1008,397.46,397.69,88.84,1667,1,Arah 10,32,53,4,177,2,268,0,272,0
1700000090610,90.61,1087,0.0,338.04,164.24,1483,1,Arah 10,6,26,6,199,2,239,0,272,0
1700000090676,90.68,1078,0.0,287.33,139.6,1412,1,Arah 10,44,48,6,183,3,284,0,272,0
1700000090743,90.74,1142,0.0,244.23,118.66,1351,1,Arah 10,26,55,5,142,2,230,0,272,0
1700000090810,90.81,1260,0.0,207.6,113.42,1286,1,Arah 10,41,55,3,91,3,193,0,272,0
1700000090876,90.88,1146,959.89,320.44,260.46,1356,1,Arah 10,4,37,6,187,2,236,1,273,0
1700000090943,90.94,1132,734.92,382.61,7.11,1717,1,Arah 10,35,15,6,173,2,231,0,273,0
1700000091010,91.01,1048,0.0,325.22,141.27,1482,1,Arah 10,33,66,6,135,3,243,0,273,0
1700000091076,91.08,1246,74.99,287.69,137.72,1414,1,Arah 10,27,40,3,105,2,177,1,273,0
1700000091143,91.14,1038,1154.87,417.76,100.32,1693,1,Arah 10,23,43,2,156,1,225,0,273,0
1700000091210,91.21,1092,0.0,355.1,159.14,1520,1,Arah 10,21,66,3,207,1,298,0,274,0
1700000091276,91.28,1159,59.99,310.83,135.26,1460,1,Arah 10,44,24,3,109,3,183,0,275,0
1700000091343,91.34,1084,0.0,264.21,128.37,1379,1,Arah 10,31,57,6,154,4,252,0,275,0
1700000091410,91.41,1273,0.0,224.58,13.69,1417,1,Arah 10,32,39,3,168,1,243,0,275,0
1700000091476,91.48,1218,427.45,255.01,87.13,1402,1,Arah 10,20,43,4,218,3,288,0,275,0
1700000091543,91.54,1216,442.45,283.13,58.99,1483,1,Arah 10,23,23,4,101,2,153,0,275,0
1700000091610,91.61,1159,359.96,294.65,48.62,1514,1,Arah 10,35,13,2,208,2,260,0,276,0
1700000091676,91.68,1168,0.0,250.45,99.92,1381,1,Arah 10,10,56,6,164,2,238,1,276,0
1700000091743,91.74,1198,97.49,227.51,84.93,1352,1,Arah 10,4,59,4,150,3,220,0,276,0
1700000091810,91.81,1155,0.0,193.38,93.96,1278,1,Arah 10,25,63,4,210,4,306,1,276,0
1700000091876,91.88,1242,0.0,164.37,2.86,1313,1,Arah 10,33,48,6,212,4,303,2,277,0
1700000091943,91.94,1238,344.96,191.46,374.23,1000,0,,17,69,2,0,4,92,0,277,0
1700000092010,92.01,1196,1687.31,415.84,393.43,1406,1,Arah 10,13,35,5,158,1,212,0,277,0
1700000092076,92.08,1013,682.42,455.83,42.25,1816,1,Arah 10,10,51,6,110,4,181,0,277,0
1700000092143,92.14,1105,0.0,387.45,188.25,1553,1,Arah 10,35,46,5,203,1,290,0,277,0
1700000092210,92.21,1163,0.0,329.34,98.07,1531,1,Arah 10,22,30,3,228,3,286,0,277,0
1700000092276,92.28,1181,277.47,321.56,147.66,1469,1,Arah 10,24,41,3,105,1,174,0,277,0
1700000092343,92.34,1126,1034.88,428.56,63.57,1747,1,Arah 10,26,35,3,209,2,275,0,277,0
1700000092410,92.41,1043,0.0,364.27,176.98,1520,1,Arah 10,43,19,3,111,1,177,0,277,0
1700000092476,92.48,1169,0.0,309.63,150.44,1443,1,Arah 10,44,49,5,111,3,212,0,277,0
1700000092543,92.54,1244,0.0,263.19,127.87,1378,1,Arah 10,23,51,4,155,3,236,0,277,0
1700000092610,92.61,1284,0.0,223.71,199.33,1231,0,,43,60,4,0,4,111,0,277,0
1700000092676,92.68,1290,1379.85,397.13,268.2,1493,1,Arah 10,25,23,2,189,4,243,0,277,0
1700000092743,92.74,1100,442.45,403.93,80.05,1687,1,Arah 10,6,24,5,98,4,137,1,277,0
1700000092810,92.81,1231,0.0,343.34,81.44,1574,1,Arah 10,10,56,4,156,3,229,0,277,0
1700000092876,92.88,1184,382.46,349.21,47.96,1617,1,Arah 10,14,34,3,142,3,196,0,277,0
1700000092943,92.94,1180,524.94,375.57,44.61,1668,1,Arah 10,37,30,2,150,4,223,0,277,0
1700000093010,93.01,1114,0.0,319.23,114.92,1496,1,Arah 10,8,12,3,91,4,118,0,277,0
1700000093077,93.08,1293,179.98,298.34,183.56,1390,1,Arah 10,10,70,4,148,1,233,0,278,1
1700000093143,93.14,1090,1259.86,442.57,115.84,1723,1,Arah 10,42,37,3,111,4,197,0,278,0
1700000093210,93.21,1125,0.0,376.19,182.77,1537,1,Arah 10,2,49,6,208,1,266,0,278,0
1700000093277,93.28,1212,0.0,319.76,68.31,1542,1,Arah 10,18,53,5,119,1,196,0,278,0
1700000093343,93.34,1163,389.96,330.29,9.51,1618,1,Arah 10,32,52,2,107,1,194,0,278,0
1700000093410,93.41,1160,217.48,313.37,95.14,1504,1,Arah 10,22,50,4,220,1,297,0,278,0
1700000093477,93.48,1134,0.0,266.36,129.41,1382,1,Arah 10,22,42,6,167,2,239,0,278,0
1700000093543,93.54,1316,0.0,226.41,186.31,1250,0,,26,37,5,0,2,70,0,278,0
1700000093610,93.61,1176,1327.35,391.55,158.36,1589,1,Arah 10,43,59,3,128,4,237,0,280,0
1700000093677,93.68,1139,0.0,332.82,161.7,1476,1,Arah 10,22,64,5,141,4,236,0,280,0
1700000093743,93.74,1243,0.0,282.89,62.11,1479,1,Arah 10,34,38,5,107,1,185,1,280,0
1700000093810,93.81,1262,337.46,291.08,52.8,1504,1,Arah 10,28,19,2,146,4,199,0,280,0
1700000093877,93.88,1198,0.0,247.42,44.88,1429,1,Arah 10,28,17,6,216,3,270,0,280,0
1700000093943,93.94,1283,337.46,260.92,90.76,1410,1,Arah 10,22,49,6,212,2,291,0,280,0
1700000094010,94.01,1153,577.44,308.4,1.81,1585,1,Arah 10,6,20,5,213,1,245,0,280,0
1700000094077,94.08,1206,0.0,262.14,127.36,1376,1,Arah 10,18,32,6,169,1,226,0,280,0
1700000094143,94.14,1212,0.0,222.82,108.26,1320,1,Arah 10,44,18,5,190,4,261,1,280,0
1700000094210,94.21,1234,0.0,189.4,1.62,1362,1,Arah 10,23,16,5,115,2,161,0,281,0
1700000094277,94.28,1283,404.96,221.73,145.94,1281,0,,18,36,5,0,3,62,1,281,0
1700000094343,94.34,1180,659.93,287.46,62.11,1488,1,Arah 10,29,47,2,170,1,249,0,281,0
1700000094410,94.41,1195,127.49,263.46,94.52,1411,1,Arah 10,13,22,4,171,4,214,0,281,0
1700000094477,94.48,1163,0.0,223.94,108.8,1322,1,Arah 10,13,47,5,154,4,223,0,281,0
1700000094543,94.54,1240,0.0,190.35,92.48,1274,1,Arah 10,11,68,5,180,3,267,0,282,0
1700000094610,94.61,1322,0.0,161.8,6.77,1304,0,,22,28,3,0,3,56,1,282,0
1700000094677,94.68,1398,382.46,194.9,461.09,1000,0,,33,31,2,0,4,70,0,283,0
1700000094743,94.74,1271,2039.77,471.63,390.25,1514,1,Arah 10,32,71,4,170,1,278,1,283,0
1700000094810,94.81,1126,374.96,457.13,123.63,1742,1,Arah 10,20,39,6,226,1,292,0,283,0
1700000094877,94.88,1221,0.0,388.56,79.97,1659,1,Arah 10,10,61,2,223,2,298,0,283,0
1700000094943,94.94,1358,487.45,403.39,317.06,1457,1,Arah 10,32,34,2,183,3,254,0,284,0
1700000095010,95.01,1156,1724.81,601.6,160.68,1964,1,Arah 10,12,25,3,222,3,265,0,284,0
1700000095077,95.08,1128,0.0,511.36,248.45,1723,1,Arah 10,26,16,5,224,1,272,0,284,0
1700000095143,95.14,1207,0.0,434.66,211.18,1618,1,Arah 10,23,27,4,162,2,218,0,285,0
1700000095210,95.21,1316,0.0,369.46,77.39,1626,1,Arah 10,37,61,3,198,4,303,0,285,0
1700000095277,95.28,1371,457.45,382.66,54.75,1672,1,Arah 10,27,31,5,165,3,231,0,285,0
1700000095343,95.34,1255,539.94,406.25,17.07,1750,1,Arah 10,14,66,5,203,3,291,0,285,0
1700000095410,95.41,1299,172.48,371.19,135.05,1574,1,Arah 10,25,30,5,160,3,223,0,286,0
1700000095477,95.48,1232,0.0,315.51,153.29,1452,1,Arah 10,8,49,5,145,2,209,0,286,0
1700000095543,95.54,1304,0.0,268.18,85.1,1429,1,Arah 10,38,73,4,100,2,217,0,286,0
1700000095610,95.61,1347,202.48,258.33,51.55,1443,1,Arah 10,13,13,6,208,3,243,0,286,0
1700000095677,95.68,1277,554.94,302.82,1.39,1575,1,Arah 10,14,16,4,190,2,226,0,286,0
1700000095743,95.74,1273,0.0,257.4,125.06,1369,1,Arah 10,17,30,2,94,4,147,0,286,0
1700000095810,95.81,1442,0.0,218.79,109.65,1311,0,,43,17,3,0,2,65,0,287,0
1700000095877,95.88,1309,967.39,331.08,217.09,1419,1,Arah 10,42,70,5,162,1,280,0,287,0
1700000095943,95.94,1313,554.94,364.66,31.43,1661,1,Arah 10,16,17,2,228,3,266,1,288,0
1700000096010,96.01,1235,0.0,309.96,150.59,1444,1,Arah 10,18,14,3,212,2,249,0,288,0
1700000096077,96.08,1332,0.0,263.46,25.89,1478,1,Arah 10,35,43,3,155,4,240,0,288,0
1700000096144,96.14,1362,457.45,292.56,118.61,1442,1,Arah 10,7,50,4,140,3,204,0,288,0
1700000096210,96.21,1271,629.93,343.17,1.29,1650,1,Arah 10,8,66,4,118,1,197,1,288,0
1700000096277,96.28,1278,0.0,291.69,141.72,1418,1,Arah 10,3,58,2,103,1,167,0,288,0
1700000096344,96.34,1359,0.0,247.94,53.64,1422,1,Arah 10,32,40,5,107,1,185,0,288,0
1700000096410,96.41,1310,779.91,327.73,115.9,1511,1,Arah 10,38,46,5,163,1,253,1,288,1
1700000096477,96.48,1255,314.97,325.82,65.54,1556,1,Arah 10,27,28,6,144,1,206,0,288,0
1700000096544,96.54,1268,45.0,283.7,126.02,1418,1,Arah 10,16,14,6,128,1,165,1,288,0
1700000096610,96.61,1249,0.0,241.14,117.16,1346,1,Arah 10,18,50,6,199,3,276,2,289,0
1700000096677,96.68,1317,0.0,204.97,42.71,1351,1,Arah 10,31,17,3,152,4,207,0,290,0
1700000096744,96.74,1339,637.43,269.84,36.3,1480,1,Arah 10,41,53,4,137,4,239,1,290,0
1700000096810,96.81,1232,0.0,229.36,111.44,1329,1,Arah 10,4,31,2,124,2,163,0,290,0
1700000096877,96.88,1410,0.0,194.96,66.26,1308,0,,15,30,2,0,1,48,0,290,0
1700000096944,96.94,1412,127.49,184.84,45.79,1309,0,,37,70,4,0,3,114,0,290,0
1700000097010,97.01,1393,457.45,225.73,60.69,1373,0,,42,72,3,0,1,118,0,290,0
1700000097077,97.08,1351,224.98,225.62,50.53,1382,1,Arah 10,20,56,4,207,3,290,0,290,0
1700000097144,97.14,1363,0.0,191.77,32.38,1336,0,,33,42,2,0,4,81,0,290,0
1700000097210,97.21,1409,562.44,247.37,64.35,1410,1,Arah 10,29,43,4,202,1,279,0,290,0
1700000097277,97.28,1288,164.98,235.01,40.72,1410,1,Arah 10,14,36,6,199,2,257,0,290,0
1700000097344,97.34,1387,134.99,220.01,6.15,1415,1,Arah 10,5,22,3,185,4,219,0,290,0
1700000097410,97.41,1270,292.47,230.88,35.36,1407,1,Arah 10,13,55,4,153,4,229,0,290,0
1700000097477,97.48,1348,0.0,196.25,15.14,1361,1,Arah 10,40,21,3,184,1,249,0,290,0
1700000097544,97.54,1427,494.95,241.05,225.47,1239,0,,36,13,5,0,2,56,0,290,0
1700000097610,97.61,1282,952.39,347.75,233.5,1434,1,Arah 10,21,67,2,105,2,197,0,290,0
1700000097677,97.68,1300,682.42,397.95,14.13,1738,1,Arah 10,33,50,6,225,3,317,0,290,1
1700000097744,97.74,1191,0.0,338.26,164.35,1484,1,Arah 10,40,57,2,119,3,221,0,290,0
1700000097810,97.81,1305,0.0,287.52,139.69,1412,1,Arah 10,5,66,5,172,2,250,0,290,1
1700000097877,97.88,1417,0.0,244.39,252.9,1218,1,Arah 10,5,57,4,0,2,68,0,290,0
1700000097944,97.94,1326,1664.82,457.46,303.69,1572,1,Arah 10,25,72,3,212,1,313,0,291,0
1700000098010,98.01,1195,397.46,448.46,113.5,1736,1,Arah 10,33,71,2,222,1,329,0,291,0
1700000098077,98.08,1273,0.0,381.19,185.2,1544,1,Arah 10,9,61,4,158,3,235,0,291,0
1700000098144,98.14,1336,0.0,324.01,157.42,1464,1,Arah 10,11,56,2,161,1,231,0,291,0
1700000098210,98.21,1352,0.0,275.41,133.81,1395,1,Arah 10,22,31,2,134,1,190,0,291,0
1700000098277,98.28,1373,0.0,234.1,160.81,1290,1,Arah 10,23,53,4,0,1,81,1,291,0
1700000098344,98.34,1403,1229.86,383.46,270.61,1465,1,Arah 10,22,61,3,176,2,264,0,291,0
1700000098410,98.41,1209,599.93,415.93,44.53,1742,1,Arah 10,13,63,2,94,1,173,0,293,0
1700000098477,98.48,1323,0.0,353.54,171.77,1505,1,Arah 10,25,72,6,161,1,265,0,293,0
1700000098544,98.54,1413,0.0,300.51,138.58,1438,1,Arah 10,39,58,5,225,2,329,0,294,0
1700000098610,98.61,1432,1274.86,446.66,196.48,1654,1,Arah 10,31,12,4,196,4,247,1,294,0
1700000098677,98.68,1243,352.46,432.53,117.58,1703,1,Arah 10,20,62,6,225,1,314,0,295,0
1700000098744,98.74,1385,0.0,367.65,146.82,1556,1,Arah 10,2,25,5,184,2,218,0,295,1
1700000098810,98.81,1352,142.48,333.88,22.52,1613,1,Arah 10,16,41,5,206,2,270,0,295,0
1700000098877,98.88,1366,659.93,382.79,12.67,1712,1,Arah 10,43,53,3,93,2,194,0,297,0
1700000098944,98.94,1264,0.0,325.37,47.59,1573,1,Arah 10,43,62,5,201,1,312,0,297,0
1700000099011,99.01,1397,494.95,350.8,40.46,1627,1,Arah 10,24,74,3,148,4,253,0,297,0
1700000099077,99.08,1198,0.0,298.18,144.87,1427,1,Arah 10,36,58,3,196,1,294,0,297,0
1700000099144,99.14,1427,0.0,253.46,136.33,1351,1,Arah 10,26,31,4,0,1,62,0,297,1
1700000099211,99.21,1332,1162.37,389.79,115.88,1627,1,Arah 10,19,48,4,97,4,172,0,297,0
1700000099277,99.28,1272,0.0,331.32,160.98,1474,1,Arah 10,9,18,3,222,2,254,1,298,0
1700000099344,99.34,1421,0.0,281.63,106.7,1433,1,Arah 10,27,59,5,137,4,232,1,298,0
1700000099411,99.41,1367,134.99,259.63,90.69,1407,1,Arah 10,44,67,5,169,4,289,0,298,0
1700000099477,99.48,1403,0.0,220.69,50.14,1373,1,Arah 10,14,72,5,0,3,94,0,298,0
1700000099544,99.54,1393,704.92,293.32,49.31,1511,1,Arah 10,38,60,5,133,3,239,0,300,0
1700000099611,99.61,1309,30.0,253.82,81.96,1405,1,Arah 10,7,22,2,104,3,138,0,300,0
1700000099677,99.68,1389,149.98,238.25,1.03,1455,1,Arah 10,21,19,2,160,4,206,0,300,0
1700000099744,99.74,1289,337.46,253.13,34.36,1450,1,Arah 10,9,46,2,160,4,221,0,300,0
1700000099811,99.81,1344,0.0,215.16,104.54,1309,1,Arah 10,16,24,6,0,3,49,2,300,0
1700000099877,99.88,1390,0.0,182.89,26.65,1325,1,Arah 10,36,60,5,0,2,103,0,300,0
1700000099944,99.94,1388,517.44,233.07,139.84,1308,1,Arah 10,42,43,4,0,2,91,0,301,0
1700000100011,100.01,1321,524.94,276.85,3.35,1525,1,Arah 10,24,20,5,202,1,252,0,301,0
1700000100077,100.08,1318,0.0,235.32,114.33,1338,1,Arah 10,6,50,4,125,3,188,1,301,1
1700000100144,100.14,1452,0.0,200.02,97.18,1287,1,Arah 10,21,12,5,0,1,39,0,301,0
1700000100211,100.21,1348,0.0,170.02,29.04,1298,1,Arah 10,8,65,4,0,3,80,0,301,0
1700000100277,100.28,1528,239.97,180.51,280.0,1068,1,Arah 10,21,67,4,0,2,94,0,301,0
1700000100344,100.34,1316,1364.85,358.16,217.91,1469,1,Arah 10,7,33,3,220,3,266,1,301,0
1700000100411,100.41,1346,149.98,326.94,119.45,1506,1,Arah 10,16,69,6,149,3,243,1,301,0
1700000100477,100.48,1296,0.0,277.9,135.02,1398,1,Arah 10,32,39,3,187,3,264,1,301,0
1700000100544,100.54,1496,0.0,236.21,178.19,1276,0,,12,22,5,0,1,40,0,301,0
1700000100611,100.61,1486,1312.35,397.63,260.28,1502,1,Arah 10,44,28,4,132,2,210,0,302,0
1700000100677,100.68,1321,487.45,411.1,71.72,1708,1,Arah 10,24,32,5,140,2,203,0,302,0
1700000100744,100.74,1421,0.0,349.44,169.78,1499,1,Arah 10,42,24,3,167,3,239,1,302,0
1700000100811,100.81,1533,0.0,297.02,26.44,1540,1,Arah 10,40,62,3,94,2,201,0,302,0
1700000100877,100.88,1507,764.92,367.21,208.3,1495,0,,38,65,4,0,1,108,0,302,0
1700000100944,100.94,1431,832.41,436.99,6.3,1816,1,Arah 10,28,64,5,133,3,233,0,302,0
1700000101011,101.01,1396,0.0,371.44,180.47,1530,1,Arah 10,21,49,2,145,3,220,0,302,0
1700000101077,101.08,1519,0.0,315.72,114.89,1490,0,,18,50,6,0,2,76,0,302,0
1700000101144,101.14,1409,172.48,294.24,95.99,1468,1,Arah 10,37,34,4,94,3,172,1,302,0
1700000101211,101.21,1496,7.5,251.23,106.7,1376,0,,35,54,5,0,2,96,0,302,0
1700000101277,101.28,1408,59.99,222.54,13.1,1413,1,Arah 10,17,28,5,220,4,274,0,302,0
1700000101344,101.34,1488,472.45,260.03,374.4,1127,0,,41,67,3,0,4,115,0,302,0
1700000101411,101.41,1345,1687.31,474.12,212.78,1689,1,Arah 10,8,16,5,217,2,248,0,303,0
1700000101477,101.48,1263,0.0,403.0,195.8,1574,1,Arah 10,14,50,6,145,2,217,0,303,0
1700000101544,101.54,1516,0.0,342.55,166.43,1490,0,,43,53,3,0,2,101,0,303,0
1700000101611,101.61,1414,0.0,291.17,141.47,1417,1,Arah 10,43,17,6,161,3,230,0,304,0
1700000101677,101.68,1559,0.0,247.49,24.83,1449,0,,42,20,5,0,4,71,0,304,0
1700000101744,101.74,1453,427.45,274.49,126.21,1401,0,,37,60,2,0,4,103,1,305,0
1700000101811,101.81,1502,659.93,332.3,353.37,1287,0,,16,25,2,0,3,46,0,305,0
1700000101877,101.88,1365,1529.83,511.93,153.05,1814,1,Arah 10,34,42,2,195,2,275,1,306,0
1700000101944,101.94,1298,0.0,435.14,211.42,1619,1,Arah 10,15,66,3,95,3,182,0,306,0
1700000102011,102.01,1436,0.0,369.87,69.22,1634,1,Arah 10,39,21,6,107,4,177,0,306,0
1700000102078,102.08,1414,494.95,388.63,48.79,1688,1,Arah 10,17,49,3,215,4,288,0,306,0
1700000102144,102.14,1370,45.0,337.09,151.96,1494,1,Arah 10,13,68,6,173,2,262,0,307,0
1700000102211,102.21,1408,0.0,286.52,139.21,1411,1,Arah 10,28,17,6,121,4,176,0,307,0
1700000102278,102.28,1442,0.0,243.55,118.33,1350,0,,38,14,6,0,4,62,0,307,0
1700000102344,102.34,1413,0.0,207.01,100.58,1297,0,,10,55,5,0,2,72,0,307,0
1700000102411,102.41,1449,0.0,175.96,85.49,1253,0,,4,50,2,0,4,60,0,307,0
1700000102478,102.48,1465,0.0,149.57,72.67,1215,0,,41,59,5,0,4,109,0,307,0
1700000102544,102.54,1509,0.0,127.13,60.44,1184,0,,28,19,5,0,1,53,0,307,0
1700000102611,102.61,1472,547.44,190.18,86.53,1279,0,,15,44,5,0,1,65,0,307,0
1700000102678,102.68,1436,157.48,185.27,28.35,1327,0,,17,28,4,0,1,50,0,308,0
1700000102744,102.74,1451,344.96,209.23,11.06,1390,0,,41,72,2,0,2,117,0,309,0
1700000102811,102.81,1390,0.0,177.84,86.41,1256,0,,43,72,2,0,3,120,0,309,0
1700000102878,102.88,1470,0.0,151.17,73.45,1217,0,,31,43,3,0,1,78,1,311,0
1700000102944,102.94,1567,0.0,128.49,156.87,1091,0,,34,27,3,0,2,66,0,311,1
1700000103011,103.01,1513,982.39,256.58,143.39,1350,0,,40,45,5,0,3,93,0,312,0
1700000103078,103.08,1436,45.0,224.84,97.42,1335,0,,42,73,5,0,3,123,0,313,0
1700000103144,103.14,1507,0.0,191.11,61.05,1306,0,,21,49,5,0,3,78,0,313,0
1700000103211,103.21,1603,142.48,183.82,43.52,1310,0,,27,31,2,0,3,63,0,313,0
1700000103278,103.28,1488,37.5,161.87,42.01,1269,0,,21,45,4,0,4,74,1,313,0
1700000103344,103.34,1598,119.99,155.59,257.25,1043,0,,10,17,4,0,4,35,0,313,0
1700000103411,103.41,1472,1349.85,334.73,245.44,1398,0,,25,57,6,0,4,92,0,313,0
1700000103478,103.48,1418,239.97,320.51,92.7,1520,1,Arah 10,23,31,2,97,4,157,0,313,0
1700000103544,103.54,1440,0.0,272.44,132.37,1391,0,,36,40,6,0,2,84,0,313,0
1700000103611,103.61,1516,0.0,231.57,347.85,1099,0,,39,48,3,0,1,91,0,313,0
1700000103678,103.68,1500,2062.27,506.18,295.68,1669,1,Arah 10,14,54,6,210,1,285,0,314,0
1700000103744,103.74,1241,0.0,430.25,209.04,1612,1,Arah 10,29,16,6,143,1,195,0,314,0
1700000103811,103.81,1515,0.0,365.71,177.68,1522,1,Arah 10,4,59,3,193,4,263,0,316,0
1700000103878,103.88,1610,0.0,310.86,146.01,1450,0,,32,60,3,0,1,96,0,316,0
1700000103944,103.94,1534,22.5,267.6,124.11,1390,0,,39,60,4,0,4,107,0,316,0
1700000104011,104.01,1607,0.0,227.46,6.72,1429,0,,19,12,3,0,2,36,0,316,0
1700000104078,104.08,1557,464.95,263.08,248.74,1258,0,,25,62,4,0,4,95,0,316,0
1700000104144,104.14,1545,1139.87,394.6,362.09,1397,0,,5,72,2,0,1,80,0,316,0
1700000104211,104.21,1405,1139.87,506.39,53.32,1895,1,Arah 10,37,54,4,203,3,301,0,316,0
1700000104278,104.28,1393,0.0,430.43,209.13,1612,1,Arah 10,25,57,6,196,1,285,0,317,0
1700000104344,104.34,1555,0.0,365.87,107.45,1590,1,Arah 10,17,73,6,190,4,290,0,317,0
1700000104411,104.41,1559,314.97,358.23,69.57,1613,1,Arah 10,6,42,2,148,2,200,0,318,0
1700000104478,104.48,1513,97.49,319.12,62.48,1547,1,Arah 10,33,64,6,93,1,197,0,318,0
1700000104544,104.54,1546,299.97,316.25,74.87,1529,0,,20,49,5,0,4,78,0,318,0
1700000104611,104.61,1473,0.0,268.81,130.6,1386,0,,3,61,2,0,1,67,0,318,0
1700000104678,104.68,1574,0.0,228.49,131.72,1308,0,,9,52,3,0,4,68,0,318,0
1700000104744,104.74,1517,1087.38,357.32,262.63,1424,0,,25,49,6,0,3,83,0,318,0
1700000104811,104.81,1429,674.92,404.96,19.5,1746,1,Arah 10,13,54,5,227,3,302,0,318,0
1700000104878,104.88,1427,0.0,344.22,112.0,1546,1,Arah 10,10,49,2,122,2,185,0,318,0
1700000104944,104.94,1592,247.47,329.71,85.6,1544,0,,24,73,3,0,1,101,0,318,0
1700000105011,105.01,1394,809.91,401.74,17.52,1742,1,Arah 10,8,43,5,145,3,204,0,318,0
1700000105078,105.08,1484,0.0,341.48,1.5,1647,1,Arah 10,27,73,4,162,2,268,0,318,0
1700000105145,105.15,1612,749.92,402.74,1.27,1759,1,Arah 10,22,20,4,198,2,246,0,318,0
1700000105211,105.21,1384,0.0,342.33,166.32,1489,1,Arah 10,9,69,4,90,2,174,0,318,0
1700000105278,105.28,1647,0.0,290.98,91.32,1466,0,,28,18,5,0,4,55,0,318,0
1700000105345,105.35,1600,1042.38,403.69,310.31,1465,0,,19,37,4,0,4,64,0,319,0
1700000105411,105.41,1508,1042.38,499.5,31.07,1904,1,Arah 10,33,16,6,159,3,217,0,319,0
1700000105478,105.48,1461,0.0,424.57,206.28,1604,1,Arah 10,22,22,2,149,4,199,0,319,0
1700000105545,105.55,1579,0.0,360.89,175.34,1515,0,,23,29,2,0,4,58,1,319,0
1700000105611,105.61,1572,0.0,306.75,60.31,1526,0,,7,72,5,0,4,88,0,319,0
1700000105678,105.68,1585,397.46,320.36,238.34,1377,0,,15,60,4,0,1,80,1,319,0
1700000105745,105.75,1519,1297.36,466.91,239.42,1651,1,Arah 10,30,49,2,150,1,232,0,319,0
1700000105811,105.81,1412,562.44,481.24,86.1,1821,1,Arah 10,22,74,4,157,2,259,0,320,0
1700000105878,105.88,1444,0.0,409.05,136.8,1642,1,Arah 10,36,58,2,176,2,274,0,320,0
1700000105945,105.95,1722,277.47,389.31,42.75,1695,0,,6,16,5,0,4,31,0,320,0
1700000106011,106.01,1407,712.42,437.78,25.6,1799,1,Arah 10,10,24,4,115,1,154,0,320,0
1700000106078,106.08,1627,0.0,372.11,18.42,1687,1,Arah 10,33,42,5,100,2,182,1,320,1
1700000106145,106.15,1512,892.4,450.16,15.66,1830,1,Arah 10,22,35,4,141,1,203,0,320,0
1700000106211,106.21,1508,0.0,382.63,185.9,1546,1,Arah 10,18,19,5,188,4,234,0,320,0
1700000106278,106.28,1691,0.0,325.24,84.72,1537,0,,22,74,5,0,4,105,1,320,0
1700000106345,106.35,1601,1087.38,439.56,85.4,1746,1,Arah 10,39,39,5,95,2,180,0,320,0
1700000106411,106.41,1546,59.99,382.62,99.83,1629,1,Arah 10,33,20,2,199,4,258,0,321,0
1700000106478,106.48,1593,314.96,372.48,68.12,1640,1,Arah 10,3,29,6,95,4,137,0,321,0
1700000106545,106.55,1504,134.98,336.85,47.86,1594,1,Arah 10,41,56,4,123,3,227,0,321,0
1700000106611,106.61,1575,359.96,340.32,88.22,1561,0,,18,73,4,0,4,99,0,321,0
1700000106678,106.68,1456,712.42,396.13,5.36,1743,1,Arah 10,39,15,5,138,2,199,0,322,0
1700000106745,106.75,1480,0.0,336.71,163.59,1482,1,Arah 10,20,32,4,103,2,161,0,322,0
1700000106811,106.81,1497,0.0,286.21,139.06,1410,0,,25,23,3,0,4,55,0,322,0
1700000106878,106.88,1512,0.0,243.28,118.2,1349,0,,33,13,6,0,3,55,0,322,0
1700000106945,106.95,1586,0.0,206.78,87.08,1310,0,,39,23,3,0,4,69,0,322,0
1700000107011,107.01,1737,59.99,184.77,63.26,1292,0,,30,25,5,0,2,62,0,322,0
1700000107078,107.08,1578,614.93,249.29,316.6,1164,0,,19,63,5,0,2,89,0,322,1
1700000107145,107.15,1655,1237.36,397.5,222.23,1539,0,,24,42,4,0,3,73,0,322,0
1700000107211,107.21,1413,404.96,398.62,87.32,1670,1,Arah 10,26,60,2,214,2,304,0,322,0
1700000107278,107.28,1601,0.0,338.83,161.27,1488,0,,26,69,4,0,3,102,0,322,0
1700000107345,107.35,1431,15.0,290.25,137.08,1420,0,,37,57,5,0,2,101,0,322,0
1700000107411,107.41,1599,0.0,246.71,94.41,1379,0,,3,53,3,0,4,63,0,322,0
1700000107478,107.48,1684,959.89,353.69,96.99,1578,0,,11,24,6,0,4,45,0,322,0
1700000107545,107.55,1471,74.99,311.89,131.84,1466,0,,29,55,3,0,3,90,1,323,0
1700000107611,107.61,1674,0.0,265.1,304.78,1206,0,,27,66,3,0,3,99,0,323,0
1700000107678,107.68,1620,1942.28,516.68,526.91,1466,0,,38,26,6,0,3,73,0,323,0
1700000107745,107.75,1415,1199.87,619.16,14.29,2123,1,Arah 2,34,64,4,132,2,236,0,323,0
1700000107811,107.81,1460,0.0,526.28,255.7,1744,1,Arah 2,11,55,5,175,3,249,0,323,0
1700000107878,107.88,1638,0.0,447.34,6.98,1833,1,Arah 2,14,17,5,170,3,209,0,323,0
1700000107945,107.95,1513,1004.89,530.97,5.93,1981,1,Arah 2,29,65,3,123,1,221,0,323,0
1700000108012,108.01,1504,0.0,451.33,219.28,1641,1,Arah 2,27,57,5,121,1,211,0,324,0
1700000108078,108.08,1539,0.0,383.63,166.3,1567,1,Arah 2,25,69,6,223,4,327,0,324,1
1700000108145,108.15,1555,89.99,339.58,141.35,1509,1,Arah 2,10,33,4,0,1,48,0,324,0
1700000108212,108.21,1527,0.0,288.65,53.19,1499,1,Arah 2,33,32,6,0,4,75,1,324,0
1700000108278,108.28,1599,389.96,303.84,1.66,1577,1,Arah 2,22,22,6,0,2,52,0,325,0
1700000108345,108.35,1475,209.98,289.76,85.64,1469,1,Arah 2,21,46,4,0,1,72,0,325,0
1700000108412,108.41,1571,0.0,246.3,116.32,1357,1,Arah 2,43,30,5,0,4,82,1,325,0
1700000108478,108.48,1559,15.0,211.6,98.87,1308,1,Arah 2,20,31,2,0,4,57,0,325,0
1700000108545,108.55,1569,0.0,179.86,87.39,1259,1,Arah 2,27,58,3,0,3,91,0,325,0
1700000108612,108.61,1620,0.0,152.88,42.47,1251,1,Arah 2,41,30,4,0,2,77,0,326,0
1700000108678,108.68,1589,142.48,151.32,36.1,1255,1,Arah 2,36,32,4,0,3,75,0,326,0
1700000108745,108.75,1601,0.0,128.62,17.86,1229,1,Arah 2,21,16,4,0,3,44,0,326,0
1700000108812,108.81,1594,359.96,163.33,15.18,1299,1,Arah 2,20,16,6,0,2,44,0,326,0
1700000108878,108.88,1553,0.0,138.83,64.1,1203,1,Arah 2,23,14,6,0,3,46,1,326,0
1700000108945,108.95,1611,15.0,120.25,2.43,1229,1,Arah 2,15,16,5,0,2,38,0,326,1
1700000109012,109.01,1551,254.97,140.46,1.28,1269,1,Arah 2,41,73,6,0,1,121,0,326,0
1700000109078,109.08,1577,0.0,119.39,58.01,1172,1,Arah 2,18,44,4,0,2,68,0,326,0
1700000109145,109.15,1601,0.0,101.48,49.31,1146,1,Arah 2,6,19,4,0,3,32,1,326,0
1700000109212,109.21,1708,0.0,86.26,436.87,1000,1,Arah 2,41,25,5,0,3,74,0,326,0
1700000109278,109.28,1626,2144.76,395.04,500.24,1261,1,Arah 2,36,36,5,0,1,78,0,327,0
1700000109345,109.35,1422,577.44,422.4,53.57,1745,1,Arah 2,38,59,6,164,1,268,0,327,0
1700000109412,109.41,1549,0.0,359.04,174.44,1513,1,Arah 2,12,67,6,0,4,89,0,327,0
1700000109478,109.48,1631,0.0,305.18,153.05,1432,1,Arah 2,16,45,5,0,4,70,0,327,0
1700000109545,109.55,1553,1349.85,461.88,130.1,1745,1,Arah 2,16,73,2,198,1,290,0,327,0
1700000109612,109.61,1451,0.0,392.6,190.75,1560,1,Arah 2,12,14,2,91,3,122,1,327,0
1700000109678,109.68,1565,0.0,333.71,162.13,1477,1,Arah 2,41,74,3,0,2,120,0,327,0
1700000109745,109.75,1675,0.0,283.65,171.88,1373,1,Arah 2,17,53,6,0,4,80,1,327,0
1700000109812,109.81,1588,1387.35,449.21,146.1,1707,1,Arah 2,43,23,4,113,2,185,0,328,0
1700000109878,109.88,1490,0.0,381.83,145.34,1584,1,Arah 2,28,71,4,177,1,281,2,328,0
1700000109945,109.95,1654,179.98,351.55,123.54,1548,1,Arah 2,38,19,2,0,2,61,0,328,0
1700000110012,110.01,1466,0.0,298.82,145.18,1428,1,Arah 2,8,53,4,0,3,68,0,328,0
1700000110078,110.08,1675,0.0,253.99,12.19,1474,1,Arah 2,26,43,5,0,2,76,0,329,0
1700000110145,110.15,1576,607.43,307.01,10.36,1574,1,Arah 2,43,61,3,0,4,111,0,330,0
1700000110212,110.21,1594,0.0,260.96,25.55,1474,0,,23,44,6,0,2,75,0,330,0
1700000110278,110.28,1694,682.42,324.18,56.87,1562,0,,25,23,4,0,3,55,0,330,0
1700000110345,110.35,1503,157.48,299.17,104.0,1469,0,,32,58,3,0,2,95,0,330,0
1700000110412,110.41,1673,0.0,254.3,123.55,1365,0,,37,45,2,0,1,85,1,330,0
1700000110478,110.48,1644,0.0,216.15,2.9,1411,0,,16,65,6,0,3,90,0,330,0
1700000110545,110.55,1735,457.45,252.35,2.47,1480,0,,29,40,3,0,4,76,0,331,0
1700000110612,110.61,1583,0.0,214.5,84.13,1328,0,,20,70,5,0,2,97,1,332,0
1700000110678,110.68,1745,89.99,195.82,71.51,1305,0,,5,44,2,0,1,52,3,332,0
1700000110745,110.75,1571,0.0,166.45,80.87,1239,0,,43,24,6,0,4,77,0,332,0
1700000110812,110.81,1764,0.0,141.48,127.12,1145,0,,10,45,2,0,4,61,0,332,0
1700000110878,110.88,1678,877.4,251.87,119.77,1364,0,,16,72,4,0,1,93,1,332,0
1700000110945,110.95,1647,52.49,221.96,7.0,1418,0,,41,22,4,0,3,70,0,332,0
1700000111012,111.01,1671,389.96,247.16,17.67,1455,0,,4,38,5,0,1,48,0,332,0
1700000111079,111.08,1595,0.0,210.09,155.73,1249,0,,23,39,6,0,4,72,1,332,0
1700000111145,111.15,1746,1154.87,351.8,418.63,1259,0,,44,27,6,0,3,80,0,332,0
1700000111212,111.21,1441,1282.36,491.39,98.04,1828,1,Arah 10,38,15,6,139,3,201,1,332,0
1700000111279,111.28,1575,0.0,417.68,202.93,1595,1,Arah 10,23,34,3,215,4,279,0,333,0
1700000111345,111.35,1559,0.0,355.03,172.49,1507,0,,37,71,6,0,3,117,0,333,0
1700000111412,111.41,1652,0.0,301.77,146.62,1432,0,,15,22,5,0,3,45,0,333,1
1700000111479,111.48,1696,0.0,256.51,112.91,1380,0,,2,35,2,0,3,42,0,333,0
1700000111545,111.55,1775,52.49,225.91,95.97,1338,0,,29,66,3,0,4,102,0,333,0
1700000111612,111.61,1689,0.0,192.02,63.16,1306,0,,42,44,3,0,4,93,0,334,0
1700000111679,111.68,1780,134.99,183.46,351.43,1002,0,,34,48,6,0,3,91,0,335,0
1700000111745,111.75,1671,1814.8,428.16,374.05,1448,0,,8,55,4,0,3,70,0,335,0
1700000111812,111.81,1538,472.45,434.81,87.18,1736,1,Arah 10,12,36,3,143,3,197,0,336,0
1700000111879,111.88,1608,0.0,369.59,179.57,1528,0,,13,64,6,0,4,87,0,336,0
1700000111945,111.95,1626,0.0,314.15,132.54,1469,0,,2,13,3,0,1,19,0,336,0
1700000112012,112.01,1664,89.99,280.52,112.66,1425,0,,33,60,4,0,2,99,0,337,0
1700000112079,112.08,1614,0.0,238.45,94.09,1364,0,,36,56,6,0,3,101,0,337,0
1700000112145,112.15,1700,97.49,217.3,99.15,1319,0,,9,65,5,0,3,82,0,337,0
1700000112212,112.21,1601,802.41,305.07,62.51,1520,0,,19,41,6,0,1,67,0,337,0
1700000112279,112.28,1593,0.0,259.31,125.99,1372,0,,17,41,6,0,2,66,0,337,0
1700000112345,112.35,1668,0.0,220.41,107.09,1317,0,,29,51,5,0,3,88,0,337,0
1700000112412,112.41,1665,0.0,187.35,91.03,1269,0,,40,31,3,0,1,75,0,337,0
1700000112479,112.48,1725,0.0,159.25,90.03,1216,0,,33,59,5,0,3,100,0,337,0
1700000112545,112.55,1690,749.92,247.85,131.77,1345,0,,17,70,2,0,2,91,0,337,0
1700000112612,112.61,1625,247.47,247.79,48.7,1426,0,,2,14,6,0,1,23,1,337,0
1700000112679,112.68,1657,30.0,215.12,96.64,1317,0,,27,26,6,0,3,62,3,338,0
1700000112745,112.75,1621,0.0,182.85,88.84,1263,0,,22,41,4,0,2,69,0,338,0
1700000112812,112.81,1741,0.0,155.43,173.92,1125,0,,11,47,2,0,1,61,0,338,0
1700000112879,112.88,1637,1117.38,299.72,147.83,1427,0,,27,56,5,0,3,91,0,338,0
1700000112945,112.95,1592,0.0,254.76,123.78,1366,0,,38,51,3,0,1,93,0,338,0
1700000113012,113.01,1810,0.0,216.55,60.52,1355,0,,18,24,6,0,4,52,0,338,0
1700000113079,113.08,1671,742.42,295.43,173.65,1394,0,,10,35,3,0,4,52,0,338,1
1700000113145,113.15,1711,547.44,333.23,109.1,1528,0,,35,37,5,0,3,80,0,338,0
1700000113212,113.21,1598,569.94,368.74,29.47,1670,1,Arah 10,34,19,5,165,3,226,0,338,0
1700000113279,113.28,1635,0.0,313.42,78.62,1520,0,,36,43,2,0,4,85,0,338,0
1700000113345,113.35,1760,329.96,315.91,66.83,1537,0,,10,72,5,0,3,90,1,338,0
1700000113412,113.41,1591,0.0,268.52,130.46,1385,0,,9,29,2,0,4,44,1,338,1
1700000113479,113.48,1852,0.0,228.24,136.87,1302,0,,27,52,5,0,2,86,0,338,0
1700000113545,113.55,1721,1109.88,360.49,116.34,1572,0,,16,71,5,0,1,93,1,338,0
1700000113612,113.61,1704,0.0,306.41,148.87,1439,0,,4,13,4,0,4,25,0,338,0
1700000113679,113.68,1730,0.0,260.45,176.46,1324,0,,21,47,2,0,1,71,0,338,0
1700000113745,113.75,1759,1357.35,424.99,149.99,1659,0,,27,66,5,0,3,101,0,338,0
1700000113812,113.81,1549,0.0,361.24,175.51,1516,0,,13,13,2,0,1,29,1,339,0
1700000113879,113.88,1812,0.0,307.05,133.73,1455,0,,32,60,6,0,4,102,1,339,0
1700000113945,113.95,1695,1267.36,451.1,113.67,1741,1,Arah 10,39,42,3,229,4,317,1,340,0
1700000114012,114.01,1643,0.0,383.43,186.29,1547,0,,43,57,3,0,1,104,0,340,0
1700000114079,114.08,1729,0.0,325.92,4.34,1615,0,,40,44,3,0,1,88,0,340,0
1700000114146,114.15,1743,689.92,380.52,150.33,1576,0,,11,31,3,0,1,46,0,340,0
1700000114212,114.21,1637,689.92,426.93,26.24,1779,1,Arah 10,40,36,5,134,3,218,0,340,0
1700000114279,114.28,1651,0.0,362.89,176.31,1518,0,,16,51,5,0,2,74,0,340,0
1700000114346,114.35,1726,0.0,308.46,126.43,1465,0,,21,34,3,0,2,60,0,340,0
1700000114412,114.41,1757,104.99,277.94,107.46,1426,0,,36,58,6,0,1,101,1,340,0
1700000114479,114.48,1712,0.0,236.25,114.78,1339,0,,11,72,2,0,4,89,0,341,0
1700000114546,114.55,1788,0.0,200.81,0.47,1384,0,,39,24,4,0,2,69,0,341,0
1700000114612,114.61,1761,434.95,235.93,210.53,1244,0,,3,23,5,0,4,35,0,341,0
1700000114679,114.68,1730,944.89,342.28,163.88,1492,0,,40,62,4,0,3,109,0,341,0
1700000114746,114.75,1635,367.46,346.05,71.63,1588,0,,29,72,6,0,1,108,0,341,0
1700000114812,114.81,1681,0.0,294.14,134.54,1430,0,,30,39,3,0,1,73,0,341,0
1700000114879,114.88,1665,37.5,255.65,114.36,1377,0,,30,31,3,0,1,65,1,341,0
1700000114946,114.95,1676,0.0,217.3,16.85,1400,0,,16,52,5,0,1,74,0,341,0
1700000115012,115.01,1727,397.46,244.32,96.16,1373,0,,41,20,2,0,4,67,1,341,0
1700000115079,115.08,1623,494.95,281.92,6.99,1531,0,,13,73,5,0,1,92,0,341,0
1700000115146,115.15,1661,0.0,239.63,116.43,1344,0,,2,53,2,0,2,59,0,341,0
1700000115212,115.21,1750,0.0,203.68,175.58,1217,0,,7,12,3,0,2,24,0,341,0
1700000115279,115.28,1868,1229.86,357.61,479.03,1210,0,,15,70,4,0,4,93,0,341,0
1700000115346,115.35,1586,1477.34,525.57,132.63,1857,1,Arah 10,43,59,5,156,3,266,0,341,0
1700000115412,115.41,1671,0.0,446.73,217.05,1635,0,,39,16,6,0,2,63,0,341,0
1700000115479,115.48,1735,0.0,379.72,74.0,1648,0,,15,29,6,0,3,53,0,341,0
1700000115546,115.55,1695,494.94,397.01,62.9,1690,0,,44,63,6,0,2,115,2,342,0
1700000115612,115.61,1669,0.0,337.46,163.96,1483,0,,5,37,3,0,3,48,0,342,0
1700000115679,115.68,1852,0.0,286.84,6.28,1541,0,,39,38,4,0,1,82,0,342,0
1700000115746,115.75,1725,652.43,341.68,5.34,1643,0,,37,51,3,0,4,95,1,342,0
1700000115812,115.81,1765,0.0,290.42,15.55,1539,0,,37,16,3,0,2,58,0,342,0
1700000115879,115.88,1749,562.44,331.23,175.95,1459,0,,20,63,4,0,3,90,0,343,0
1700000115946,115.95,1690,847.41,408.65,24.0,1748,1,Arah 10,36,51,3,177,1,268,0,343,0
1700000116012,116.01,1636,0.0,347.36,168.77,1497,0,,10,70,4,0,2,86,0,343,0
1700000116079,116.08,1699,0.0,295.25,88.21,1477,0,,43,56,5,0,2,106,0,343,0
1700000116146,116.15,1720,247.47,288.09,74.98,1476,0,,31,68,2,0,1,102,0,343,0
1700000116212,116.21,1666,0.0,244.87,118.97,1352,0,,28,38,3,0,4,73,0,344,0
1700000116279,116.28,1732,0.0,208.14,17.42,1382,0,,12,22,6,0,4,44,0,344,0
1700000116346,116.35,1696,374.96,233.16,14.81,1432,0,,32,16,4,0,1,53,0,344,0
1700000116412,116.41,1682,0.0,198.19,96.29,1285,0,,5,60,5,0,1,71,1,344,0
1700000116479,116.48,1787,0.0,168.46,9.86,1314,0,,34,41,4,0,3,82,0,344,0
1700000116546,116.55,1763,322.46,191.56,48.53,1319,0,,27,67,2,0,1,97,0,344,0
1700000116612,116.61,1744,254.97,201.07,250.51,1137,0,,8,34,2,0,3,47,0,344,0
1700000116679,116.68,1729,1259.86,359.89,174.43,1515,0,,16,53,3,0,1,73,0,344,0
1700000116746,116.75,1576,82.49,318.28,132.97,1477,0,,34,68,4,0,4,110,0,344,0
1700000116812,116.81,1718,0.0,270.54,131.44,1388,0,,26,29,5,0,1,61,0,344,0
1700000116879,116.88,1852,0.0,229.96,4.59,1436,0,,7,30,4,0,2,43,0,344,0
1700000116946,116.95,1903,479.95,267.46,546.86,1000,0,,26,13,6,0,2,47,0,344,0
1700000117013,117.01,1788,2467.23,597.42,448.09,1692,0,,7,45,3,0,4,59,0,344,0
1700000117079,117.08,1574,404.96,568.55,169.88,1898,1,Arah 10,23,16,6,192,2,239,0,344,0
1700000117146,117.15,1734,0.0,483.27,105.9,1806,1,Arah 10,14,19,6,225,1,265,0,344,0
1700000117213,117.21,1819,577.44,497.39,345.24,1606,0,,43,74,3,0,2,122,0,344,1
1700000117279,117.28,1657,1949.78,715.25,164.55,2153,1,Arah 10,16,62,4,193,4,279,0,344,0
1700000117346,117.35,1559,0.0,607.96,295.38,1853,1,Arah 10,22,65,6,173,3,269,0,344,0
1700000117413,117.41,1749,0.0,516.77,251.08,1731,0,,12,35,2,0,3,52,0,344,0
1700000117479,117.48,1758,0.0,439.25,144.78,1690,0,,40,33,5,0,3,81,0,344,0
1700000117546,117.55,1816,307.47,419.49,81.21,1714,1,Arah 11,20,70,4,0,2,96,0,344,0
1700000117613,117.61,1717,187.48,384.69,84.1,1647,1,Arah 11,20,48,6,0,1,75,0,344,0
1700000117679,117.68,1791,239.97,362.98,105.97,1586,1,Arah 11,9,12,6,0,3,30,1,344,0
1700000117746,117.75,1685,982.39,455.89,36.5,1821,1,Arah 11,38,42,6,158,3,247,0,346,0
1700000117813,117.81,1660,0.0,387.51,188.27,1553,1,Arah 11,26,23,4,0,2,55,0,347,0
1700000117879,117.88,1732,0.0,329.38,160.03,1471,1,Arah 11,25,71,5,0,3,104,0,347,0
1700000117946,117.95,1756,0.0,279.97,136.03,1401,1,Arah 11,14,18,4,0,1,37,0,348,0
1700000118013,118.01,1815,0.0,237.98,75.22,1381,1,Arah 11,39,18,4,0,2,63,0,348,0
1700000118079,118.08,1880,854.91,330.52,264.82,1371,1,Arah 11,26,66,5,0,1,98,0,348,0
1700000118146,118.15,1701,899.9,415.92,119.63,1671,1,Arah 11,9,28,6,0,2,45,0,348,0
1700000118213,118.21,1760,382.46,410.9,99.2,1681,1,Arah 11,41,32,2,0,3,78,0,348,0
1700000118279,118.28,1650,0.0,349.27,169.69,1499,1,Arah 11,25,26,6,0,4,61,0,348,0
1700000118346,118.35,1838,0.0,296.88,144.24,1425,1,Arah 11,38,48,4,0,4,94,0,348,0
1700000118413,118.41,1935,0.0,252.35,38.9,1444,1,Arah 11,29,47,4,0,3,83,0,348,1
1700000118479,118.48,1838,374.96,270.74,104.21,1415,1,Arah 11,22,52,4,0,2,80,0,348,0
1700000118546,118.55,1885,614.93,322.37,430.08,1191,1,Arah 11,15,65,3,0,1,84,0,348,0
1700000118613,118.61,1756,1904.79,559.73,228.3,1829,1,Arah 11,14,63,6,186,2,271,0,348,0
1700000118679,118.68,1631,0.0,475.77,231.16,1675,1,Arah 11,31,47,3,133,3,217,0,349,0
1700000118746,118.75,1772,0.0,404.41,102.74,1666,1,Arah 11,33,66,4,0,4,107,0,349,0
1700000118813,118.81,1690,419.95,406.74,14.79,1753,1,Arah 11,18,21,4,195,1,239,0,349,0
1700000118879,118.88,1716,457.45,414.34,59.41,1725,1,Arah 11,4,72,6,117,4,203,0,349,0
1700000118946,118.95,1629,97.49,366.82,152.62,1549,1,Arah 11,5,15,2,0,2,24,0,349,0
1700000119013,119.01,1703,0.0,311.79,151.49,1446,1,Arah 11,33,59,3,0,3,98,0,349,1
1700000119079,119.08,1747,0.0,265.02,128.76,1380,1,Arah 11,10,15,4,0,1,30,0,349,0
1700000119146,119.15,1810,0.0,225.27,109.45,1324,1,Arah 11,35,15,6,0,4,60,0,349,0
1700000119213,119.21,1812,0.0,191.48,55.96,1312,1,Arah 11,36,51,3,0,2,92,0,349,0
1700000119279,119.28,1813,667.43,262.87,47.56,1456,1,Arah 11,3,51,2,0,1,57,0,350,0
1700000119346,119.35,1723,0.0,223.44,108.56,1321,1,Arah 11,7,62,5,0,3,77,0,350,0
1700000119413,119.41,1859,0.0,189.93,92.28,1273,1,Arah 11,11,67,3,0,2,83,2,350,0
1700000119479,119.48,1861,0.0,161.44,3.59,1306,1,Arah 11,37,33,5,0,3,78,0,350,0
1700000119546,119.55,1859,367.46,192.34,43.23,1326,1,Arah 11,38,38,2,0,3,81,0,351,0
1700000119613,119.61,1812,179.98,190.49,222.57,1144,1,Arah 11,29,61,3,0,3,96,0,351,0
1700000119679,119.68,1835,1199.87,341.89,259.49,1398,1,Arah 11,36,12,3,0,3,54,0,351,0
1700000119746,119.75,1652,494.95,364.85,47.28,1646,1,Arah 11,3,65,4,0,1,73,0,351,0
1700000119813,119.81,1769,0.0,310.12,150.68,1444,1,Arah 11,14,21,3,0,3,41,0,351,0
1700000119879,119.88,1846,0.0,263.6,128.07,1378,1,Arah 11,15,62,6,0,3,86,0,351,0
1700000119946,119.95,1786,0.0,224.06,108.86,1322,1,Arah 11,17,46,2,0,3,68,0,352,0
1700000120013,120.01,4393,0.0,190.45,92.53,1274,1,Arah 11,37,65,5,0,1,108,0,352,0
1700000120080,120.08,4435,0.0,161.89,55.22,1256,0,,11,45,2,0,4,62,0,352,0
1700000120146,120.15,4466,104.99,153.35,18.48,1276,0,,4,33,2,0,1,40,0,352,0
1700000120213,120.21,4421,127.49,149.47,39.14,1248,0,,43,59,2,0,2,106,0,352,0
1700000120280,120.28,4449,0.0,127.05,1.89,1242,0,,13,35,5,0,3,56,0,352,0
1700000120346,120.35,4462,284.97,150.74,1.6,1288,0,,7,49,5,0,2,63,0,352,0
1700000120413,120.41,4411,0.0,128.13,62.25,1184,0,,35,44,3,0,1,83,0,352,0
1700000120480,120.48,4487,0.0,108.91,52.91,1157,0,,41,33,4,0,4,82,1,352,0
1700000120546,120.55,4487,0.0,92.57,44.98,1133,0,,32,63,5,0,3,103,0,352,0
1700000120613,120.61,4521,0.0,78.69,38.23,1113,0,,25,24,5,0,1,55,0,352,0
1700000120680,120.68,4548,0.0,66.88,44.51,1084,0,,15,14,2,0,4,35,0,352,0
1700000120746,120.75,4546,344.96,108.6,215.28,1000,0,,6,15,3,0,1,25,0,352,1
1700000120813,120.81,4502,794.91,211.54,157.88,1249,0,,31,54,4,0,2,91,0,352,0
1700000120880,120.88,4440,232.47,214.68,43.25,1369,0,,29,68,6,0,4,107,0,352,0
1700000120946,120.95,4471,0.0,182.48,88.66,1262,0,,5,66,6,0,1,78,1,352,0
1700000121013,121.01,4611,0.0,155.11,4.99,1293,0,,43,28,2,0,4,77,1,352,0
1700000121080,121.08,4526,359.96,185.84,7.59,1349,0,,18,40,3,0,4,65,1,353,0
1700000121146,121.15,4563,15.0,160.21,118.62,1190,0,,20,21,6,0,3,50,1,353,0
1700000121213,121.21,4524,862.4,265.54,97.48,1412,0,,36,68,3,0,2,109,0,353,0
1700000121280,121.28,4448,0.0,225.71,109.66,1324,0,,30,21,2,0,2,55,0,353,0
1700000121346,121.35,4567,0.0,191.85,93.21,1276,0,,41,71,6,0,1,119,0,353,0
1700000121413,121.41,4578,0.0,163.07,25.66,1288,0,,17,15,4,0,4,40,0,354,0
1700000121480,121.48,4574,239.97,174.61,56.87,1279,0,,5,74,3,0,4,86,0,355,0
1700000121546,121.55,4546,352.46,201.29,217.42,1170,0,,39,57,2,0,2,100,0,356,0
1700000121613,121.61,4527,997.39,320.7,293.62,1324,0,,39,65,2,0,3,109,1,357,0
1700000121680,121.68,4413,839.91,398.58,70.45,1686,0,,26,56,2,0,2,86,1,357,0
1700000121746,121.75,4415,194.98,368.04,127.61,1575,0,,11,63,6,0,4,84,0,357,0
1700000121813,121.81,4387,0.0,312.84,151.99,1448,0,,33,13,6,0,1,53,0,357,0
1700000121880,121.88,4549,0.0,265.91,42.14,1467,0,,23,40,4,0,3,70,0,357,0
1700000121946,121.95,4387,389.96,284.52,35.82,1508,0,,5,54,6,0,2,67,2,357,1
1700000122013,122.01,4497,0.0,241.84,23.75,1439,0,,12,49,4,0,3,68,0,358,0
1700000122080,122.08,4639,419.95,268.56,85.28,1430,0,,38,33,5,0,3,79,0,358,0
1700000122146,122.15,4441,472.45,299.14,21.26,1549,0,,40,53,4,0,3,100,0,358,0
1700000122213,122.21,4576,0.0,254.27,25.45,1461,0,,29,41,2,0,1,73,0,359,0
1700000122280,122.28,4555,667.43,316.24,21.63,1581,0,,12,57,4,0,3,76,0,359,0
1700000122346,122.35,4487,0.0,268.81,130.6,1386,0,,41,24,3,0,1,69,0,359,0
1700000122413,122.41,4611,0.0,228.49,21.24,1417,0,,36,14,2,0,4,56,0,361,0
1700000122480,122.48,4617,592.43,283.08,252.42,1292,0,,28,64,4,0,4,100,0,361,0
1700000122546,122.55,4532,1049.88,398.1,82.31,1674,0,,37,54,5,0,1,97,0,361,0
1700000122613,122.61,4477,0.0,338.38,164.41,1484,0,,36,41,2,0,3,82,0,361,0
1700000122680,122.68,4599,0.0,287.63,129.78,1422,0,,12,39,5,0,1,57,0,361,0
1700000122746,122.75,4479,1207.37,425.59,130.4,1679,0,,24,58,2,0,4,88,1,361,0
1700000122813,122.81,4438,89.99,375.25,158.68,1558,0,,31,62,5,0,2,100,0,361,0
1700000122880,122.88,4467,0.0,318.96,154.97,1457,0,,38,13,5,0,3,59,0,361,0
1700000122946,122.95,4546,0.0,271.12,30.66,1488,0,,17,62,2,0,4,85,0,361,0
1700000123013,123.01,4531,727.42,339.56,26.06,1620,0,,14,33,5,0,2,54,0,361,0
1700000123080,123.08,4449,0.0,288.63,128.51,1425,0,,24,35,2,0,1,62,0,361,0
1700000123147,123.15,4629,52.49,253.21,28.04,1457,0,,13,48,5,0,3,69,0,362,0
1700000123213,123.21,4442,614.93,307.47,12.11,1574,0,,41,27,4,0,1,73,0,362,0
1700000123280,123.28,4547,0.0,261.35,126.98,1375,0,,12,39,6,0,4,61,0,363,0
1700000123347,123.35,4497,0.0,222.14,97.89,1329,0,,39,47,5,0,3,94,0,363,0
1700000123413,123.41,4552,44.99,195.57,83.2,1293,0,,20,42,3,0,1,66,0,363,0
1700000123480,123.48,4491,0.0,166.24,77.42,1242,0,,29,73,3,0,3,108,1,364,0
1700000123547,123.55,4673,15.0,143.55,138.43,1138,0,,12,69,4,0,3,88,1,364,0
1700000123613,123.61,4489,914.9,259.25,159.52,1339,0,,11,25,3,0,2,41,0,364,0
1700000123680,123.68,4551,202.48,250.74,68.65,1412,0,,29,43,3,0,2,77,0,364,0
1700000123747,123.75,4462,0.0,213.13,103.55,1306,0,,31,50,2,0,2,85,0,364,0
1700000123813,123.81,4634,0.0,181.16,320.45,1029,0,,23,42,3,0,1,69,0,365,0
1700000123880,123.88,4578,1829.8,428.45,325.95,1496,0,,24,61,6,0,2,93,0,365,0
1700000123947,123.95,4390,239.97,400.18,131.41,1631,0,,35,44,6,0,4,89,1,365,0
1700000124013,124.01,4546,0.0,340.15,39.71,1608,0,,44,23,2,0,2,71,0,366,0
1700000124080,124.08,4564,562.44,373.5,66.69,1643,0,,10,16,6,0,2,34,0,366,1
1700000124147,124.15,4471,449.95,384.96,68.87,1662,0,,3,47,3,0,4,57,0,366,0
1700000124213,124.21,4504,0.0,327.22,158.98,1468,0,,11,54,4,0,2,71,0,367,0
1700000124280,124.28,4515,0.0,278.14,135.13,1399,0,,27,36,6,0,2,71,0,367,0
1700000124347,124.35,4504,0.0,236.42,114.86,1339,0,,38,43,2,0,3,86,0,367,0
1700000124413,124.41,4534,0.0,200.95,27.32,1358,0,,44,36,5,0,2,87,1,368,0
1700000124480,124.48,4547,314.97,218.06,170.96,1249,0,,42,41,6,0,4,93,0,368,0
1700000124547,124.55,4492,869.9,315.83,75.01,1528,0,,27,37,4,0,1,69,0,368,0
1700000124613,124.61,4431,0.0,268.46,130.43,1385,0,,35,62,5,0,3,105,0,368,0
1700000124680,124.68,4613,0.0,228.19,116.8,1322,0,,22,58,6,0,4,90,0,368,0
1700000124747,124.75,4511,1019.89,346.94,99.28,1563,0,,40,19,5,0,2,66,0,369,0
1700000124813,124.81,4477,0.0,294.9,143.28,1423,0,,8,72,2,0,1,83,0,369,0
1700000124880,124.88,4621,0.0,250.67,19.67,1460,0,,30,12,3,0,2,47,0,369,0
1700000124947,124.95,4568,457.45,281.68,247.78,1294,0,,36,32,6,0,2,76,0,369,1
1700000125013,125.01,4560,1184.87,417.16,245.77,1552,0,,2,13,6,0,2,23,0,369,0
1700000125080,125.08,4410,614.93,446.83,55.6,1787,0,,7,48,5,0,1,61,0,370,0
1700000125147,125.15,4478,0.0,379.8,130.96,1594,0,,34,62,3,0,3,102,0,370,0
1700000125213,125.21,4459,239.97,358.83,111.32,1574,0,,28,39,3,0,2,72,0,370,0
1700000125280,125.28,4446,0.0,305.0,148.19,1437,0,,22,67,4,0,2,95,1,371,0
1700000125347,125.35,4527,0.0,259.25,30.54,1466,0,,34,58,5,0,2,99,0,371,0
1700000125413,125.41,4567,427.45,284.48,24.26,1519,0,,44,28,4,0,2,78,0,371,0
1700000125480,125.48,4470,224.98,275.56,74.8,1453,0,,11,34,3,0,2,50,0,371,0
1700000125547,125.55,4537,0.0,234.22,46.91,1402,0,,34,47,4,0,2,87,0,371,0
1700000125613,125.61,4615,719.92,307.08,349.57,1242,0,,39,55,2,0,3,99,0,372,0
1700000125680,125.68,4441,1387.35,469.12,198.37,1694,0,,38,22,6,0,2,68,0,372,0
1700000125747,125.75,4430,277.47,440.37,141.09,1695,0,,18,32,6,0,4,60,0,372,0
1700000125813,125.81,4404,0.0,374.32,181.86,1534,0,,8,70,3,0,3,84,0,372,0
1700000125880,125.88,4548,0.0,318.17,58.02,1549,0,,13,33,5,0,2,53,0,372,0
1700000125947,125.95,4615,952.39,413.3,97.86,1687,0,,14,15,2,0,2,33,0,373,0
1700000126014,126.01,4421,217.48,383.93,129.42,1603,0,,20,21,6,0,2,49,0,373,0
1700000126080,126.08,4586,0.0,326.34,61.46,1561,0,,22,56,3,0,4,85,0,373,0
1700000126147,126.15,4489,434.95,342.63,52.24,1600,0,,4,18,5,0,4,31,0,373,0
1700000126214,126.21,4528,0.0,291.24,71.19,1486,0,,11,20,3,0,4,38,2,373,0
1700000126280,126.28,4513,314.96,294.8,128.66,1437,0,,40,23,4,0,1,68,0,373,0
1700000126347,126.35,4486,847.41,377.69,80.9,1638,0,,13,12,4,0,4,33,1,373,0
1700000126414,126.41,4400,187.48,349.16,120.4,1547,0,,4,40,3,0,2,49,0,373,0
1700000126480,126.48,4461,0.0,296.78,3.12,1562,0,,8,22,4,0,1,35,0,373,0
1700000126547,126.55,4503,659.93,351.25,37.81,1630,0,,9,21,3,0,2,35,0,373,0
1700000126614,126.61,4373,157.48,322.19,115.18,1501,0,,12,61,5,0,4,82,0,373,0
1700000126680,126.68,4482,0.0,273.86,133.06,1393,0,,4,43,2,0,4,53,1,373,0
1700000126747,126.75,4620,0.0,232.78,173.16,1275,0,,35,46,5,0,1,87,0,373,0
1700000126814,126.81,4485,1282.36,390.22,147.19,1597,0,,13,19,6,0,2,40,0,373,0
1700000126880,126.88,4449,0.0,331.68,161.15,1474,0,,26,12,4,0,1,43,0,373,0
1700000126947,126.95,4618,0.0,281.93,29.84,1509,0,,19,52,2,0,4,77,1,373,0
1700000127014,127.01,4476,479.95,311.63,25.36,1569,0,,31,72,2,0,1,106,1,374,0
1700000127080,127.08,4554,0.0,264.89,5.23,1501,0,,25,56,4,0,2,87,1,374,0
1700000127147,127.15,4518,599.93,315.15,146.74,1457,0,,25,57,3,0,2,87,0,374,0
1700000127214,127.21,4474,637.43,363.49,9.2,1680,0,,6,62,2,0,3,73,0,374,0
1700000127280,127.28,4433,0.0,308.97,136.72,1456,0,,41,46,5,0,2,94,0,374,0
1700000127347,127.35,4630,59.99,271.62,233.66,1289,0,,23,43,4,0,2,72,0,374,0
1700000127414,127.41,4425,1567.33,465.98,228.75,1659,1,Arah 11,20,57,6,0,1,84,0,374,0
1700000127480,127.48,4421,194.98,425.33,155.44,1654,1,Arah 11,38,37,5,0,4,84,0,374,0
1700000127547,127.55,4399,0.0,361.53,175.65,1516,1,Arah 11,7,57,5,0,1,70,0,374,0
1700000127614,127.61,4423,0.0,307.3,23.75,1562,1,Arah 11,6,53,3,0,2,64,0,374,0
1700000127680,127.68,4607,562.44,345.57,50.12,1608,1,Arah 11,32,16,4,0,3,55,0,374,0
1700000127747,127.75,4348,314.97,340.98,82.95,1568,1,Arah 11,4,51,3,0,1,59,1,375,0
1700000127814,127.81,4565,0.0,289.83,45.4,1509,1,Arah 11,28,65,6,0,2,101,1,376,0
1700000127880,127.88,4580,427.45,310.47,158.95,1437,1,Arah 11,18,58,5,0,1,82,1,376,0
1700000127947,127.95,4508,884.9,396.64,39.69,1711,1,Arah 11,12,36,6,0,1,55,0,376,0
1700000128014,128.01,4462,0.0,337.14,163.8,1482,1,Arah 11,19,40,5,0,1,65,0,376,0
1700000128080,128.08,4578,0.0,286.57,132.54,1417,1,Arah 11,4,67,6,0,4,81,0,377,0
1700000128147,128.15,4605,30.0,248.09,112.66,1364,1,Arah 11,7,45,2,0,2,56,0,377,0
1700000128214,128.21,4574,0.0,210.87,85.04,1320,1,Arah 11,24,57,6,0,2,89,0,377,0
1700000128280,128.28,4616,839.91,305.23,273.17,1314,1,Arah 11,15,33,6,0,2,56,1,377,0
1700000128347,128.35,4462,899.9,394.43,44.7,1703,1,Arah 11,42,26,2,0,4,74,0,377,0
1700000128414,128.41,4496,0.0,335.26,147.82,1494,1,Arah 11,20,46,3,0,4,73,0,377,0
1700000128480,128.48,4531,67.49,295.1,123.98,1442,1,Arah 11,32,43,2,0,1,78,2,377,0
1700000128547,128.55,4487,7.5,251.96,120.45,1364,1,Arah 11,44,51,6,0,4,105,0,377,0
1700000128614,128.61,4530,0.0,214.16,104.05,1308,1,Arah 11,42,52,2,0,3,99,0,377,0
1700000128680,128.68,4569,0.0,182.04,33.76,1316,1,Arah 11,21,28,2,0,3,54,0,380,0
1700000128747,128.75,4586,547.44,236.85,117.42,1338,1,Arah 11,34,26,6,0,4,70,0,380,0
1700000128814,128.81,4496,397.46,260.94,22.4,1477,1,Arah 11,23,24,6,0,3,56,0,380,0
1700000128880,128.88,4533,0.0,221.8,50.85,1375,1,Arah 11,7,15,4,0,3,29,0,380,0
1700000128947,128.95,4629,254.97,226.78,187.8,1249,1,Arah 11,23,48,2,0,4,77,0,380,0
1700000129014,129.01,4499,1034.89,347.99,174.7,1492,1,Arah 11,28,21,6,0,2,57,1,380,0
1700000129081,129.08,4491,322.46,344.16,82.53,1574,1,Arah 11,28,51,3,0,2,84,0,380,0
1700000129147,129.15,4456,0.0,292.54,95.26,1465,1,Arah 11,35,48,6,0,1,90,2,380,0
1700000129214,129.21,4506,209.98,280.15,80.97,1456,1,Arah 11,29,53,4,0,1,87,0,380,0
1700000129281,129.28,4428,0.0,238.13,115.7,1342,1,Arah 11,36,28,6,0,3,73,1,380,0
1700000129347,129.35,4549,0.0,202.41,164.48,1225,1,Arah 11,41,15,5,0,4,65,0,380,0
1700000129414,129.41,4451,1177.37,348.66,139.81,1527,1,Arah 11,4,62,4,0,1,71,0,380,0
1700000129481,129.48,4392,0.0,296.36,143.99,1425,1,Arah 11,17,35,3,0,2,57,0,380,1
1700000129547,129.55,4485,0.0,251.9,35.34,1447,1,Arah 11,29,45,3,0,4,81,0,380,0
1700000129614,129.61,4567,389.96,272.61,142.39,1381,1,Arah 11,31,36,6,0,4,77,0,380,0
1700000129681,129.68,4433,772.41,347.58,184.65,1481,1,Arah 11,32,54,4,0,2,92,1,381,0
1700000129747,129.75,4464,674.93,396.68,83.29,1670,1,Arah 11,24,70,4,0,4,102,0,381,0
1700000129814,129.81,4343,442.45,403.55,79.87,1686,1,Arah 11,24,63,6,0,4,97,0,381,0
1700000129881,129.88,4405,0.0,343.02,166.66,1490,0,,14,12,2,0,1,29,0,381,0
1700000129947,129.95,4450,0.0,291.56,141.66,1418,0,,7,71,2,0,3,83,1,381,0
1700000130014,130.01,4487,0.0,247.83,88.6,1387,0,,11,20,4,0,4,39,0,381,0
1700000130081,130.08,4496,142.48,232.03,108.83,1337,0,,25,26,3,0,3,57,1,382,0
1700000130147,130.15,4468,824.91,320.96,79.12,1534,0,,3,61,5,0,2,71,0,384,0
1700000130214,130.21,4386,82.49,285.19,116.9,1430,0,,18,17,4,0,3,42,0,384,0
1700000130281,130.28,4457,0.0,242.41,67.56,1397,0,,14,65,3,0,4,86,0,385,0
1700000130347,130.35,4501,224.98,239.8,57.42,1402,0,,39,74,5,0,3,121,0,387,0
1700000130414,130.41,4427,0.0,203.83,99.03,1293,0,,38,12,5,0,2,57,0,387,0
1700000130481,130.48,4512,0.0,173.25,42.32,1291,0,,22,39,2,0,2,65,0,387,0
1700000130547,130.55,4532,187.48,175.39,79.53,1258,0,,18,70,5,0,2,95,0,387,0
1700000130614,130.61,4487,517.44,226.69,218.27,1218,0,,7,54,3,0,3,67,0,387,0
1700000130681,130.68,4463,862.4,322.05,396.46,1224,0,,13,31,5,0,4,53,2,387,0
1700000130747,130.75,4372,1462.34,493.09,144.47,1788,0,,7,12,4,0,3,26,0,387,0
1700000130814,130.81,4268,0.0,419.13,203.64,1597,0,,38,47,6,0,2,93,0,387,0
1700000130881,130.88,4461,0.0,356.26,173.09,1509,0,,7,37,3,0,3,50,0,388,0
1700000130947,130.95,4377,0.0,302.82,147.13,1434,0,,20,20,6,0,1,47,0,388,0
1700000131014,131.01,4477,0.0,257.4,125.06,1369,0,,15,43,3,0,3,64,0,388,0
1700000131081,131.08,4472,0.0,218.79,49.38,1370,0,,5,31,5,0,2,43,0,389,0
1700000131147,131.15,4490,254.97,224.22,140.5,1291,0,,18,57,2,0,2,79,0,389,1
1700000131214,131.21,4438,817.41,313.19,62.5,1536,0,,2,35,5,0,2,44,0,389,0
1700000131281,131.28,4381,0.0,266.22,13.83,1495,0,,9,71,6,0,2,88,0,389,0
1700000131347,131.35,4551,517.44,303.9,299.62,1286,0,,32,61,6,0,1,100,1,389,0
1700000131414,131.41,4312,1394.85,467.54,139.16,1747,0,,2,38,2,0,1,43,1,389,0
1700000131481,131.48,4365,0.0,397.41,40.75,1712,0,,44,59,4,0,3,110,0,389,0
1700000131547,131.55,4463,682.42,440.16,0.52,1827,0,,18,35,5,0,2,60,0,389,1
1700000131614,131.61,4274,157.48,397.76,151.9,1607,0,,34,57,2,0,3,96,1,389,0
1700000131681,131.68,4442,0.0,338.1,52.11,1592,0,,37,69,3,0,1,110,1,389,0
1700000131747,131.75,4456,502.44,362.75,29.37,1659,0,,7,22,2,0,3,34,0,389,1
1700000131814,131.81,4375,329.96,357.83,87.2,1595,0,,14,25,5,0,1,45,0,389,0
1700000131881,131.88,4412,0.0,304.16,85.84,1496,0,,35,24,2,0,1,62,0,389,0
1700000131947,131.95,4417,277.47,300.15,72.96,1501,0,,15,71,4,0,2,92,0,389,0
1700000132014,132.01,4375,0.0,255.13,87.13,1402,0,,34,33,6,0,4,77,0,389,0
1700000132081,132.08,4484,164.98,241.61,43.13,1420,0,,28,62,6,0,2,98,0,389,0
1700000132148,132.15,4353,524.94,284.11,1.5,1540,0,,14,59,6,0,2,81,0,389,0
1700000132214,132.21,4414,7.5,242.62,77.4,1388,0,,42,48,6,0,3,99,0,389,0
1700000132281,132.28,4352,172.48,232.1,59.76,1386,0,,44,15,4,0,4,67,1,389,0
1700000132348,132.35,4391,569.94,282.77,50.8,1490,0,,2,49,4,0,1,56,0,389,0
1700000132414,132.41,4276,172.48,266.23,84.05,1426,0,,17,27,4,0,2,50,0,389,0
1700000132481,132.48,4368,0.0,226.29,109.95,1325,0,,5,41,5,0,1,52,0,389,0
1700000132548,132.55,4420,0.0,192.35,93.45,1276,0,,18,18,6,0,2,44,1,389,0
1700000132614,132.61,4418,0.0,163.5,4.27,1310,0,,13,22,4,0,2,41,0,389,0
1700000132681,132.68,4443,374.96,195.22,3.63,1371,0,,25,30,5,0,2,62,0,389,1
1700000132748,132.75,4368,0.0,165.93,137.01,1183,0,,35,33,3,0,2,73,0,389,0
1700000132814,132.81,4500,974.89,287.28,575.14,1000,0,,25,61,5,0,2,93,0,389,0
1700000132881,132.88,4238,2054.77,552.4,271.25,1776,0,,26,72,3,0,4,105,0,389,0
1700000132948,132.95,4226,0.0,469.54,228.13,1666,0,,9,53,4,0,3,69,0,389,0
1700000133014,133.01,4365,0.0,399.11,81.75,1676,0,,43,57,2,0,4,106,1,389,0
1700000133081,133.08,4294,502.44,414.61,104.61,1683,0,,38,45,4,0,2,89,0,389,0
1700000133148,133.15,4298,779.91,469.41,23.24,1858,0,,39,15,2,0,4,60,0,389,0
1700000133214,133.21,4190,0.0,399.0,193.85,1569,0,,15,25,3,0,2,45,0,389,0
1700000133281,133.28,4315,0.0,339.15,164.78,1485,0,,6,19,5,0,3,33,0,390,0
1700000133348,133.35,4304,0.0,288.27,140.06,1413,0,,42,71,6,0,2,121,1,390,0
1700000133414,133.41,4414,0.0,245.03,70.12,1400,0,,24,39,6,0,4,73,0,391,0
1700000133481,133.48,4433,847.41,335.39,277.23,1368,0,,17,56,2,0,3,78,1,391,0
1700000133548,133.55,4301,974.89,431.31,46.47,1768,0,,44,38,3,0,1,86,0,391,0
1700000133614,133.61,4303,0.0,366.62,178.12,1524,0,,2,52,3,0,3,60,0,391,0
1700000133681,133.68,4311,0.0,311.62,26.04,1568,0,,31,14,2,0,3,50,0,391,0
1700000133748,133.75,4345,794.91,384.12,161.08,1573,0,,34,74,4,0,3,115,0,391,0
1700000133814,133.81,4205,622.43,419.86,40.53,1753,0,,38,17,2,0,1,58,0,392,0
1700000133881,133.88,4262,0.0,356.88,153.31,1529,0,,30,53,2,0,2,87,0,392,0
1700000133948,133.95,4234,89.99,316.85,115.24,1491,0,,37,27,3,0,1,68,1,392,0
1700000134014,134.01,4250,67.49,279.45,118.05,1418,0,,38,28,6,0,4,76,0,392,0
1700000134081,134.08,4225,0.0,237.53,115.41,1341,0,,18,25,6,0,2,51,0,392,0
1700000134148,134.15,4379,0.0,201.9,98.09,1290,0,,8,29,4,0,3,44,0,392,0
1700000134214,134.21,4272,0.0,171.62,83.38,1247,0,,43,44,2,0,2,91,0,393,0
1700000134281,134.28,4396,0.0,145.87,237.15,1044,0,,3,49,5,0,2,59,0,393,0
1700000134348,134.35,4361,1379.85,330.97,288.63,1348,0,,26,22,5,0,3,56,0,393,0
1700000134414,134.41,4212,389.96,339.82,62.69,1585,0,,18,70,4,0,4,96,0,393,0
1700000134481,134.48,4309,0.0,288.84,182.75,1372,0,,9,40,4,0,4,57,0,394,0
1700000134548,134.55,4321,1447.34,462.62,414.82,1474,0,,28,67,4,0,1,100,0,394,0
1700000134614,134.61,4116,1162.37,567.58,29.5,2023,0,,37,12,6,0,1,56,0,394,0
1700000134681,134.68,4166,0.0,482.44,192.55,1723,0,,18,52,5,0,3,78,1,394,0
1700000134748,134.75,4293,187.48,438.2,86.66,1743,0,,34,14,4,0,2,54,1,395,0
1700000134814,134.81,4141,344.96,424.21,115.51,1690,0,,16,70,3,0,4,93,0,395,0
1700000134881,134.88,4247,0.0,360.58,175.19,1515,0,,34,69,4,0,1,108,0,395,0
1700000134948,134.95,4205,0.0,306.49,148.91,1439,0,,34,15,6,0,3,58,1,395,0
1700000135015,135.02,4322,0.0,260.52,42.87,1456,0,,12,44,6,0,1,63,0,395,0
1700000135081,135.08,4245,374.96,277.69,36.44,1494,0,,39,72,6,0,2,119,0,395,0
1700000135148,135.15,4272,0.0,236.03,44.37,1408,0,,5,42,4,0,2,53,0,395,0
1700000135215,135.22,4291,314.97,247.87,181.59,1295,0,,6,12,6,0,2,26,0,395,0
1700000135281,135.28,4230,982.39,358.05,84.04,1598,0,,14,73,4,0,4,95,0,395,0
1700000135348,135.35,4160,0.0,304.34,147.87,1436,0,,28,29,3,0,1,61,0,396,0
1700000135415,135.42,4231,0.0,258.69,85.51,1411,0,,22,74,3,0,3,102,0,396,0
1700000135481,135.48,4267,179.98,246.88,83.0,1391,0,,38,17,3,0,1,59,2,396,0
1700000135548,135.55,4207,697.42,314.47,30.38,1569,0,,18,65,3,0,3,89,0,397,0
1700000135615,135.62,4174,0.0,267.3,71.28,1441,0,,7,22,2,0,1,32,0,397,0
1700000135681,135.68,4259,262.47,266.57,18.1,1491,0,,18,61,6,0,3,88,0,397,0
1700000135748,135.75,4139,352.46,279.46,18.73,1515,0,,25,69,5,0,3,102,0,397,0
1700000135815,135.82,4212,277.47,279.16,96.27,1439,0,,43,13,4,0,1,61,0,397,0
1700000135881,135.88,4102,712.42,344.15,26.59,1628,0,,15,42,2,0,1,60,1,397,0
1700000135948,135.95,4117,30.0,297.02,136.43,1433,0,,21,38,6,0,2,67,0,397,0
1700000136015,136.02,4098,0.0,252.47,122.66,1362,0,,42,38,5,0,2,87,0,397,0
1700000136081,136.08,4279,0.0,214.6,24.64,1387,0,,15,50,3,0,3,71,0,397,0
1700000136148,136.15,4189,577.44,269.03,30.99,1483,0,,34,15,5,0,2,56,0,397,0
1700000136215,136.22,4202,44.99,235.42,65.73,1386,0,,13,28,5,0,1,47,0,397,0
1700000136281,136.28,4183,164.98,224.86,93.12,1339,0,,24,50,5,0,3,82,0,398,1
1700000136348,136.35,4180,712.42,297.99,109.28,1462,0,,24,29,6,0,3,62,0,398,0
1700000136415,136.42,4088,299.97,298.29,66.15,1504,0,,17,61,4,0,1,83,0,398,0
1700000136481,136.48,4140,0.0,253.54,123.19,1364,0,,12,57,6,0,1,76,0,399,0
1700000136548,136.55,4175,0.0,215.51,72.9,1341,0,,44,64,3,0,4,115,1,399,0
1700000136615,136.62,4194,142.48,204.56,61.97,1331,0,,42,69,2,0,1,114,0,399,0
1700000136681,136.68,4156,0.0,173.87,84.48,1250,0,,15,66,3,0,4,88,0,399,0
1700000136748,136.75,4208,0.0,147.79,18.24,1266,0,,44,68,2,0,2,116,0,399,0
1700000136815,136.82,4251,239.97,161.62,284.15,1027,0,,9,35,3,0,2,49,0,399,0
1700000136881,136.88,4176,1342.35,338.73,187.96,1462,0,,42,33,2,0,3,80,0,399,0
1700000136948,136.95,4072,0.0,287.92,139.89,1413,0,,6,59,3,0,4,72,0,399,0
1700000137015,137.02,4202,0.0,244.73,80.31,1389,0,,20,48,3,0,3,74,0,399,0
1700000137081,137.08,4177,892.4,341.88,68.26,1584,0,,17,33,5,0,2,57,0,399,0
1700000137148,137.15,4083,0.0,290.6,132.82,1425,0,,31,66,2,0,2,101,0,400,0
1700000137215,137.22,4308,37.5,252.63,252.05,1235,1,Arah 11,21,71,4,0,3,99,0,401,0
1700000137281,137.28,4078,1634.82,459.96,220.94,1656,1,Arah 11,3,71,2,0,3,79,0,401,0
1700000137348,137.35,4090,67.49,401.09,100.14,1662,1,Arah 11,43,27,3,0,3,76,0,401,0
1700000137415,137.42,4069,344.96,392.67,100.19,1647,1,Arah 11,44,63,3,0,3,113,0,401,0
1700000137481,137.48,4044,0.0,333.77,162.17,1477,1,Arah 11,38,14,6,0,2,60,0,403,0
1700000137548,137.55,4151,0.0,283.71,93.18,1450,1,Arah 11,22,13,2,0,3,40,0,403,0
1700000137615,137.62,4132,1034.89,396.38,392.25,1370,1,Arah 11,24,22,2,0,1,49,0,404,0
1700000137681,137.68,4013,1402.34,547.28,102.39,1922,1,Arah 11,3,29,4,0,1,37,0,404,0
1700000137748,137.75,3945,0.0,465.19,226.01,1660,1,Arah 11,20,17,2,0,2,41,0,405,0
1700000137815,137.82,4089,0.0,395.41,148.59,1606,1,Arah 11,35,70,5,0,3,113,1,406,0
1700000137881,137.88,4153,194.98,365.34,37.57,1656,1,Arah 11,22,38,4,0,1,65,0,406,0
1700000137948,137.95,4063,397.46,370.16,75.46,1629,1,Arah 11,29,39,4,0,1,73,0,407,0
1700000138015,138.02,4100,0.0,314.64,152.87,1450,1,Arah 11,42,33,4,0,2,81,0,407,0
1700000138082,138.08,4085,0.0,267.44,129.94,1384,1,Arah 11,12,42,2,0,2,58,0,407,0
1700000138148,138.15,4104,0.0,227.32,28.5,1407,1,Arah 11,14,17,5,0,2,38,0,407,0
1700000138215,138.22,4150,622.43,286.59,45.99,1502,1,Arah 11,4,30,5,0,4,43,0,407,0
1700000138282,138.28,4021,97.49,258.23,99.86,1396,1,Arah 11,14,18,3,0,3,38,0,407,0
1700000138348,138.35,4137,0.0,219.49,99.27,1323,1,Arah 11,31,37,2,0,4,74,0,407,0
1700000138415,138.42,4096,922.4,324.93,169.75,1453,1,Arah 11,29,69,5,0,4,107,0,407,0
1700000138482,138.48,4014,382.46,333.56,61.62,1574,1,Arah 11,35,63,2,0,4,104,0,407,0
1700000138548,138.55,4045,0.0,283.52,137.75,1406,1,Arah 11,23,19,5,0,3,50,0,407,0
1700000138615,138.62,4099,0.0,240.99,117.09,1346,1,Arah 11,26,26,3,0,3,58,0,407,0
1700000138682,138.68,4046,0.0,204.85,114.75,1279,1,Arah 11,26,36,2,0,2,66,1,407,0
1700000138748,138.75,4123,959.89,318.1,243.18,1368,1,Arah 11,23,67,3,0,2,95,0,407,0
1700000138815,138.82,3918,652.43,368.25,7.57,1690,1,Arah 11,18,44,6,0,1,69,0,407,0
1700000138882,138.88,4036,0.0,313.01,152.08,1448,1,Arah 11,42,14,2,0,1,59,0,407,0
1700000138948,138.95,4082,0.0,266.06,129.27,1382,1,Arah 11,2,13,5,0,3,23,0,407,0
1700000139015,139.02,4146,0.0,226.15,67.57,1367,1,Arah 11,23,20,3,0,3,49,0,407,1
1700000139082,139.08,4141,794.91,311.47,241.58,1357,1,Arah 11,37,23,3,0,4,67,0,407,0
1700000139148,139.15,4040,824.91,388.48,113.27,1627,1,Arah 11,19,25,6,0,4,54,0,407,0
1700000139215,139.22,4031,382.46,387.58,87.86,1649,1,Arah 11,37,55,5,0,1,98,0,407,0
1700000139282,139.28,3989,0.0,329.44,160.06,1471,1,Arah 11,21,18,3,0,1,43,0,407,0
1700000139348,139.35,4062,0.0,280.03,136.05,1401,1,Arah 11,25,67,2,0,3,97,0,407,0
1700000139415,139.42,4140,0.0,238.02,13.26,1442,1,Arah 11,3,23,6,0,4,36,0,407,0
1700000139482,139.48,4148,577.44,288.93,243.96,1312,1,Arah 11,11,70,6,0,4,91,0,407,0
1700000139548,139.55,4063,1042.38,401.95,363.05,1410,1,Arah 11,32,19,6,0,3,60,0,407,0
1700000139615,139.62,4009,1274.86,532.89,77.58,1920,1,Arah 11,26,61,2,0,4,93,0,407,0
1700000139682,139.68,3893,7.5,454.08,218.65,1647,1,Arah 11,4,36,5,0,2,47,0,408,0
1700000139748,139.75,4008,0.0,385.97,33.51,1698,0,,34,43,4,0,4,85,2,408,0
1700000139815,139.82,4019,689.92,431.56,100.42,1718,0,,22,68,2,0,3,95,0,408,0
1700000139882,139.88,3916,577.44,453.44,68.66,1787,0,,10,15,6,0,1,32,0,410,0
1700000139948,139.95,3942,0.0,385.43,96.86,1637,0,,4,23,6,0,3,36,0,410,1
1700000140015,140.02,3943,404.96,388.36,82.33,1656,0,,5,30,4,0,3,42,0,410,0
1700000140082,140.08,3888,0.0,330.1,160.38,1472,0,,11,64,2,0,1,78,0,410,0
1700000140148,140.15,3989,0.0,280.59,136.32,1402,0,,16,29,4,0,4,53,1,410,0
1700000140215,140.22,4121,0.0,238.5,285.9,1174,0,,26,55,6,0,1,88,1,410,0
1700000140282,140.28,4048,1799.8,472.69,360.19,1545,0,,31,14,5,0,4,54,1,410,0
1700000140348,140.35,3881,524.94,480.53,24.93,1876,0,,33,22,2,0,3,60,0,410,0
1700000140415,140.42,3978,539.94,489.44,89.3,1832,0,,5,38,6,0,2,51,2,411,0
1700000140482,140.48,3809,30.0,420.53,196.44,1606,0,,16,56,5,0,1,78,0,411,0
1700000140548,140.55,3974,0.0,357.45,173.67,1511,0,,17,16,3,0,2,38,1,411,0
1700000140615,140.62,3991,0.0,303.83,25.41,1554,0,,7,18,3,0,1,29,0,411,0
1700000140682,140.68,4025,547.44,340.37,21.6,1625,0,,40,73,3,0,3,119,0,411,0
1700000140748,140.75,3918,0.0,289.32,140.57,1415,0,,19,58,6,0,4,87,0,411,0
1700000140815,140.82,4045,0.0,245.92,66.34,1405,0,,24,13,5,0,4,46,0,411,0
1700000140882,140.88,3960,832.41,333.89,79.82,1558,0,,32,57,3,0,3,95,0,411,0
1700000140948,140.95,3934,104.99,299.56,117.97,1456,0,,29,65,6,0,3,103,0,411,0
1700000141015,141.02,3946,0.0,254.62,123.71,1365,0,,40,42,3,0,1,86,0,411,0
1700000141082,141.08,3952,0.0,216.43,105.15,1311,0,,11,45,5,0,2,63,0,412,0
1700000141149,141.15,3954,0.0,183.96,89.38,1264,0,,11,14,6,0,3,34,0,412,0
1700000141215,141.22,4046,0.0,156.37,14.43,1286,0,,21,71,4,0,1,97,0,412,0
1700000141282,141.28,3973,404.96,193.66,75.88,1296,0,,39,22,2,0,2,65,0,412,0
1700000141349,141.35,3992,284.97,207.35,2.47,1395,0,,31,32,6,0,3,72,0,412,0
1700000141415,141.42,3935,104.99,192.0,17.99,1350,0,,7,13,2,0,2,24,0,412,0
1700000141482,141.48,3978,374.96,219.44,202.79,1220,0,,18,41,5,0,4,68,0,412,0
1700000141549,141.55,3885,944.9,328.26,88.67,1538,0,,37,25,3,0,2,67,0,412,0
1700000141615,141.62,3852,0.0,279.02,95.39,1439,0,,7,12,5,0,2,26,0,412,0
1700000141682,141.68,3919,179.98,264.17,74.38,1432,0,,17,37,6,0,3,63,0,413,0
1700000141749,141.75,3828,30.0,229.04,103.4,1337,0,,40,62,2,0,3,107,0,413,0
1700000141815,141.82,3915,0.0,194.68,94.59,1280,0,,21,17,5,0,2,45,0,413,0
1700000141882,141.88,4021,0.0,165.48,61.89,1256,0,,24,72,2,0,3,101,0,413,0
1700000141949,141.95,4018,637.43,236.27,132.96,1321,0,,13,56,2,0,2,73,0,413,0
1700000142015,142.02,3936,359.96,254.83,41.04,1447,0,,38,23,4,0,3,68,0,413,0
1700000142082,142.08,3970,314.97,263.85,147.04,1360,0,,6,27,3,0,2,38,0,413,0
1700000142149,142.15,3894,862.4,353.63,319.18,1361,0,,39,58,2,0,1,100,0,413,0
1700000142215,142.22,3855,1184.87,478.32,78.78,1822,0,,14,61,5,0,3,83,0,413,0
1700000142282,142.28,3736,0.0,406.57,197.53,1579,0,,3,32,5,0,2,42,0,414,0
1700000142349,142.35,3912,0.0,345.58,12.89,1643,0,,27,13,3,0,1,44,0,414,0
1700000142415,142.42,3930,809.91,415.23,392.64,1406,0,,33,37,2,0,1,73,0,414,0
1700000142482,142.48,3804,1709.81,609.42,226.61,1919,0,,6,25,3,0,4,38,1,414,0
1700000142549,142.55,3702,329.96,567.5,189.07,1879,0,,7,70,4,0,4,85,0,414,0
1700000142615,142.62,3760,0.0,482.38,234.37,1684,0,,14,59,4,0,2,79,1,414,0
1700000142682,142.68,3762,0.0,410.02,199.21,1584,0,,3,24,5,0,3,35,0,414,0
1700000142749,142.75,3802,0.0,348.52,169.33,1498,0,,4,45,3,0,3,55,0,414,0
1700000142815,142.82,3797,0.0,296.24,113.8,1454,0,,22,66,3,0,1,92,1,414,0
1700000142882,142.88,3936,134.99,272.05,174.47,1349,0,,18,72,6,0,3,99,0,415,0
1700000142949,142.95,3779,1214.87,413.47,161.69,1626,0,,44,60,5,0,3,112,0,415,0
1700000143015,143.02,3774,194.98,380.7,133.76,1593,0,,7,46,5,0,2,60,0,415,0
1700000143082,143.08,3753,0.0,323.59,157.22,1463,0,,30,64,2,0,4,100,1,416,0
1700000143149,143.15,3876,0.0,275.05,133.64,1394,0,,25,44,2,0,2,73,0,416,0
1700000143215,143.22,3898,0.0,233.8,55.49,1393,0,,35,43,6,0,1,85,0,416,0
1700000143282,143.28,3919,757.42,312.34,294.92,1306,0,,13,15,4,0,3,35,1,416,0
1700000143349,143.35,3797,1109.88,431.97,81.61,1736,0,,27,69,6,0,3,105,0,416,0
1700000143415,143.42,3771,0.0,367.17,178.39,1524,0,,25,64,5,0,1,95,0,416,0
1700000143482,143.48,3862,0.0,312.1,62.64,1533,0,,6,30,5,0,4,45,0,416,0
1700000143549,143.55,3830,959.89,409.27,203.91,1578,0,,19,47,5,0,4,75,0,416,0
1700000143615,143.62,3734,674.92,449.12,40.95,1805,0,,18,68,3,0,2,91,0,416,0
1700000143682,143.68,3740,0.0,381.75,86.71,1640,0,,29,40,5,0,2,76,0,416,0
1700000143749,143.75,3806,442.45,390.85,73.7,1669,0,,36,47,4,0,2,89,0,416,1
1700000143815,143.82,3681,0.0,332.23,104.5,1531,0,,20,49,3,0,3,75,0,416,0
1700000143882,143.88,3903,254.97,320.64,20.19,1590,0,,6,74,3,0,4,87,0,416,0
1700000143949,143.95,3647,307.47,318.66,74.08,1535,0,,3,54,4,0,2,63,0,416,0
1700000144016,144.02,3862,0.0,270.86,131.6,1388,0,,20,62,5,0,4,91,0,416,0
1700000144082,144.08,3726,0.0,230.23,111.86,1331,0,,16,40,4,0,1,61,1,417,0
1700000144149,144.15,3875,0.0,195.7,54.9,1321,0,,19,61,6,0,4,90,0,418,0
1700000144216,144.22,3779,179.98,193.34,60.47,1311,0,,43,19,3,0,1,66,1,419,0
1700000144282,144.28,3851,479.95,236.33,118.36,1336,0,,9,27,3,0,3,42,0,419,0
1700000144349,144.35,3715,479.95,272.87,6.53,1514,0,,18,60,3,0,1,82,0,420,0
1700000144416,144.42,3787,0.0,231.94,12.86,1431,0,,14,52,3,0,1,70,1,420,0
1700000144482,144.48,3756,562.44,281.52,10.93,1526,0,,33,24,4,0,1,62,0,420,0
1700000144549,144.55,3712,0.0,239.29,92.82,1367,0,,19,47,6,0,1,73,1,420,0
1700000144616,144.62,3831,104.99,219.14,29.91,1390,0,,27,18,2,0,4,51,0,421,0
1700000144682,144.68,3698,487.45,259.39,22.08,1474,0,,25,24,4,0,3,56,0,422,0
1700000144749,144.75,3766,89.99,233.98,83.35,1366,0,,34,74,4,0,3,115,0,422,0
1700000144816,144.82,3686,30.0,203.38,90.94,1300,0,,30,32,5,0,3,70,0,422,0
1700000144882,144.88,3762,0.0,172.87,83.99,1249,0,,14,49,4,0,3,70,0,423,0
1700000144949,144.95,3751,0.0,146.94,71.39,1211,0,,37,56,3,0,1,97,1,423,0
1700000145016,145.02,3783,0.0,124.9,60.68,1180,0,,23,15,5,0,2,45,1,423,0
1700000145082,145.08,3800,0.0,106.17,51.58,1153,0,,2,44,2,0,4,52,0,424,0
1700000145149,145.15,3915,0.0,90.24,331.14,1000,0,,5,47,2,0,3,57,0,424,0
1700000145216,145.22,3834,1679.81,328.68,281.47,1351,0,,14,35,3,0,3,55,0,424,0
1700000145282,145.28,3691,0.0,279.38,135.74,1401,0,,23,45,3,0,4,75,1,425,0
1700000145349,145.35,3846,0.0,237.47,101.98,1354,0,,4,30,6,0,1,41,0,425,0
1700000145416,145.42,3693,59.99,210.85,86.69,1319,0,,9,40,5,0,1,55,0,425,0
1700000145482,145.48,3838,0.0,179.22,11.74,1332,0,,17,61,6,0,2,86,0,425,0
1700000145549,145.55,3700,337.46,202.96,9.98,1379,0,,35,33,5,0,3,76,1,425,1
1700000145616,145.62,3793,0.0,172.51,217.51,1115,0,,22,43,4,0,4,73,0,425,0
1700000145682,145.68,3769,1349.85,349.11,263.57,1407,0,,3,73,5,0,4,85,1,425,0
1700000145749,145.75,3613,352.46,349.62,77.3,1589,0,,13,34,5,0,3,55,0,425,0
1700000145816,145.82,3722,0.0,297.17,36.41,1531,0,,27,63,5,0,4,99,0,425,0
1700000145882,145.88,3735,809.91,374.08,30.95,1679,0,,44,64,5,0,3,116,0,425,0
1700000145949,145.95,3614,0.0,317.97,154.49,1455,0,,39,39,5,0,2,85,0,425,0
1700000146016,146.02,3800,0.0,270.28,46.13,1471,0,,12,50,6,0,1,69,0,426,0
1700000146082,146.08,3769,794.91,348.97,39.21,1625,0,,37,14,4,0,1,56,0,427,0
1700000146149,146.15,3694,0.0,296.63,160.56,1409,0,,2,64,2,0,4,72,0,428,0
1700000146216,146.22,3835,1364.85,456.86,434.46,1443,0,,20,13,2,0,4,39,0,428,0
1700000146282,146.28,3512,1334.85,588.56,64.61,2027,0,,7,49,5,0,1,62,1,428,0
1700000146349,146.35,3657,0.0,500.27,4.7,1929,0,,9,37,5,0,1,52,1,428,0
1700000146416,146.42,3727,1109.88,591.71,44.17,2051,0,,11,23,5,0,1,40,0,429,0
1700000146482,146.48,3509,179.98,529.95,186.78,1815,0,,34,32,4,0,1,71,0,429,0
1700000146549,146.55,3703,104.99,466.21,14.79,1860,0,,33,16,3,0,1,53,1,429,0
1700000146616,146.62,3495,824.91,520.01,36.01,1935,0,,3,65,4,0,4,76,0,429,0
1700000146682,146.68,3593,0.0,442.01,214.75,1628,0,,15,24,2,0,3,44,0,429,0
1700000146749,146.75,3640,0.0,375.71,182.54,1536,0,,14,21,6,0,2,43,0,430,0
1700000146816,146.82,3627,0.0,319.35,155.16,1457,0,,9,37,6,0,1,53,1,431,0
1700000146882,146.88,3838,0.0,271.45,32.17,1487,0,,11,56,4,0,2,73,0,431,0
1700000146949,146.95,3735,734.92,340.97,260.04,1395,0,,43,35,3,0,2,83,0,431,0
1700000147016,147.02,3740,1042.38,446.18,216.01,1635,0,,37,19,4,0,1,61,0,432,0
1700000147083,147.08,3596,712.42,486.12,24.57,1886,1,Arah 11,35,31,3,0,3,72,0,432,0
1700000147149,147.15,3645,329.96,462.7,171.55,1707,1,Arah 11,38,40,4,0,1,83,0,432,0
1700000147216,147.22,3552,1387.35,601.39,72.16,2043,1,Arah 11,6,32,2,0,2,42,0,432,0
1700000147283,147.28,3460,0.0,511.18,248.36,1723,1,Arah 11,23,27,5,0,4,59,0,432,0
1700000147349,147.35,3670,0.0,434.51,95.6,1728,1,Arah 11,15,17,5,0,4,41,0,432,0
1700000147416,147.42,3598,517.44,446.95,81.26,1764,1,Arah 11,42,66,2,0,4,114,0,432,0
1700000147483,147.48,3601,0.0,379.9,184.58,1542,1,Arah 11,43,72,4,0,3,122,0,432,0
1700000147549,147.55,3711,0.0,322.92,37.3,1578,1,Arah 11,7,45,6,0,4,62,0,432,0
1700000147616,147.62,3725,869.9,404.97,180.69,1592,1,Arah 11,6,70,5,0,4,85,0,433,0
1700000147683,147.68,3595,667.43,444.34,59.84,1779,1,Arah 11,37,37,6,0,4,84,0,434,0
1700000147749,147.75,3636,449.95,445.18,88.08,1754,1,Arah 11,31,36,5,0,3,75,0,434,0
1700000147816,147.82,3535,45.0,385.15,175.31,1561,1,Arah 11,9,35,2,0,3,49,0,434,0
1700000147883,147.88,3630,0.0,327.38,31.78,1592,1,Arah 11,41,58,4,0,3,106,0,434,0
1700000147949,147.95,3794,854.91,406.51,489.05,1294,1,Arah 11,36,28,2,0,2,68,0,434,0
1700000148016,148.02,3516,2069.77,656.0,224.85,2001,1,Arah 11,19,21,3,0,2,45,1,434,0
1700000148083,148.08,3518,0.0,557.6,270.91,1786,1,Arah 11,16,65,6,0,1,88,0,434,0
1700000148149,148.15,3544,0.0,473.96,230.28,1672,1,Arah 11,10,18,5,0,4,37,0,434,0
1700000148216,148.22,3551,0.0,402.86,195.73,1574,1,Arah 11,37,18,4,0,1,60,1,434,0
1700000148283,148.28,3660,0.0,342.43,72.63,1580,1,Arah 11,6,23,2,0,1,32,0,434,0
1700000148349,148.35,3640,419.95,354.06,83.91,1591,1,Arah 11,8,49,4,0,4,65,0,434,1
1700000148416,148.42,3604,652.43,398.82,436.27,1332,1,Arah 11,42,30,5,0,1,78,1,434,0
1700000148483,148.48,3553,2054.77,647.21,280.43,1936,1,Arah 11,19,22,5,0,4,50,0,434,0
1700000148549,148.55,3330,247.47,587.25,220.33,1885,1,Arah 11,6,60,3,0,3,72,0,434,0
1700000148616,148.62,3520,0.0,499.16,242.52,1707,1,Arah 11,40,44,2,0,3,89,0,434,0
1700000148683,148.68,3625,0.0,424.29,55.48,1747,1,Arah 11,5,41,5,0,3,54,1,434,0
1700000148749,148.75,3679,674.93,461.88,287.65,1595,1,Arah 11,14,47,5,0,4,70,0,434,1
1700000148816,148.82,3535,1499.83,617.58,93.84,2051,1,Arah 11,14,46,4,0,2,66,0,434,0
1700000148883,148.88,3479,0.0,524.94,255.05,1742,1,Arah 11,12,68,4,0,3,87,0,434,0
1700000148949,148.95,3570,0.0,446.2,168.24,1680,1,Arah 11,29,66,5,0,4,104,0,434,0
1700000149016,149.02,3504,217.48,411.89,99.48,1683,1,Arah 11,29,49,2,0,3,83,0,434,0
1700000149083,149.08,3541,194.98,379.35,133.11,1591,1,Arah 11,19,58,3,0,4,84,0,434,1
1700000149149,149.15,3478,0.0,322.45,156.66,1461,1,Arah 11,38,70,6,0,2,116,0,434,0
1700000149216,149.22,3557,0.0,274.08,31.05,1493,1,Arah 11,39,47,6,0,2,94,0,434,0
1700000149283,149.28,3536,457.45,301.59,26.39,1549,1,Arah 11,23,61,2,0,2,88,0,434,0
1700000149349,149.35,3496,0.0,256.35,47.54,1443,1,Arah 11,30,71,5,0,2,108,0,434,0
1700000149416,149.42,3549,344.96,269.64,40.41,1475,1,Arah 11,35,45,6,0,1,87,0,434,0
1700000149483,149.48,3450,0.0,229.2,111.36,1329,1,Arah 11,5,13,2,0,3,23,0,435,0
1700000149549,149.55,3570,0.0,194.82,97.86,1277,0,,44,68,5,0,3,120,0,435,0
1700000149616,149.62,3506,862.4,294.95,83.18,1481,0,,16,33,3,0,4,56,0,435,0
1700000149683,149.68,3455,0.0,250.71,121.81,1360,0,,5,69,3,0,3,80,0,436,1
1700000149749,149.75,3519,0.0,213.1,94.0,1316,0,,23,26,5,0,3,57,1,437,0
1700000149816,149.82,3569,884.9,313.87,193.74,1409,0,,17,44,2,0,4,67,0,438,0
1700000149883,149.88,3401,509.94,343.28,32.86,1620,0,,9,61,4,0,3,77,1,438,1
1700000149949,149.95,3501,0.0,291.79,229.87,1331,0,,21,42,4,0,1,68,0,438,0
1700000150016,150.02,3584,1664.82,497.75,485.0,1471,0,,36,31,3,0,3,73,0,439,0
1700000150083,150.08,3279,1297.36,617.69,40.61,2098,0,,4,45,2,0,3,54,0,439,0
1700000150150,150.15,3411,0.0,525.03,255.09,1742,0,,38,51,2,0,3,94,0,439,0
1700000150216,150.22,3569,0.0,446.28,216.83,1634,0,,39,64,4,0,2,109,0,439,0
1700000150283,150.28,3590,0.0,379.34,68.48,1653,0,,8,21,2,0,4,35,0,440,0
1700000150350,150.35,3592,1132.37,492.29,136.89,1793,0,,24,58,5,0,1,88,0,440,0
1700000150416,150.42,3439,352.46,471.32,136.43,1756,0,,34,43,6,0,4,87,2,440,0
1700000150483,150.48,3545,0.0,400.62,24.66,1733,0,,28,67,6,0,4,105,0,440,0
1700000150550,150.55,3515,982.39,487.89,20.96,1892,0,,10,19,6,0,1,36,0,440,0
1700000150616,150.62,3414,0.0,414.7,159.63,1631,0,,40,29,5,0,3,77,0,441,0
1700000150683,150.68,3623,187.48,380.62,93.66,1631,0,,38,17,4,0,4,63,0,441,0
1700000150750,150.75,3389,1027.39,477.63,37.76,1859,0,,23,16,2,0,2,43,0,441,0
1700000150816,150.82,3486,0.0,405.99,49.94,1719,0,,26,55,6,0,4,91,0,441,1
1700000150883,150.88,3501,659.93,444.08,135.0,1708,0,,14,53,4,0,2,73,0,441,0
1700000150950,150.95,3398,794.91,496.7,32.56,1897,0,,25,65,6,0,2,98,0,441,0
1700000151016,151.02,3395,0.0,422.2,69.42,1730,0,,6,16,5,0,2,29,0,441,0
1700000151083,151.08,3470,1229.86,543.35,59.0,1955,0,,28,57,6,0,4,95,0,441,0
1700000151150,151.15,3231,0.0,461.85,224.39,1656,0,,16,49,2,0,3,70,0,441,0
1700000151216,151.22,3538,0.0,392.57,108.7,1639,0,,32,16,6,0,4,58,2,441,0
1700000151283,151.28,3444,367.46,388.8,82.35,1657,0,,26,16,4,0,3,49,0,441,0
1700000151350,151.35,3489,45.0,337.23,123.57,1521,0,,11,26,3,0,2,42,1,441,0
1700000151416,151.42,3438,127.49,305.77,115.08,1471,0,,35,20,6,0,2,63,0,441,0
1700000151483,151.48,3472,0.0,259.9,19.37,1478,0,,34,74,6,0,3,117,0,441,1
1700000151550,151.55,3476,652.43,318.78,398.14,1216,0,,22,13,4,0,1,40,1,441,0
1700000151616,151.62,3385,1709.81,527.44,320.01,1685,0,,20,62,5,0,3,90,0,441,0
1700000151683,151.68,3248,569.94,533.81,109.68,1892,0,,5,55,3,0,1,64,0,441,0
1700000151750,151.75,3309,0.0,453.74,220.45,1645,0,,7,35,6,0,3,51,0,441,0
1700000151816,151.82,3347,0.0,385.68,187.38,1550,0,,22,33,2,0,1,58,0,441,0
1700000151883,151.88,3360,0.0,327.83,159.28,1469,0,,9,54,6,0,2,71,0,441,0
1700000151950,151.95,3437,0.0,278.65,24.9,1507,0,,15,35,4,0,4,58,1,441,0
1700000152016,152.02,3486,494.94,311.1,142.89,1454,0,,14,46,4,0,4,68,0,441,1
1700000152083,152.08,3371,734.92,374.67,71.24,1641,0,,6,21,2,0,2,31,2,441,0
1700000152150,152.15,3388,269.97,358.97,29.85,1652,0,,5,59,2,0,2,68,0,441,0
1700000152216,152.22,3335,329.96,354.61,60.01,1615,0,,29,62,4,0,3,98,0,441,0
1700000152283,152.28,3344,652.43,399.29,40.96,1715,0,,39,49,6,0,4,98,0,442,0
1700000152350,152.35,3248,284.97,382.14,110.82,1617,0,,9,52,5,0,1,67,0,442,0
1700000152416,152.42,3306,0.0,324.82,152.79,1470,0,,19,52,4,0,1,76,0,442,0
1700000152483,152.48,3481,22.5,279.47,59.56,1475,0,,3,20,4,0,2,29,0,442,0
1700000152550,152.55,3303,314.97,284.79,55.65,1489,0,,14,73,5,0,1,93,0,442,0
1700000152616,152.62,3439,0.0,242.08,59.84,1404,0,,7,23,5,0,4,39,0,443,0
1700000152683,152.68,3320,794.91,325.0,137.91,1485,0,,29,50,4,0,4,87,0,443,0
1700000152750,152.75,3333,389.96,334.74,162.42,1479,0,,25,25,2,0,2,54,0,443,0
1700000152816,152.82,3268,997.39,434.14,51.01,1769,0,,41,17,4,0,1,63,0,443,0
1700000152883,152.88,3200,0.0,369.02,179.29,1527,0,,10,19,4,0,4,37,0,443,0
1700000152950,152.95,3393,0.0,313.67,167.35,1434,0,,33,54,2,0,3,92,0,443,0
1700000153017,153.02,3454,1432.34,481.47,430.18,1494,0,,23,73,4,0,2,102,0,443,0
1700000153083,153.08,3202,1289.86,602.73,45.91,2068,0,,19,69,5,0,4,97,0,443,0
1700000153150,153.15,3282,0.0,512.32,248.91,1725,0,,19,74,5,0,2,100,0,443,0
1700000153217,153.22,3382,0.0,435.47,99.41,1726,0,,38,52,3,0,1,94,0,445,0
1700000153283,153.28,3448,502.44,445.52,131.45,1714,0,,28,26,3,0,2,59,0,445,0
1700000153350,153.35,3315,967.39,523.8,0.43,1973,0,,12,32,6,0,1,51,0,445,0
1700000153417,153.42,3319,0.0,445.23,216.32,1633,0,,20,27,3,0,4,54,0,445,0
1700000153483,153.48,3440,0.0,378.44,76.73,1643,0,,27,31,5,0,4,67,0,445,0
1700000153550,153.55,3329,479.95,393.67,65.22,1682,0,,43,57,3,0,3,106,0,445,0
1700000153617,153.62,3376,0.0,334.62,78.49,1560,0,,34,70,4,0,1,109,0,446,0
1700000153683,153.68,3360,1079.88,446.41,66.71,1776,0,,23,37,6,0,3,69,0,447,0
1700000153750,153.75,3232,0.0,379.45,184.36,1541,0,,34,61,6,0,2,103,0,447,0
1700000153817,153.82,3377,0.0,322.53,117.84,1499,0,,7,68,2,0,4,81,1,447,0
1700000153883,153.88,3272,1229.86,458.63,319.47,1559,0,,44,55,5,0,4,108,0,447,0
1700000153950,153.95,3213,982.39,537.19,95.77,1911,0,,27,53,5,0,2,87,1,447,0
1700000154017,154.02,3141,442.45,522.98,137.9,1847,0,,33,41,3,0,1,78,0,447,0
1700000154083,154.08,3154,0.0,444.54,215.98,1632,0,,14,48,6,0,1,69,0,447,0
1700000154150,154.15,3307,0.0,377.85,183.58,1539,0,,14,25,5,0,4,48,0,447,0
1700000154217,154.22,3354,0.0,321.18,4.66,1606,0,,41,17,4,0,1,63,0,447,0
1700000154283,154.28,3350,719.92,380.99,298.6,1433,0,,30,32,3,0,1,66,0,447,1
1700000154350,154.35,3258,1319.85,521.82,93.1,1886,0,,16,52,6,0,1,75,1,447,0
1700000154417,154.42,3174,0.0,443.55,215.5,1630,0,,44,62,4,0,4,114,0,448,0
1700000154483,154.48,3269,0.0,377.01,183.17,1538,0,,4,48,5,0,1,58,2,448,0
1700000154550,154.55,3337,0.0,320.46,65.3,1547,0,,31,72,5,0,2,110,0,448,0
1700000154617,154.62,3291,404.96,333.14,27.05,1607,0,,15,74,2,0,1,92,0,448,0
1700000154683,154.68,3283,127.49,302.29,113.39,1466,0,,4,44,4,0,3,55,0,448,0
1700000154750,154.75,3274,0.0,256.94,93.03,1400,0,,44,43,4,0,1,92,0,449,0
1700000154817,154.82,3320,142.48,239.78,2.95,1456,0,,15,13,3,0,3,34,1,449,0
1700000154883,154.88,3255,367.46,258.93,29.3,1466,0,,34,68,2,0,3,107,0,449,0
1700000154950,154.95,3271,0.0,220.09,58.8,1364,0,,28,58,3,0,3,92,0,449,0
1700000155017,155.02,3432,742.42,298.44,389.81,1185,0,,13,13,5,0,4,35,1,449,0
1700000155083,155.08,3172,1522.33,482.02,165.61,1748,0,,2,43,3,0,3,51,0,449,0
1700000155150,155.15,3229,0.0,409.72,199.06,1584,0,,8,54,2,0,4,68,0,450,0
1700000155217,155.22,3350,0.0,348.26,28.33,1634,0,,25,25,6,0,4,60,1,450,0
1700000155283,155.28,3305,884.9,428.76,127.87,1687,0,,38,29,5,0,4,76,1,450,0
1700000155350,155.35,3232,464.95,434.19,25.23,1793,0,,29,67,4,0,2,102,0,450,0
1700000155417,155.42,3243,284.97,411.8,3.03,1773,0,,4,48,6,0,2,60,0,452,0
1700000155483,155.48,3194,547.44,432.15,47.64,1768,0,,10,46,3,0,2,61,1,453,0
1700000155550,155.55,3170,509.94,443.82,37.15,1799,0,,18,37,4,0,2,61,0,453,0
1700000155617,155.62,3126,532.44,457.11,82.26,1781,0,,37,45,3,0,4,89,0,453,0
1700000155683,155.68,3099,0.0,388.54,188.78,1554,0,,30,52,5,0,3,90,0,453,0
1700000155750,155.75,3246,0.0,330.26,53.82,1576,0,,2,38,6,0,2,48,0,453,0
1700000155817,155.82,3253,959.89,424.71,203.11,1608,0,,23,67,6,0,1,97,0,453,0
1700000155883,155.88,3118,704.92,466.74,41.64,1836,0,,32,72,6,0,2,112,0,453,0
1700000155950,155.95,3159,0.0,396.73,192.75,1566,0,,24,62,2,0,4,92,0,453,0
1700000156017,156.02,3156,0.0,337.22,163.84,1482,0,,33,71,2,0,1,107,0,453,0
1700000156084,156.08,3284,0.0,286.64,55.56,1493,0,,44,52,4,0,4,104,1,453,0
1700000156150,156.15,3244,374.96,299.88,145.29,1430,0,,17,17,2,0,2,38,0,453,0
1700000156217,156.22,3234,862.4,384.26,312.66,1426,0,,30,69,2,0,2,103,0,453,0
1700000156284,156.28,3129,1222.36,509.98,73.25,1884,0,,25,53,2,0,1,81,0,454,0
1700000156350,156.35,3071,0.0,433.48,210.61,1617,0,,15,61,4,0,3,83,0,455,0
1700000156417,156.42,3182,0.0,368.46,157.26,1547,0,,41,51,5,0,1,98,0,455,0
1700000156484,156.48,3212,97.49,327.81,27.04,1597,0,,40,63,5,0,2,110,1,455,0
1700000156550,156.55,3169,719.92,386.63,166.95,1572,0,,23,71,3,0,1,98,0,455,0
1700000156617,156.62,3116,742.42,440.0,18.8,1809,0,,26,71,5,0,4,106,0,455,0
1700000156684,156.68,3070,0.0,374.0,181.71,1534,0,,21,64,4,0,3,92,0,456,0
1700000156750,156.75,3199,0.0,317.9,34.71,1571,0,,21,20,3,0,4,48,0,456,0
1700000156817,156.82,3181,847.41,397.32,113.21,1643,0,,42,33,5,0,1,81,0,456,0
1700000156884,156.88,3086,374.96,393.97,42.66,1704,1,Arah 11,25,67,5,0,3,100,0,457,0
1700000156950,156.95,3131,607.43,425.99,47.44,1757,1,Arah 11,11,63,2,0,2,78,0,457,0
1700000157017,157.02,3005,0.0,362.09,175.92,1517,1,Arah 11,29,59,3,0,2,93,0,457,0
1700000157084,157.08,3139,0.0,307.78,80.9,1508,1,Arah 11,40,13,2,0,4,59,0,457,0
1700000157150,157.15,3132,307.47,307.73,68.76,1519,1,Arah 11,29,69,4,0,1,103,1,457,0
1700000157217,157.22,3098,0.0,261.57,127.09,1375,1,Arah 11,8,40,3,0,4,55,1,457,0
1700000157284,157.28,3137,0.0,222.34,106.35,1321,1,Arah 11,28,64,6,0,1,99,0,457,0
1700000157350,157.35,3203,7.5,190.11,237.72,1129,1,Arah 11,11,73,2,0,4,90,0,459,0
1700000157417,157.42,3136,1469.84,382.07,332.64,1402,1,Arah 11,33,32,4,0,1,70,0,459,0
1700000157484,157.48,3007,592.43,413.62,35.33,1746,1,Arah 11,27,71,2,0,2,102,0,460,0
1700000157550,157.55,3057,45.0,358.33,162.28,1523,1,Arah 11,10,45,4,0,2,61,0,461,0
1700000157617,157.62,3001,0.0,304.58,147.98,1436,1,Arah 11,11,39,2,0,1,53,0,461,0
1700000157684,157.68,3237,0.0,258.89,175.54,1322,1,Arah 11,40,48,4,0,3,95,0,461,0
1700000157750,157.75,3063,1349.85,422.54,338.38,1473,1,Arah 11,26,15,4,0,1,46,1,461,0
1700000157817,157.82,3057,847.41,486.27,13.71,1896,1,Arah 11,38,56,5,0,2,101,0,461,0
1700000157884,157.88,2950,0.0,413.33,200.82,1589,1,Arah 11,40,37,6,0,3,86,0,461,0
1700000157950,157.95,3072,0.0,351.33,6.64,1660,1,Arah 11,28,36,6,0,3,73,1,461,0
1700000158017,158.02,3171,734.92,408.87,31.19,1742,1,Arah 11,41,52,4,0,2,99,1,462,0
1700000158084,158.08,2974,164.98,372.28,137.55,1573,1,Arah 11,35,34,2,0,1,72,0,462,0
1700000158150,158.15,3149,0.0,316.44,78.41,1526,1,Arah 11,16,47,2,0,1,66,0,462,0
1700000158217,158.22,3038,337.46,319.59,66.65,1544,1,Arah 11,40,33,2,0,4,79,1,463,0
1700000158284,158.28,3104,0.0,271.66,11.98,1507,1,Arah 11,21,12,2,0,4,39,0,463,0
1700000158350,158.35,3142,644.93,327.65,366.76,1264,1,Arah 11,17,20,2,0,1,40,1,463,0
1700000158417,158.42,3018,1597.32,518.1,167.78,1811,1,Arah 11,3,42,4,0,4,53,0,464,0
1700000158484,158.48,2929,0.0,440.38,213.96,1626,1,Arah 11,21,19,2,0,3,45,0,464,0
1700000158550,158.55,3147,0.0,374.33,151.74,1563,1,Arah 11,36,22,3,0,4,65,0,464,0
1700000158617,158.62,2965,134.99,338.42,128.98,1518,1,Arah 11,38,64,2,0,2,106,1,464,0
1700000158684,158.68,3129,0.0,287.66,9.19,1540,1,Arah 11,39,31,4,0,4,78,0,465,0
1700000158750,158.75,3104,584.94,332.25,54.13,1579,1,Arah 11,4,35,4,0,1,44,0,465,0
1700000158817,158.82,3051,277.47,324.03,84.56,1535,1,Arah 11,40,34,6,0,2,82,0,465,0
1700000158884,158.88,3067,0.0,275.43,55.35,1472,1,Arah 11,40,29,4,0,3,76,1,466,0
1700000158950,158.95,3111,847.41,361.23,194.36,1498,1,Arah 11,3,31,3,0,1,38,0,466,0
1700000159017,159.02,2954,659.93,406.03,23.96,1743,1,Arah 11,29,37,4,0,1,71,0,466,0
1700000159084,159.08,3023,0.0,345.13,65.56,1592,1,Arah 11,13,74,5,0,4,96,0,466,0
1700000159151,159.15,3032,457.45,361.97,54.76,1634,1,Arah 11,35,46,2,0,4,87,0,466,0
1700000159217,159.22,2962,494.95,381.92,55.57,1670,1,Arah 11,27,32,4,0,4,67,0,467,0
1700000159284,159.28,2966,0.0,324.63,157.72,1465,1,Arah 11,35,42,3,0,1,81,0,467,0
1700000159351,159.35,3161,0.0,275.94,3.49,1523,1,Arah 11,8,29,6,0,2,45,0,468,0
1700000159417,159.42,3067,584.93,322.29,2.97,1610,0,,9,62,6,0,1,78,0,468,0
1700000159484,159.48,3083,0.0,273.94,133.1,1393,0,,41,65,6,0,2,114,0,468,0
1700000159551,159.55,3101,0.0,232.85,49.25,1397,0,,12,25,6,0,4,47,0,468,0
1700000159617,159.62,3127,727.42,307.04,282.93,1308,0,,43,60,4,0,1,108,0,468,0
1700000159684,159.68,3004,1079.88,422.96,118.28,1685,0,,28,16,5,0,2,51,0,468,0
1700000159751,159.75,2983,179.98,386.52,140.52,1597,0,,22,25,5,0,2,54,0,468,0
1700000159817,159.82,2980,0.0,328.54,159.62,1470,0,,18,23,3,0,1,45,0,469,0
1700000159884,159.88,3027,0.0,279.26,127.15,1409,0,,18,43,6,0,1,68,0,469,0
1700000159951,159.95,3136,1177.37,413.97,489.76,1308,0,,4,29,6,0,1,40,0,470,0
1700000160017,160.02,2870,1709.81,608.35,153.47,1983,0,,12,62,6,0,4,84,0,470,0
1700000160084,160.08,2908,0.0,517.1,251.24,1731,0,,7,46,2,0,2,57,0,470,0
1700000160151,160.15,2987,0.0,439.53,51.17,1778,0,,26,24,3,0,3,56,0,470,0
1700000160217,160.22,3094,727.42,482.72,276.25,1645,0,,12,42,3,0,2,59,1,470,0
1700000160284,160.28,2890,1432.34,625.16,72.43,2083,0,,12,42,2,0,4,60,0,470,0
1700000160351,160.35,2903,0.0,531.39,258.18,1751,0,,25,46,3,0,2,76,0,470,0
1700000160417,160.42,3030,0.0,451.68,87.2,1767,0,,9,66,5,0,1,81,0,470,0
1700000160484,160.48,3013,592.43,472.79,148.53,1747,0,,20,19,5,0,3,47,0,470,0
1700000160551,160.55,2951,997.39,551.48,6.0,2016,0,,22,54,5,0,2,83,2,471,1
1700000160617,160.62,2880,0.0,468.76,227.75,1665,0,,6,48,5,0,2,61,1,471,0
1700000160684,160.68,2967,0.0,398.44,193.59,1568,0,,25,35,4,0,1,65,0,471,0
1700000160751,160.75,2915,0.0,338.68,164.55,1484,0,,41,20,3,0,4,68,1,471,0
1700000160817,160.82,3116,0.0,287.88,220.05,1334,0,,2,73,3,0,1,79,1,471,0
1700000160884,160.88,2922,1612.32,486.54,230.57,1695,0,,3,42,4,0,1,50,1,471,0
1700000160951,160.95,2901,194.98,442.81,163.94,1678,0,,34,36,6,0,1,77,0,471,0
1700000161017,161.02,2896,0.0,376.39,182.87,1537,0,,37,36,5,0,2,80,1,471,0
1700000161084,161.08,2940,0.0,319.93,155.44,1458,0,,33,22,5,0,2,62,0,471,0
1700000161151,161.15,2926,0.0,271.94,117.06,1405,0,,40,60,5,0,2,107,0,471,0
1700000161217,161.22,2968,67.49,241.27,74.39,1389,0,,28,73,6,0,2,109,1,471,0
1700000161284,161.28,2917,112.49,221.95,75.72,1351,0,,32,73,4,0,2,111,0,471,0
1700000161351,161.35,2953,689.92,292.15,104.54,1455,0,,19,56,4,0,2,81,0,471,0
1700000161417,161.42,2825,292.47,292.2,65.16,1494,0,,30,39,2,0,1,72,0,471,0
1700000161484,161.48,2914,0.0,248.37,120.67,1356,0,,38,38,4,0,3,83,0,471,0
1700000161551,161.55,3093,0.0,211.11,165.28,1241,0,,21,44,5,0,3,73,0,471,0
1700000161617,161.62,2992,1199.87,359.43,180.66,1508,0,,26,28,5,0,1,60,1,472,0
1700000161684,161.68,2933,179.98,332.51,114.28,1522,0,,38,14,6,0,2,60,1,473,0
1700000161751,161.75,2968,0.0,282.63,160.66,1382,0,,25,48,4,0,3,80,0,473,0
1700000161817,161.82,2941,1334.85,440.47,146.61,1690,0,,43,47,2,0,3,95,0,473,0
1700000161884,161.88,2790,45.0,381.14,173.36,1555,0,,9,40,2,0,4,55,0,473,0
1700000161951,161.95,2935,0.0,323.97,157.4,1464,0,,31,62,5,0,1,99,0,473,0
1700000162018,162.02,2933,0.0,275.38,65.42,1462,0,,20,24,2,0,4,50,0,473,0
1700000162084,162.08,2948,892.4,367.93,368.65,1339,0,,3,53,4,0,1,61,0,473,0
1700000162151,162.15,2814,1402.34,523.09,114.14,1869,0,,6,68,4,0,1,79,0,474,0
1700000162218,162.22,2761,0.0,444.63,216.03,1632,0,,33,52,6,0,1,92,0,474,0
1700000162284,162.28,2833,0.0,377.93,91.55,1628,0,,9,48,2,0,1,60,0,474,0
1700000162351,162.35,2858,412.45,383.11,30.94,1695,0,,42,57,4,0,3,106,0,474,0
1700000162418,162.42,2778,209.98,357.14,118.37,1564,0,,18,30,6,0,2,56,0,474,0
1700000162484,162.48,2830,0.0,303.57,147.49,1435,0,,2,22,5,0,4,33,0,474,0
1700000162551,162.55,2802,0.0,258.04,125.37,1370,0,,3,71,2,0,1,77,0,474,0
1700000162618,162.62,2964,0.0,219.33,117.76,1304,0,,19,58,3,0,2,82,1,474,0
1700000162684,162.68,2839,1004.89,337.16,131.9,1513,0,,13,68,5,0,2,88,0,474,0
1700000162751,162.75,2830,142.48,307.96,112.21,1478,0,,24,54,5,0,4,87,0,475,0
1700000162818,162.82,2820,0.0,261.77,127.18,1376,0,,20,19,2,0,3,44,0,475,0
1700000162884,162.88,2830,0.0,222.5,108.1,1320,0,,25,39,4,0,3,71,1,475,0
1700000162951,162.95,2903,0.0,189.13,92.26,1272,0,,2,43,2,0,2,49,0,475,0
1700000163018,163.02,2832,824.91,284.49,78.42,1466,0,,37,65,2,0,3,107,0,475,0
1700000163084,163.08,2793,0.0,241.82,72.29,1392,0,,19,70,6,0,3,98,2,475,0
1700000163151,163.15,2875,202.48,235.92,61.45,1391,0,,18,40,4,0,2,64,0,475,0
1700000163218,163.22,2766,0.0,200.53,18.75,1366,0,,29,32,5,0,2,68,0,475,0
1700000163284,163.28,2924,352.46,223.32,109.62,1320,0,,10,57,5,0,1,73,0,475,0
1700000163351,163.35,2719,562.44,274.19,14.49,1509,0,,17,12,2,0,4,35,0,475,0
1700000163418,163.42,2849,0.0,233.06,96.02,1352,0,,15,60,3,0,1,79,0,475,0
1700000163484,163.48,2819,937.4,338.71,81.62,1565,0,,23,72,2,0,1,98,0,475,0
1700000163551,163.55,2724,0.0,287.9,139.88,1413,0,,3,51,3,0,1,58,0,475,0
1700000163618,163.62,2862,0.0,244.72,68.68,1401,0,,5,40,4,0,4,53,0,475,0
1700000163684,163.68,2791,224.98,241.76,44.98,1418,0,,16,40,5,0,1,62,0,475,0
1700000163751,163.75,2832,59.99,214.49,11.99,1399,0,,36,26,4,0,3,69,0,475,0
1700000163818,163.82,2783,449.95,249.81,3.2,1474,0,,16,62,4,0,2,84,0,475,0
1700000163884,163.88,2772,0.0,212.34,103.17,1305,0,,3,67,5,0,3,78,0,475,0
1700000163951,163.95,2813,0.0,180.49,87.69,1259,0,,29,49,5,0,1,84,0,477,0
1700000164018,164.02,2824,0.0,153.42,66.08,1229,0,,31,68,6,0,4,109,0,477,0
1700000164084,164.08,2834,629.93,224.89,158.29,1274,0,,16,63,5,0,1,85,0,477,0
1700000164151,164.15,2740,457.45,259.78,6.08,1490,0,,4,58,3,0,2,67,0,478,0
1700000164218,164.22,2773,0.0,220.81,45.34,1378,0,,37,41,3,0,2,83,0,480,0
1700000164284,164.28,2773,277.47,229.31,38.54,1401,0,,11,65,3,0,2,81,0,481,0
1700000164351,164.35,2736,0.0,194.91,94.7,1280,0,,26,63,5,0,1,95,0,481,0
1700000164418,164.42,2812,0.0,165.68,40.04,1278,0,,18,15,3,0,3,39,0,481,1
1700000164484,164.48,2757,539.94,221.82,124.43,1302,0,,7,37,5,0,1,50,0,481,0
1700000164551,164.55,2740,404.96,249.29,14.77,1462,0,,19,53,6,0,3,81,0,481,0
1700000164618,164.62,2703,0.0,211.89,102.95,1304,0,,43,31,4,0,2,80,0,481,0
1700000164684,164.68,2862,0.0,180.11,9.59,1336,0,,37,70,5,0,4,116,1,481,0
1700000164751,164.75,2767,434.95,218.34,56.7,1362,0,,20,64,5,0,1,90,0,481,0
1700000164818,164.82,2804,217.48,218.21,64.93,1354,0,,27,65,3,0,4,99,0,482,0
1700000164884,164.88,2738,509.94,261.97,28.41,1473,0,,21,55,4,0,1,81,0,482,0
1700000164951,164.95,2736,97.49,237.3,89.69,1366,0,,13,71,2,0,1,87,0,483,0
1700000165018,165.02,2725,0.0,201.7,98.0,1290,0,,30,64,2,0,2,98,0,483,0
1700000165085,165.09,2762,0.0,171.45,132.65,1197,0,,3,71,3,0,3,80,0,483,0
1700000165151,165.15,2726,967.39,290.84,223.24,1336,0,,37,21,3,0,4,65,0,483,0
1700000165218,165.22,2633,494.95,321.45,22.35,1590,0,,44,22,6,0,1,73,0,483,0
1700000165285,165.29,2660,217.48,305.86,91.49,1494,0,,15,35,3,0,2,55,0,484,0
1700000165351,165.35,2604,0.0,259.98,126.31,1373,0,,42,39,4,0,1,86,1,486,0
1700000165418,165.42,2775,0.0,220.98,36.6,1387,0,,32,28,3,0,2,65,0,486,0
1700000165485,165.49,2773,644.93,284.57,31.11,1513,0,,19,17,6,0,1,43,0,487,0
1700000165551,165.55,2689,0.0,241.89,117.52,1347,0,,13,35,4,0,1,53,0,487,1
1700000165618,165.62,2776,0.0,205.6,54.7,1340,0,,36,52,3,0,3,94,0,487,0
1700000165685,165.69,2785,202.48,205.14,3.73,1389,0,,25,12,6,0,3,46,0,487,0
1700000165751,165.75,2749,224.98,208.11,42.03,1357,0,,37,22,4,0,3,66,0,487,0
1700000165818,165.82,2755,0.0,176.89,61.37,1279,0,,28,12,5,0,4,49,0,487,0
1700000165885,165.89,2787,659.93,249.35,52.17,1426,0,,30,67,5,0,3,105,0,487,0
1700000165951,165.95,2667,0.0,211.95,2.53,1404,0,,11,69,2,0,2,84,0,487,0
1700000166018,166.02,2820,449.95,247.65,253.98,1223,0,,25,47,2,0,4,78,0,488,0
1700000166085,166.09,2607,1147.37,382.61,115.44,1614,0,,42,33,5,0,1,81,0,488,0
1700000166151,166.15,2667,0.0,325.22,158.01,1465,0,,30,13,5,0,3,51,0,488,0
1700000166218,166.22,2622,0.0,276.43,134.31,1396,0,,7,38,6,0,3,54,0,488,0
1700000166285,166.29,2690,0.0,234.97,126.9,1325,0,,44,13,4,0,1,62,1,488,0
1700000166351,166.35,2861,1079.88,361.7,407.52,1289,0,,31,65,4,0,1,101,0,488,0
1700000166418,166.42,2546,1342.35,508.8,105.33,1852,0,,23,22,2,0,4,51,0,488,0
1700000166485,166.49,2682,0.0,432.48,210.12,1615,0,,10,65,5,0,2,82,0,488,0
1700000166551,166.55,2587,0.0,367.61,178.61,1525,0,,29,59,6,0,4,98,0,488,1
1700000166618,166.62,2708,0.0,312.47,151.81,1447,0,,15,25,2,0,3,45,0,488,0
1700000166685,166.69,2726,0.0,265.6,129.04,1381,0,,8,15,5,0,2,30,0,488,0
1700000166751,166.75,2715,0.0,225.76,109.69,1324,1,Arah 11,10,33,2,0,3,48,0,489,0
1700000166818,166.82,2792,0.0,191.89,21.25,1347,1,Arah 11,43,52,2,0,1,98,0,489,0
1700000166885,166.89,2874,322.46,211.48,452.35,1000,1,Arah 11,4,73,2,0,2,81,0,489,0
1700000166951,166.95,2749,2107.27,495.85,312.51,1634,1,Arah 11,38,50,3,0,1,92,0,489,0
1700000167018,167.02,2593,0.0,421.47,203.1,1602,1,Arah 11,34,52,4,0,3,93,0,489,0
1700000167085,167.09,2763,7.5,359.37,28.25,1654,1,Arah 11,19,73,3,0,4,99,0,490,0
1700000167151,167.15,2592,899.9,440.45,206.48,1633,1,Arah 11,36,22,6,0,1,65,0,490,0
1700000167218,167.22,2643,824.91,498.12,3.08,1926,1,Arah 11,43,28,5,0,1,77,0,490,0
1700000167285,167.29,2482,127.49,442.53,181.52,1661,1,Arah 11,30,67,3,0,1,101,0,490,0
1700000167351,167.35,2626,0.0,376.15,182.75,1537,1,Arah 11,40,37,2,0,1,80,0,490,0
1700000167418,167.42,2534,0.0,319.73,155.34,1458,1,Arah 11,6,73,6,0,4,89,0,490,0
1700000167485,167.49,2709,0.0,271.77,93.96,1427,1,Arah 11,19,17,4,0,4,44,0,490,0
1700000167551,167.55,2595,1012.39,382.86,79.86,1648,1,Arah 11,5,57,4,0,1,67,0,490,0
1700000167618,167.62,2574,0.0,325.43,81.11,1540,1,Arah 11,43,31,2,0,3,79,0,490,0
1700000167685,167.69,2804,344.96,328.36,232.39,1398,1,Arah 11,20,36,5,0,1,62,0,491,0
1700000167751,167.75,2528,1349.85,481.58,120.52,1789,1,Arah 11,34,57,2,0,3,96,1,492,0
1700000167818,167.82,2624,0.0,409.35,46.55,1728,1,Arah 11,22,61,6,0,2,91,0,492,0
1700000167885,167.89,2616,682.42,450.31,39.56,1809,1,Arah 11,43,15,2,0,1,61,0,493,0
1700000167951,167.95,2533,0.0,382.76,78.53,1649,1,Arah 11,28,62,4,0,3,97,0,494,1
1700000168018,168.02,2687,1184.87,503.08,281.03,1677,1,Arah 11,3,54,4,0,4,65,0,494,0
1700000168085,168.09,2375,959.89,571.6,25.62,2033,1,Arah 11,36,43,3,0,4,86,0,494,0
1700000168152,168.15,2559,0.0,485.86,133.94,1785,1,Arah 11,44,34,4,0,3,85,0,494,0
1700000168218,168.22,2518,457.45,481.6,113.85,1796,1,Arah 11,36,21,5,0,3,65,1,496,1
1700000168285,168.29,2498,0.0,409.36,198.89,1583,1,Arah 11,15,60,4,0,4,83,0,497,0
1700000168352,168.35,2580,0.0,347.95,169.06,1497,1,Arah 11,11,43,5,0,2,61,0,498,0
1700000168418,168.42,2589,0.0,295.76,214.55,1354,1,Arah 11,29,61,6,0,2,98,0,498,0
1700000168485,168.49,2628,1604.82,492.12,251.0,1686,1,Arah 11,3,29,2,0,1,35,0,498,0
1700000168552,168.55,2375,307.47,464.42,144.89,1736,1,Arah 11,34,28,4,0,1,67,0,499,1
1700000168618,168.62,2587,0.0,394.76,138.23,1614,1,Arah 11,18,47,4,0,3,72,0,499,0
1700000168685,168.69,2451,239.97,371.54,117.49,1591,1,Arah 11,21,13,6,0,4,44,0,500,0
1700000168752,168.75,2555,0.0,315.81,244.99,1362,1,Arah 11,7,45,3,0,1,56,0,500,0
1700000168818,168.82,2602,1784.8,536.16,291.94,1728,1,Arah 11,29,22,5,0,3,59,0,500,0
1700000168885,168.89,2317,374.96,511.98,150.27,1816,1,Arah 11,44,28,6,0,3,81,1,500,1
1700000168952,168.95,2552,0.0,435.18,211.44,1619,1,Arah 11,33,21,6,0,4,64,0,500,0
1700000169018,169.02,2578,0.0,369.9,56.32,1647,1,Arah 11,8,25,2,0,3,38,0,500,0
1700000169085,169.09,2581,1057.38,473.03,237.04,1664,1,Arah 11,31,47,3,0,2,83,0,500,0
1700000169152,169.15,2437,847.41,529.18,34.56,1952,1,Arah 11,6,43,3,0,1,53,0,500,0
1700000169218,169.22,2468,0.0,449.81,123.12,1730,0,,34,58,5,0,2,99,0,500,0
1700000169285,169.29,2576,427.45,446.45,42.66,1799,0,,15,56,6,0,3,80,0,500,0
1700000169352,169.35,2411,659.93,478.47,59.16,1841,0,,42,62,6,0,4,114,0,500,0
1700000169418,169.42,2488,0.0,406.7,144.03,1631,0,,35,71,4,0,2,112,0,500,0
1700000169485,169.49,2645,239.97,381.69,47.09,1677,0,,27,25,5,0,4,61,0,500,0
1700000169552,169.55,2456,337.46,375.06,93.6,1621,0,,11,38,2,0,3,54,0,500,0
1700000169618,169.62,2600,0.0,318.8,154.89,1456,0,,40,28,5,0,4,77,1,500,0
1700000169685,169.69,2536,0.0,270.98,97.69,1422,0,,7,25,4,0,1,37,0,500,0
1700000169752,169.75,2721,1027.39,384.44,434.58,1306,0,,2,73,2,0,1,78,0,501,0
1700000169818,169.82,2399,1574.83,563.0,140.05,1916,0,,33,57,2,0,4,96,0,501,0
1700000169885,169.89,2511,0.0,478.55,232.51,1679,0,,5,17,4,0,3,29,0,501,0
1700000169952,169.95,2431,0.0,406.77,197.63,1580,0,,5,12,2,0,2,21,0,501,0
1700000170018,170.02,2539,0.0,345.75,167.99,1494,0,,4,23,2,0,4,33,1,502,0
1700000170085,170.09,2494,0.0,293.89,127.72,1436,0,,39,23,6,0,1,69,0,502,0
1700000170152,170.15,2550,67.49,259.93,41.6,1456,0,,22,63,2,0,1,88,0,502,0
1700000170218,170.22,2485,299.97,265.93,50.43,1459,0,,30,61,5,0,4,100,0,502,0
1700000170285,170.29,2510,0.0,226.04,109.83,1325,0,,16,34,6,0,2,58,0,502,0
1700000170352,170.35,2556,0.0,192.14,53.96,1315,0,,6,65,3,0,1,75,0,503,0
1700000170418,170.42,2547,659.93,262.31,94.42,1409,0,,5,67,6,0,3,81,0,503,0
1700000170485,170.49,2468,217.48,255.58,3.45,1485,0,,12,56,3,0,3,74,0,504,0
1700000170552,170.55,2518,284.97,259.99,176.19,1324,0,,41,41,6,0,4,92,0,504,0
1700000170618,170.62,2430,1019.89,373.97,104.56,1608,0,,21,73,4,0,4,102,1,504,0
1700000170685,170.69,2382,82.49,330.25,138.79,1494,0,,29,34,2,0,1,66,2,505,0
1700000170752,170.75,2419,0.0,280.71,136.39,1402,0,,14,68,5,0,4,91,0,505,0
1700000170818,170.82,2484,0.0,238.61,25.53,1431,0,,41,47,5,0,4,97,0,505,0
1700000170885,170.89,2434,404.96,263.56,155.75,1351,0,,22,26,3,0,4,55,0,505,0
1700000170952,170.95,2430,794.91,343.26,41.99,1611,0,,36,13,3,0,4,56,0,505,0
1700000171019,171.02,2328,0.0,291.77,141.76,1418,0,,16,74,5,0,3,98,0,506,0
1700000171085,171.09,2494,0.0,248.01,137.31,1339,0,,44,32,6,0,2,84,0,506,0
1700000171152,171.15,2618,1154.87,384.04,295.84,1442,0,,30,70,6,0,3,109,0,506,0
1700000171219,171.22,2340,802.41,446.79,6.34,1833,0,,3,54,6,0,4,67,0,507,0
1700000171285,171.29,2511,0.0,379.77,98.4,1625,0,,29,48,4,0,3,84,0,507,0
1700000171352,171.35,2408,1267.36,512.91,83.64,1879,0,,9,61,2,0,3,75,0,507,0
1700000171419,171.42,2342,0.0,435.97,211.82,1620,0,,35,49,5,0,1,90,0,508,0
1700000171485,171.49,2425,0.0,370.58,9.12,1693,0,,43,39,6,0,2,90,0,508,0
1700000171552,171.55,2539,847.41,442.1,339.21,1509,0,,38,15,2,0,2,57,0,508,0
1700000171619,171.62,2312,1484.84,598.51,99.16,2014,0,,25,17,3,0,3,48,0,508,0
1700000171685,171.69,2341,0.0,508.74,247.17,1720,0,,21,25,2,0,1,49,1,508,0
1700000171752,171.75,2491,0.0,432.43,163.22,1660,0,,10,30,4,0,1,45,0,509,0
1700000171819,171.82,2583,1672.31,618.41,436.71,1741,0,,44,22,3,0,3,72,1,509,0
1700000171885,171.89,2268,1334.85,725.88,2.11,2305,1,Arah 11,35,51,3,113,4,206,0,509,0
1700000171952,171.95,2405,0.0,616.99,98.88,2046,0,,14,19,4,0,2,39,0,510,0
1700000172019,172.02,2368,899.9,659.43,84.05,2130,0,,14,48,4,0,1,67,0,510,0
1700000172085,172.09,2285,0.0,560.52,81.49,1964,0,,26,45,3,0,1,75,0,510,0
1700000172152,172.15,2450,854.91,604.67,128.27,1999,0,,23,54,6,0,2,85,1,510,0
1700000172219,172.22,2171,884.9,646.71,81.81,2110,0,,27,35,2,0,4,68,0,511,0
1700000172285,172.29,2332,0.0,549.7,267.08,1775,0,,26,13,2,0,1,42,0,511,0
1700000172352,172.35,2362,0.0,467.25,227.01,1663,0,,17,41,4,0,1,63,0,511,0
1700000172419,172.42,2403,0.0,397.16,192.96,1566,0,,14,74,5,0,3,96,0,511,0
1700000172485,172.49,2472,0.0,337.59,152.38,1494,0,,10,35,3,0,2,50,0,511,0
1700000172552,172.55,2451,1417.34,499.55,159.65,1785,0,,34,26,2,0,2,64,0,511,0
1700000172619,172.62,2283,134.99,444.86,180.69,1666,0,,39,20,4,0,3,66,0,511,0
1700000172685,172.69,2433,0.0,378.13,76.58,1643,0,,13,54,6,0,3,76,0,511,0
1700000172752,172.75,2432,479.95,393.41,167.6,1584,0,,34,42,6,0,3,85,1,512,0
1700000172819,172.82,2369,1042.38,490.75,122.37,1804,0,,23,33,6,0,4,66,0,512,0
1700000172885,172.89,2293,389.96,475.63,31.58,1861,0,,4,30,5,0,1,40,0,512,0
1700000172952,172.95,2317,434.95,469.53,113.9,1774,0,,39,23,5,0,2,69,0,512,0
1700000173019,173.02,2235,0.0,399.1,193.91,1569,0,,25,34,5,0,3,67,1,512,0
1700000173085,173.09,2428,0.0,339.24,164.82,1485,0,,43,17,6,0,1,67,0,512,1
1700000173152,173.15,2456,0.0,288.35,140.1,1413,0,,26,17,5,0,4,52,0,512,0
1700000173219,173.22,2461,0.0,245.1,183.92,1288,0,,32,50,5,0,4,91,0,512,0
1700000173285,173.29,2460,1357.35,411.94,278.54,1511,0,,39,29,3,0,3,74,1,512,0
1700000173352,173.35,2280,547.44,432.26,37.79,1778,0,,4,38,6,0,2,50,0,512,0
1700000173419,173.42,2387,127.49,386.55,71.67,1663,0,,29,23,3,0,4,59,0,512,0
1700000173485,173.49,2263,1012.39,480.42,32.46,1869,0,,17,29,2,0,1,49,0,512,0
1700000173552,173.55,2252,0.0,408.36,198.4,1582,0,,33,49,3,0,2,87,0,512,0
1700000173619,173.62,2320,0.0,347.1,64.05,1597,0,,34,49,4,0,1,88,0,512,0
1700000173685,173.69,2264,1042.38,451.4,275.42,1588,0,,8,27,4,0,4,43,0,512,0
1700000173752,173.75,2181,989.89,532.17,1.41,1987,0,,40,35,6,0,2,83,0,512,0
1700000173819,173.82,2132,0.0,452.34,219.77,1643,0,,36,19,6,0,1,62,0,512,0
1700000173885,173.89,2263,0.0,384.49,114.82,1618,0,,11,58,2,0,4,75,0,512,0
1700000173952,173.95,2218,322.46,375.19,97.6,1617,0,,42,64,5,0,1,112,0,512,0
1700000174019,174.02,2220,0.0,318.91,154.94,1456,0,,22,32,5,0,1,60,0,512,0
1700000174086,174.09,2317,0.0,271.07,131.7,1389,0,,3,39,3,0,2,47,0,512,0
1700000174152,174.15,2314,0.0,230.41,111.95,1331,0,,30,64,3,0,1,98,0,512,0
1700000174219,174.22,2388,0.0,195.85,85.11,1291,0,,26,30,2,0,2,60,0,512,0
1700000174286,174.29,2430,45.0,173.22,48.19,1285,0,,23,13,2,0,2,40,0,512,0
1700000174352,174.35,2382,539.94,228.23,293.74,1146,0,,7,27,4,0,4,42,0,512,0
1700000174419,174.42,2358,1177.37,370.6,187.74,1522,0,,28,16,2,0,1,47,0,512,0
1700000174486,174.49,2225,262.47,354.38,74.79,1600,0,,7,19,6,0,1,33,0,512,0
1700000174552,174.55,2323,127.49,320.35,23.48,1587,0,,34,49,4,0,3,90,0,513,0
1700000174619,174.62,2208,652.43,370.16,8.5,1693,0,,32,37,5,0,1,75,0,513,0
1700000174686,174.69,2236,0.0,314.64,152.87,1450,0,,6,42,4,0,3,55,0,513,0
1700000174752,174.75,2266,0.0,267.44,129.94,1384,0,,10,35,6,0,4,55,0,513,0
1700000174819,174.82,2329,0.0,227.32,110.45,1326,0,,42,40,2,0,3,87,1,513,1
1700000174886,174.89,2283,0.0,193.23,92.21,1279,0,,19,60,2,0,4,85,0,513,0
1700000174952,174.95,2378,7.5,165.37,58.29,1260,0,,25,33,2,0,1,61,0,513,0
1700000175019,175.02,2282,89.99,154.06,84.38,1212,0,,6,56,2,0,1,65,0,513,0
1700000175086,175.09,2366,607.43,222.07,378.07,1050,0,,26,33,2,0,4,65,0,513,0
1700000175152,175.15,2201,1462.34,408.11,185.77,1593,0,,13,14,4,0,3,34,0,513,0
1700000175219,175.22,2171,0.0,346.89,168.54,1496,0,,30,16,3,0,2,51,0,513,0
1700000175286,175.29,2357,0.0,294.86,45.91,1517,0,,38,16,5,0,1,60,0,513,0
1700000175352,175.35,2281,847.41,377.74,39.02,1678,0,,40,54,5,0,2,101,0,513,0
1700000175419,175.42,2244,0.0,321.08,61.63,1551,0,,28,40,4,0,3,75,0,513,1
1700000175486,175.49,2282,974.89,419.15,52.38,1740,0,,12,68,3,0,3,86,0,514,0
1700000175552,175.55,2114,0.0,356.28,114.51,1566,0,,44,17,4,0,3,68,0,515,0
1700000175619,175.62,2340,262.47,342.21,97.33,1556,0,,13,56,5,0,2,76,0,515,0
1700000175686,175.69,2079,0.0,290.88,141.32,1417,0,,3,70,5,0,4,82,0,515,0
1700000175752,175.75,2371,0.0,247.24,306.76,1170,0,,8,43,5,0,2,58,0,515,0
1700000175819,175.82,2275,1912.29,497.0,387.97,1564,0,,21,58,5,0,1,85,1,515,0
1700000175886,175.89,2116,569.94,507.94,45.21,1905,0,,24,23,5,0,2,54,0,516,0
1700000175952,175.95,2199,232.47,466.62,81.95,1798,0,,29,21,3,0,3,56,1,517,0
1700000176019,176.02,2085,374.96,452.87,121.56,1737,0,,23,69,2,0,2,96,0,517,0
1700000176086,176.09,2149,0.0,384.94,187.03,1549,0,,33,73,4,0,1,111,0,517,0
1700000176152,176.15,2198,0.0,327.2,56.98,1567,0,,4,44,3,0,4,55,0,518,0
1700000176219,176.22,2226,967.39,423.23,48.43,1752,0,,2,55,3,0,2,62,3,518,0
1700000176286,176.29,2069,0.0,359.74,174.78,1514,0,,40,69,4,0,1,114,0,519,0
1700000176352,176.35,2305,0.0,305.78,174.53,1412,0,,28,44,5,0,1,78,1,520,0
1700000176419,176.42,2139,1447.34,477.02,148.35,1755,0,,8,51,4,0,1,64,0,522,0
1700000176486,176.49,2112,0.0,405.46,197.0,1578,0,,25,57,4,0,1,87,1,522,0
1700000176552,176.55,2192,0.0,344.64,36.79,1619,1,Arah 11,33,12,3,0,1,49,0,522,0
1700000176619,176.62,2207,914.9,430.18,31.27,1780,1,Arah 11,20,53,6,0,1,80,0,522,0
1700000176686,176.69,2070,0.0,365.65,177.66,1522,1,Arah 11,29,23,4,0,2,58,0,522,0
1700000176752,176.75,2253,0.0,310.81,30.48,1562,1,Arah 11,42,17,6,0,1,66,0,522,0
1700000176819,176.82,2147,539.94,345.18,12.51,1643,1,Arah 11,4,63,4,0,1,72,0,522,0
1700000176886,176.89,2181,59.99,302.4,27.38,1549,1,Arah 11,28,39,5,0,3,75,0,522,0
1700000176952,176.95,2139,464.95,326.78,36.66,1586,1,Arah 11,16,58,6,0,4,84,1,522,0
1700000177019,177.02,2119,0.0,277.76,134.95,1398,1,Arah 11,44,24,4,0,4,76,1,522,0
1700000177086,177.09,2219,0.0,236.1,101.32,1352,1,Arah 11,34,34,5,0,1,74,0,522,0
1700000177153,177.15,2173,59.99,209.68,62.87,1340,1,Arah 11,23,36,2,0,1,62,0,522,0
1700000177219,177.22,2211,667.43,278.35,289.48,1247,1,Arah 11,25,66,6,0,4,101,1,523,0
1700000177286,177.29,2084,1117.38,404.2,97.07,1671,1,Arah 11,24,57,6,0,3,90,0,523,0
1700000177353,177.35,2062,0.0,343.57,166.93,1491,1,Arah 11,29,71,6,0,1,107,0,524,0
1700000177419,177.42,2161,0.0,292.03,101.71,1458,1,Arah 11,29,69,5,0,3,106,1,524,1
1700000177486,177.49,2126,179.98,275.23,12.32,1513,1,Arah 11,7,20,6,0,4,37,0,525,0
1700000177553,177.55,2137,442.45,300.31,29.71,1543,1,Arah 11,31,68,3,0,4,106,0,525,0
1700000177619,177.62,2067,0.0,255.26,85.52,1404,1,Arah 11,7,68,6,0,3,84,0,525,0
1700000177686,177.69,2188,172.48,242.85,55.95,1410,1,Arah 11,15,44,4,0,4,67,0,525,0
1700000177753,177.75,2044,74.99,217.67,86.06,1332,1,Arah 11,26,59,3,0,3,91,0,527,0
1700000177819,177.82,2178,0.0,185.02,104.3,1252,1,Arah 11,22,38,6,0,2,68,0,527,0
1700000177886,177.89,2226,869.9,287.75,520.56,1034,1,Arah 11,12,64,3,0,2,81,0,528,0
1700000177953,177.95,2062,1934.79,534.81,248.28,1766,1,Arah 11,8,30,5,0,2,45,0,528,0
1700000178019,178.02,1968,0.0,454.58,220.86,1646,1,Arah 11,20,35,6,0,1,62,1,529,0
1700000178086,178.09,2297,0.0,386.4,68.88,1665,1,Arah 11,20,58,3,0,2,83,0,529,0
1700000178153,178.15,2073,532.44,408.3,58.54,1715,1,Arah 11,12,74,5,0,3,94,1,529,0
1700000178219,178.22,2226,0.0,347.06,213.06,1453,1,Arah 11,8,24,3,0,3,38,0,529,0
1700000178286,178.29,2150,1709.81,551.47,381.99,1670,1,Arah 11,22,12,4,0,4,42,0,529,0
1700000178353,178.35,1998,899.9,603.74,56.99,2060,1,Arah 11,21,60,6,137,2,226,0,529,0
1700000178419,178.42,2030,0.0,513.17,249.33,1726,1,Arah 11,11,36,2,0,4,53,0,529,0
1700000178486,178.49,2137,0.0,436.2,113.16,1714,1,Arah 11,42,14,2,0,3,61,0,530,0
1700000178553,178.55,2143,442.45,437.14,30.9,1793,1,Arah 11,13,25,6,0,1,45,0,530,0
1700000178619,178.62,2078,292.47,415.44,125.03,1665,1,Arah 11,22,29,3,0,2,56,0,530,0
1700000178686,178.69,2104,0.0,353.12,94.61,1579,1,Arah 11,15,51,3,0,3,72,0,531,0
1700000178753,178.75,2105,1192.37,479.01,98.83,1805,1,Arah 11,11,24,6,0,4,45,1,532,0
1700000178819,178.82,1945,82.49,419.53,182.17,1618,1,Arah 11,39,40,4,0,4,87,1,532,0
1700000178886,178.89,2094,0.0,356.6,156.53,1526,1,Arah 11,35,21,3,0,4,63,1,532,0
1700000178953,178.95,2050,1477.34,524.71,133.05,1855,1,Arah 11,42,39,4,0,1,86,0,533,0
1700000179019,179.02,1897,0.0,446.0,216.69,1634,1,Arah 11,34,70,6,0,4,114,0,533,0
1700000179086,179.09,2175,0.0,379.1,85.33,1636,0,,15,39,4,0,1,59,0,533,0
1700000179153,179.15,2109,1207.37,503.34,72.53,1872,0,,9,57,2,0,2,70,0,533,0
1700000179219,179.22,2014,0.0,427.84,207.87,1609,0,,27,48,6,0,4,85,1,533,0
1700000179286,179.29,2109,0.0,363.67,2.43,1687,0,,42,69,4,0,2,117,0,533,0
1700000179353,179.35,2159,802.41,429.48,259.87,1562,0,,28,49,3,0,2,82,0,533,0
1700000179419,179.42,2002,1154.87,538.29,41.77,1961,0,,34,47,4,0,1,86,0,533,0
1700000179486,179.49,2005,0.0,457.54,222.3,1650,0,,23,24,4,0,2,53,1,533,0
1700000179553,179.55,2134,0.0,388.91,188.96,1555,0,,33,65,3,0,4,105,0,533,0
1700000179619,179.62,2153,0.0,330.58,41.95,1588,0,,27,55,4,0,1,87,1,533,0
1700000179686,179.69,2188,907.4,417.1,462.54,1340,0,,7,20,5,0,3,35,0,533,0
1700000179753,179.75,2032,1912.29,641.38,222.4,1978,0,,8,17,5,0,4,34,0,533,0
1700000179819,179.82,1933,142.48,566.54,237.84,1833,0,,8,49,5,0,2,64,0,533,0
1700000179886,179.89,2013,0.0,481.56,223.93,1692,0,,14,44,2,0,2,62,0,533,0
1700000179953,179.95,1998,45.0,416.08,161.88,1631,0,,42,62,4,0,1,109,0,533,0
1700000180020,180.02,2007,127.49,372.79,124.2,1587,0,,26,41,5,0,1,73,0,533,0
1700000180086,180.09,1981,104.99,332.62,134.03,1503,0,,21,34,4,0,4,63,0,533,0
1700000180153,180.15,1993,0.0,282.73,137.36,1405,0,,42,27,3,0,2,74,0,533,0
1700000180220,180.22,2046,0.0,240.32,71.56,1390,0,,36,35,4,0,3,78,1,534,0
1700000180286,180.29,2064,202.48,234.64,61.38,1389,0,,13,22,5,0,3,43,0,534,0
1700000180353,180.35,2019,547.44,281.56,125.83,1414,0,,28,40,3,0,4,75,0,534,0
1700000180420,180.42,1991,532.44,319.19,21.58,1586,0,,4,21,3,0,3,31,0,534,0
1700000180486,180.49,1948,164.98,296.06,70.38,1496,0,,35,32,6,0,4,77,0,534,0
1700000180553,180.55,1969,134.99,271.9,96.65,1425,0,,19,65,6,0,1,91,0,534,0
1700000180620,180.62,1930,0.0,231.11,112.29,1332,0,,38,48,5,0,3,94,2,534,0
1700000180686,180.69,1975,0.0,196.45,45.22,1332,0,,9,34,5,0,2,50,0,535,0
1700000180753,180.75,2035,224.98,200.73,169.14,1217,0,,36,29,3,0,2,70,0,535,0
1700000180820,180.82,1945,929.9,310.1,93.55,1500,0,,36,47,2,0,1,86,0,535,0
1700000180886,180.89,1911,0.0,263.59,128.07,1378,0,,14,57,2,0,4,77,0,536,0
1700000180953,180.95,2189,0.0,224.05,155.64,1275,0,,5,29,4,0,2,40,1,536,0
1700000181020,181.02,2000,1184.87,368.17,132.3,1571,0,,26,74,4,0,4,108,0,536,1
1700000181086,181.09,2031,0.0,312.95,71.69,1526,0,,23,61,4,0,1,89,0,536,0
1700000181153,181.15,2117,359.96,320.0,335.81,1280,0,,26,36,5,0,3,70,0,536,0
1700000181220,181.22,1983,1777.3,538.59,272.05,1751,0,,11,54,2,0,2,69,0,536,0
1700000181286,181.29,1880,299.97,502.8,165.51,1786,0,,6,19,5,0,4,34,0,537,0
1700000181353,181.35,1943,0.0,427.38,207.65,1608,0,,41,49,4,0,4,98,0,537,0
1700000181420,181.42,2048,0.0,363.27,148.04,1546,0,,32,16,5,0,4,57,0,538,0
1700000181486,181.49,2006,127.49,327.9,20.37,1604,0,,25,15,4,0,4,48,0,539,0
1700000181553,181.55,2031,472.45,349.59,463.14,1211,0,,34,74,5,0,1,114,0,539,0
1700000181620,181.62,1943,2279.75,639.11,443.89,1771,0,,17,67,5,0,3,92,0,539,0
1700000181686,181.69,1727,697.42,647.86,131.6,2069,1,Arah 11,39,70,6,196,4,315,0,539,0
1700000181753,181.75,1850,0.0,550.68,267.55,1777,0,,22,52,5,0,4,83,0,540,0
1700000181820,181.82,1862,0.0,468.08,227.42,1664,0,,27,52,2,0,2,83,2,540,0
1700000181886,181.89,1914,0.0,397.87,138.06,1620,0,,18,63,5,0,3,89,0,540,0
1700000181953,181.95,1914,247.47,375.31,117.35,1598,0,,34,68,6,0,3,111,0,540,0
1700000182020,182.02,1881,0.0,319.01,146.62,1465,0,,12,16,6,0,2,36,1,540,0
1700000182086,182.09,1937,37.5,276.78,74.58,1456,0,,22,68,2,0,3,95,0,540,0
1700000182153,182.15,1876,892.4,369.13,55.02,1647,0,,41,74,6,0,2,123,0,541,0
1700000182220,182.22,1818,0.0,313.76,152.44,1449,0,,14,73,4,0,4,95,0,541,0
1700000182286,182.29,1913,0.0,266.69,81.03,1430,0,,19,37,5,0,4,65,0,542,1
1700000182353,182.35,1880,217.48,259.31,68.87,1428,0,,39,54,4,0,1,98,1,542,1
1700000182420,182.42,1884,0.0,220.41,30.18,1392,0,,30,16,5,0,2,53,0,542,0
1700000182486,182.49,1923,614.93,279.59,25.66,1508,0,,19,65,5,0,4,93,0,543,0
1700000182553,182.55,1802,0.0,237.65,115.47,1341,0,,12,63,4,0,4,83,0,543,0
1700000182620,182.62,1949,0.0,202.01,174.72,1214,0,,15,26,4,0,2,47,0,544,0
1700000182686,182.69,1830,1222.36,355.06,148.52,1531,0,,13,42,2,0,1,58,0,545,0
1700000182753,182.75,1786,0.0,301.8,146.63,1432,0,,7,70,6,0,2,85,0,545,0
1700000182820,182.82,1952,0.0,256.53,226.91,1267,0,,8,39,3,0,4,54,0,545,0
1700000182886,182.89,1922,1574.83,454.27,437.29,1436,0,,38,19,4,0,1,62,0,545,0
1700000182953,182.95,1742,1094.88,550.36,20.14,2002,1,Arah 11,27,25,6,139,3,200,0,545,0
1700000183020,183.02,1776,0.0,467.81,227.29,1664,0,,7,16,2,0,2,27,0,545,1
1700000183087,183.09,1863,0.0,397.64,66.28,1688,0,,5,52,6,0,2,65,0,545,0
1700000183153,183.15,1826,1162.37,512.35,56.34,1903,1,Arah 11,5,71,3,127,3,209,0,545,0
1700000183220,183.22,1708,0.0,435.5,211.59,1619,0,,23,22,4,0,1,50,0,545,0
1700000183287,183.29,1917,0.0,370.17,17.47,1684,0,,25,26,2,0,4,57,0,545,0
1700000183353,183.35,1881,727.42,423.76,139.17,1667,0,,34,17,6,0,1,58,0,545,0
1700000183420,183.42,1820,689.92,463.68,25.68,1845,1,Arah 11,34,54,6,168,2,264,0,545,0
1700000183487,183.49,1789,82.49,406.5,25.05,1743,0,,37,29,3,0,4,73,0,545,0
1700000183553,183.55,1809,899.9,480.51,2.88,1896,1,Arah 11,12,16,6,131,2,167,0,546,0
1700000183620,183.62,1669,0.0,408.44,198.44,1582,0,,30,30,4,0,4,68,0,546,0
1700000183687,183.69,1907,0.0,347.17,150.26,1514,0,,31,25,4,0,1,61,0,548,0
1700000183753,183.75,1775,82.49,307.47,123.39,1466,0,,3,30,4,0,3,40,0,548,0
1700000183820,183.82,1896,1124.88,430.08,86.46,1728,0,,7,59,2,0,1,69,0,548,0
1700000183887,183.89,1625,0.0,365.57,177.61,1522,0,,41,20,6,0,3,70,1,548,0
1700000183953,183.95,1919,0.0,310.73,168.77,1428,0,,4,39,2,0,3,48,2,548,0
1700000184020,184.02,1772,1432.34,478.97,143.46,1763,0,,21,66,3,0,3,93,0,548,0
1700000184087,184.09,1728,0.0,407.13,197.81,1580,0,,41,66,4,0,3,114,0,549,0
1700000184153,184.15,1830,0.0,346.06,91.13,1569,0,,5,51,3,0,4,63,0,549,0
1700000184220,184.22,1734,344.96,345.89,77.46,1582,0,,8,47,4,0,2,61,0,549,0
1700000184287,184.29,1784,0.0,294.01,70.86,1492,0,,8,34,6,0,1,49,0,549,0
1700000184353,184.35,1785,322.46,298.28,60.23,1510,0,,43,57,4,0,1,105,0,550,0
1700000184420,184.42,1741,0.0,253.54,123.18,1364,0,,26,36,5,0,1,68,0,550,0
1700000184487,184.49,1890,0.0,215.51,77.77,1336,0,,21,68,2,0,1,92,0,550,0
1700000184553,184.55,1764,817.41,305.79,66.1,1518,0,,41,29,5,0,4,79,0,550,0
1700000184620,184.62,1781,0.0,259.92,19.36,1478,0,,8,49,5,0,2,64,0,550,0
1700000184687,184.69,1801,652.43,318.8,86.76,1523,0,,18,65,2,0,1,86,0,550,0
1700000184753,184.75,1694,314.97,318.22,30.22,1576,0,,5,51,3,0,1,60,0,550,0
1700000184820,184.82,1759,457.45,339.11,44.62,1601,0,,4,46,5,0,3,58,0,550,0
1700000184887,184.89,1633,0.0,288.24,140.04,1413,0,,19,14,3,0,4,40,1,550,0
1700000184953,184.95,1818,0.0,245.01,45.02,1424,0,,4,40,3,0,1,48,0,550,0
1700000185020,185.02,1720,734.92,318.49,38.27,1569,0,,25,72,6,0,1,104,0,550,0
1700000185087,185.09,1720,0.0,270.72,12.44,1505,0,,5,26,2,0,3,36,0,550,0
1700000185153,185.15,1820,644.93,326.85,154.54,1472,0,,18,16,6,0,4,44,1,550,0
1700000185220,185.22,1634,644.93,374.56,5.91,1703,1,Arah 11,42,62,5,200,2,311,0,550,0
1700000185287,185.29,1734,30.0,322.88,148.99,1470,0,,4,24,5,0,1,34,0,550,0
1700000185353,185.35,1630,0.0,274.45,133.34,1394,0,,29,72,5,0,4,110,0,550,0
1700000185420,185.42,1755,0.0,233.28,69.81,1378,0,,40,54,6,0,3,103,1,550,0
1700000185487,185.49,1667,194.98,227.53,59.34,1377,0,,9,46,3,0,3,61,0,550,0
1700000185553,185.55,1729,0.0,193.4,93.97,1278,0,,28,40,3,0,2,73,0,550,0
1700000185620,185.62,1802,0.0,164.39,280.05,1037,0,,29,21,6,0,4,60,0,550,0
1700000185687,185.69,1894,1612.32,381.58,462.36,1273,0,,22,72,2,0,1,97,0,551,0
1700000185753,185.75,1587,1004.89,475.08,33.09,1859,1,Arah 11,36,55,5,131,2,229,1,551,0
1700000185820,185.82,1760,0.0,403.82,35.49,1728,0,,17,66,3,0,2,88,0,551,0
1700000185887,185.89,1654,719.92,451.23,30.16,1819,1,Arah 11,18,40,3,98,4,163,0,551,0
1700000185953,185.95,1664,0.0,383.55,164.59,1568,0,,4,24,2,0,2,32,0,551,0
1700000186020,186.02,1743,97.49,340.64,22.48,1625,0,,2,42,3,0,2,49,0,551,0
1700000186087,186.09,1651,727.42,398.66,2.65,1750,1,Arah 11,27,12,2,218,4,263,1,551,0
1700000186154,186.15,1646,0.0,338.86,146.22,1502,0,,40,13,4,0,3,60,0,552,0
1700000186220,186.22,1731,82.49,300.4,215.54,1362,0,,6,51,6,0,1,64,0,552,0
1700000186287,186.29,1635,1522.33,483.69,164.8,1752,1,Arah 11,25,18,5,97,4,149,0,553,0
1700000186354,186.35,1528,0.0,411.14,199.75,1586,1,Arah 11,14,74,5,167,1,261,1,553,0
1700000186420,186.42,1868,0.0,349.47,124.84,1543,1,Arah 1,12,26,5,0,2,45,0,553,0
1700000186487,186.49,1669,1319.85,495.03,106.12,1827,1,Arah 1,18,67,5,224,4,318,0,553,0
1700000186554,186.55,1692,0.0,420.77,73.86,1723,1,Arah 1,8,30,6,98,2,144,0,553,0
1700000186620,186.62,1740,584.94,445.4,34.32,1805,1,Arah 1,10,26,3,111,2,152,0,553,0
1700000186687,186.69,1614,434.95,443.83,101.41,1739,1,Arah 1,19,35,4,134,3,195,0,554,0
1700000186754,186.75,1682,0.0,377.25,176.6,1545,1,Arah 1,39,12,2,0,3,56,0,554,0
1700000186820,186.82,1664,30.0,325.17,150.11,1473,1,Arah 1,36,50,4,0,2,92,0,554,0
1700000186887,186.89,1678,0.0,276.39,134.29,1396,1,Arah 1,35,30,5,0,1,71,0,554,0
1700000186954,186.95,1702,0.0,234.93,78.37,1373,1,Arah 1,25,59,4,0,3,91,0,555,0
1700000187020,187.02,1701,862.4,329.05,66.62,1561,1,Arah 1,34,53,5,0,4,96,0,555,0
1700000187087,187.09,1587,0.0,279.7,135.89,1401,1,Arah 1,25,18,6,0,4,53,1,555,0
1700000187154,187.15,1733,0.0,237.74,46.87,1409,1,Arah 1,28,45,5,0,2,80,0,555,0
1700000187220,187.22,1647,307.47,248.2,27.12,1448,1,Arah 1,28,38,2,0,3,71,0,555,0
1700000187287,187.29,1692,299.97,255.96,279.18,1214,1,Arah 1,2,18,5,0,1,26,0,555,0
1700000187354,187.35,1607,1454.84,435.8,170.34,1659,1,Arah 1,11,65,3,180,3,262,0,556,0
1700000187420,187.42,1498,0.0,370.43,179.97,1529,1,Arah 1,35,23,6,96,1,161,0,556,0
1700000187487,187.49,1688,0.0,314.86,126.19,1477,1,Arah 1,43,40,3,0,3,89,0,556,0
1700000187554,187.55,1643,119.99,285.63,1.55,1543,1,Arah 1,15,51,2,0,2,70,1,558,0
1700000187620,187.62,1672,487.45,315.9,68.28,1535,1,Arah 1,7,32,3,0,2,44,1,558,0
1700000187687,187.69,1578,419.95,331.51,50.78,1581,1,Arah 1,26,14,3,135,4,182,0,558,0
1700000187754,187.75,1616,0.0,281.78,103.43,1437,1,Arah 1,27,41,2,0,1,71,0,559,0
1700000187820,187.82,1695,149.98,262.01,96.23,1406,1,Arah 1,15,57,5,0,4,81,1,559,0
1700000187887,187.89,1596,824.91,346.45,71.75,1589,1,Arah 1,44,28,5,0,4,81,0,559,0
1700000187954,187.95,1585,104.99,310.23,123.15,1471,1,Arah 1,20,47,2,0,4,73,0,559,0
1700000188020,188.02,1582,0.0,263.69,128.12,1378,1,Arah 1,31,68,6,0,4,109,0,559,0
1700000188087,188.09,1638,0.0,224.14,108.9,1322,1,Arah 1,8,39,2,0,3,52,0,559,0
1700000188154,188.15,1635,0.0,190.52,17.23,1348,1,Arah 1,8,29,4,0,1,42,0,559,0
1700000188220,188.22,1728,337.46,212.56,149.41,1260,1,Arah 1,22,49,2,0,4,77,0,559,0
1700000188287,188.29,1590,734.92,290.91,51.67,1504,1,Arah 1,16,21,5,0,4,46,0,559,0
1700000188354,188.35,1630,0.0,247.28,105.86,1369,1,Arah 1,44,38,3,0,2,87,0,559,0
1700000188420,188.42,1593,1012.39,362.04,193.77,1500,1,Arah 1,44,64,6,0,2,116,0,559,0
1700000188487,188.49,1495,464.95,377.48,61.29,1656,1,Arah 1,29,37,2,220,2,290,1,559,0
1700000188554,188.55,1531,0.0,320.86,155.89,1459,1,Arah 1,16,31,2,0,3,52,0,559,0
1700000188620,188.62,1522,0.0,272.73,88.98,1434,1,Arah 1,19,48,4,0,3,74,0,559,0
1700000188687,188.69,1630,194.98,261.07,27.09,1472,1,Arah 1,17,47,5,0,2,71,0,560,0
1700000188754,188.75,1496,217.48,254.53,189.58,1300,1,Arah 1,8,64,6,0,2,80,0,561,0
1700000188820,188.82,1601,1147.37,388.45,410.58,1337,1,Arah 1,36,46,4,0,2,88,0,561,0
1700000188887,188.89,1343,1334.85,530.41,92.86,1902,1,Arah 11,23,45,4,112,4,188,0,561,1
1700000188954,188.95,1423,0.0,450.85,219.05,1641,1,Arah 11,40,33,4,139,1,217,0,562,0
1700000189021,189.02,1469,0.0,383.22,186.19,1547,1,Arah 11,17,69,3,155,2,246,0,562,0
1700000189087,189.09,1608,0.0,325.74,99.67,1523,0,,31,74,6,0,1,112,0,562,0
1700000189154,189.15,1593,262.47,316.25,154.67,1452,0,,27,56,3,0,1,87,0,562,0
1700000189221,189.22,1573,1072.38,429.67,72.88,1740,1,Arah 11,16,41,5,117,2,181,1,562,0
1700000189287,189.29,1450,0.0,365.22,68.63,1626,1,Arah 11,13,51,5,91,3,163,0,562,0
1700000189354,189.35,1578,487.45,383.55,164.31,1568,0,,3,37,3,0,2,45,0,562,0
1700000189421,189.42,1385,997.39,475.63,30.85,1862,1,Arah 11,17,18,6,126,2,169,0,562,0
1700000189487,189.49,1445,0.0,404.28,196.42,1576,1,Arah 11,16,35,6,115,4,176,0,563,0
1700000189554,189.55,1715,0.0,343.64,181.24,1477,0,,33,59,4,0,1,97,0,563,0
1700000189621,189.62,1630,1559.83,526.07,370.01,1635,1,Arah 11,39,66,6,214,1,326,2,563,0
1700000189687,189.69,1507,967.39,592.27,33.7,2061,1,Arah 11,13,30,6,185,4,238,0,563,0
1700000189754,189.75,1501,0.0,503.43,244.59,1713,1,Arah 11,29,53,4,189,1,276,1,563,0
1700000189821,189.82,1586,0.0,427.91,260.83,1558,0,,42,58,5,0,1,106,0,563,0
1700000189887,189.89,1554,2099.77,678.69,1781.92,1000,0,,13,43,3,0,4,63,0,563,0
1700000189954,189.95,1306,6989.22,1625.27,2482.23,1644,1,Arah 11,36,48,6,90,4,184,0,563,0
1700000190021,190.02,622,6434.29,2346.62,936.39,3498,1,Arah 11,8,42,4,95,4,153,0,565,0
1700000190087,190.09,448,1732.31,2254.48,618.64,3539,1,Arah 11,10,60,6,205,1,282,0,565,0
1700000190154,190.15,391,97.49,1930.93,912.55,3202,1,Arah 11,36,58,6,158,4,262,0,566,0
1700000190221,190.22,435,0.0,1641.29,797.43,2975,1,Arah 11,29,43,4,213,1,290,1,566,0
1700000190287,190.29,630,0.0,1395.1,411.64,2923,1,Arah 11,40,42,2,138,4,226,0,566,0
1700000190354,190.35,443,1192.37,1364.69,349.9,2925,1,Arah 11,44,54,6,183,2,289,0,566,0
1700000190421,190.42,471,0.0,1159.98,563.59,2520,1,Arah 11,29,45,6,207,1,288,0,566,0
1700000190487,190.49,484,0.0,985.99,479.05,2325,1,Arah 11,12,23,3,201,1,240,0,566,0
1700000190554,190.55,562,0.0,838.09,181.19,2335,1,Arah 11,43,13,6,130,4,196,0,566,0
1700000190621,190.62,491,1012.39,864.23,137.27,2410,1,Arah 11,10,74,5,149,1,239,1,566,0
1700000190687,190.69,427,74.99,745.85,342.68,2050,1,Arah 11,23,23,3,171,2,222,1,566,0
1700000190754,190.75,481,0.0,633.97,231.01,1957,1,Arah 11,20,35,4,165,4,228,0,567,0
1700000190821,190.82,589,344.96,590.62,53.07,2041,1,Arah 11,14,30,5,180,3,232,1,567,0
1700000190887,190.89,435,1117.38,669.63,11.81,2208,1,Arah 11,9,52,6,210,1,278,0,568,0
1700000190954,190.95,440,89.99,582.69,259.47,1841,1,Arah 11,44,21,2,156,4,227,0,568,0
1700000191021,191.02,423,0.0,495.28,240.64,1702,1,Arah 11,36,17,6,194,2,255,0,568,0
1700000191087,191.09,668,0.0,420.99,6.39,1787,1,Arah 11,15,64,6,222,2,309,0,568,0
1700000191154,191.15,526,944.9,499.58,238.12,1712,1,Arah 11,43,30,5,110,4,192,0,568,0
1700000191221,191.22,542,1042.38,581.0,29.98,2045,1,Arah 11,39,23,5,147,3,217,1,568,0
1700000191287,191.29,387,172.48,519.72,207.21,1777,1,Arah 11,32,35,6,134,3,210,0,568,0
1700000191354,191.35,519,0.0,441.76,142.65,1696,1,Arah 11,11,25,2,223,4,265,1,568,0
1700000191421,191.42,579,322.46,423.87,7.42,1791,1,Arah 11,42,64,2,201,4,313,0,568,0
1700000191487,191.49,476,509.94,436.78,78.29,1748,1,Arah 11,31,45,5,139,1,221,0,568,0
1700000191554,191.55,511,0.0,371.26,178.71,1532,1,Arah 11,18,51,3,167,2,241,0,568,0
1700000191621,191.62,512,7.5,316.7,141.86,1465,1,Arah 11,9,38,5,102,4,158,0,568,0
1700000191687,191.69,510,45.0,275.94,122.25,1407,1,Arah 11,7,21,3,211,4,246,0,568,0
1700000191754,191.75,506,0.0,234.55,113.96,1337,1,Arah 11,35,29,4,228,4,300,0,568,0
1700000191821,191.82,694,0.0,199.37,293.19,1091,1,Arah 11,34,37,2,95,1,169,1,568,1
1700000191887,191.89,559,1747.31,431.56,399.88,1430,1,Arah 11,31,31,3,126,2,193,1,569,0
1700000191954,191.95,461,674.93,468.06,50.16,1830,1,Arah 11,6,68,4,90,4,172,0,569,0
1700000192021,192.02,469,0.0,397.85,193.3,1567,1,Arah 11,33,74,6,210,2,325,0,570,1
1700000192088,192.09,490,0.0,338.18,164.31,1484,1,Arah 11,5,41,3,215,1,265,0,571,0
1700000192154,192.15,505,0.0,287.45,139.66,1412,1,Arah 11,3,32,5,189,4,233,0,571,0
1700000192221,192.22,581,0.0,244.33,83.56,1385,1,Arah 11,23,48,4,192,1,268,1,573,0
1700000192288,192.29,695,157.48,231.3,32.77,1411,1,Arah 11,31,66,2,214,3,316,1,573,0
1700000192354,192.35,560,464.95,266.35,27.85,1481,1,Arah 11,12,27,4,178,1,222,1,573,0
1700000192421,192.42,633,157.48,250.02,80.12,1400,1,Arah 11,7,44,2,215,4,272,0,573,0
1700000192488,192.49,539,0.0,212.52,103.25,1305,1,Arah 11,14,47,4,126,1,192,0,573,0
1700000192554,192.55,652,0.0,180.64,170.04,1178,1,Arah 11,7,58,5,103,2,175,0,574,0
1700000192621,192.62,598,1154.87,326.77,316.96,1312,1,Arah 11,43,19,6,196,4,268,0,574,0
1700000192688,192.69,498,772.41,393.62,11.61,1732,1,Arah 11,44,52,3,146,3,248,0,574,0
1700000192754,192.75,495,0.0,334.58,162.56,1479,1,Arah 11,43,43,2,133,2,223,0,575,0
1700000192821,192.82,560,0.0,284.39,138.17,1408,1,Arah 11,20,34,2,221,4,281,0,575,0
1700000192888,192.89,568,0.0,241.73,117.45,1347,1,Arah 11,4,56,4,94,4,162,0,575,0
1700000192954,192.95,672,0.0,205.47,4.41,1389,1,Arah 11,13,63,3,115,2,196,2,575,0
1700000193021,193.02,787,427.45,238.77,269.12,1191,1,Arah 11,24,38,5,126,2,195,0,576,0
1700000193088,193.09,615,1222.36,386.31,193.6,1545,1,Arah 11,29,61,6,97,4,197,0,576,0
1700000193154,193.15,624,269.97,368.86,108.31,1595,1,Arah 11,13,39,2,102,4,160,0,576,0
1700000193221,193.22,579,0.0,313.53,152.33,1449,1,Arah 11,22,56,2,120,3,203,0,576,0
1700000193288,193.29,653,0.0,266.5,29.04,1481,1,Arah 11,14,16,2,209,2,243,0,577,0
1700000193354,193.35,619,449.95,294.02,24.68,1536,1,Arah 11,10,71,5,132,1,219,0,577,0
1700000193421,193.42,593,0.0,249.91,121.42,1359,1,Arah 11,43,15,3,144,4,209,0,577,0
1700000193488,193.49,694,0.0,212.43,103.21,1305,1,Arah 11,16,66,2,201,3,288,0,577,0
1700000193554,193.55,616,0.0,180.56,30.81,1316,1,Arah 11,42,59,5,129,4,239,0,577,0
1700000193621,193.62,711,254.97,191.72,378.93,1000,1,Arah 11,34,39,5,124,1,203,2,577,0
1700000193688,193.69,582,1814.8,435.19,353.9,1481,1,Arah 11,2,71,6,158,4,241,0,577,0
1700000193754,193.75,469,397.46,429.53,104.31,1710,1,Arah 11,17,61,5,119,4,206,0,577,0
1700000193821,193.82,529,0.0,365.1,71.92,1623,1,Arah 11,21,50,4,220,3,298,0,577,0
1700000193888,193.89,734,472.45,381.2,184.95,1544,1,Arah 11,32,71,4,154,2,263,0,577,0
1700000193954,193.95,466,1102.38,489.38,51.75,1867,1,Arah 11,30,44,4,220,4,302,1,577,0
1700000194021,194.02,587,0.0,415.97,202.1,1592,1,Arah 11,16,52,2,128,2,200,0,578,0
1700000194088,194.09,647,0.0,353.57,171.79,1505,1,Arah 11,10,18,6,189,4,227,0,578,0
1700000194154,194.15,685,0.0,300.54,130.95,1445,1,Arah 11,15,29,2,181,2,229,0,578,0
1700000194221,194.22,649,67.49,265.58,109.64,1400,1,Arah 11,5,54,5,199,1,264,0,578,0
1700000194288,194.29,676,7.5,226.87,151.22,1285,1,Arah 11,26,16,4,156,1,203,0,578,0
1700000194354,194.35,648,1162.37,367.19,192.15,1511,1,Arah 11,16,28,2,127,1,174,0,578,0
1700000194421,194.42,521,292.47,355.99,96.15,1583,1,Arah 11,37,38,6,174,1,256,0,578,0
1700000194488,194.49,609,0.0,302.59,147.01,1433,1,Arah 11,29,46,3,129,3,210,0,579,0
1700000194554,194.55,654,0.0,257.2,17.33,1475,1,Arah 11,31,47,4,145,2,229,0,579,0
1700000194621,194.62,643,637.43,314.23,223.99,1380,1,Arah 11,14,45,4,123,1,187,0,579,0
1700000194688,194.69,569,937.4,407.71,48.1,1724,1,Arah 11,2,53,2,178,4,239,1,580,0
1700000194754,194.75,518,0.0,346.55,168.37,1495,1,Arah 11,2,70,5,211,1,289,0,580,0
1700000194821,194.82,805,0.0,294.57,188.34,1378,1,Arah 11,6,74,6,140,1,227,0,580,0
1700000194888,194.89,559,1484.84,473.11,160.09,1737,1,Arah 11,21,35,4,210,2,272,0,581,0
1700000194954,194.95,607,0.0,402.14,195.38,1573,1,Arah 11,14,69,3,155,2,243,0,582,0
1700000195021,195.02,621,0.0,341.82,166.08,1489,1,Arah 11,39,42,4,147,2,234,0,582,0
1700000195088,195.09,649,0.0,290.55,145.1,1413,1,Arah 11,35,37,2,216,2,292,0,582,0
1700000195155,195.16,734,1282.36,439.32,258.93,1581,1,Arah 11,7,71,5,217,2,302,0,582,0
1700000195221,195.22,478,607.43,464.54,66.17,1809,1,Arah 11,35,57,3,229,2,326,0,582,0
1700000195288,195.29,653,0.0,394.86,98.1,1653,1,Arah 11,31,55,5,225,3,319,0,582,0
1700000195355,195.36,628,419.95,398.62,83.38,1674,1,Arah 11,37,74,4,204,4,323,0,582,0
1700000195421,195.42,597,0.0,338.83,164.62,1485,1,Arah 11,22,45,5,169,2,243,0,583,0
1700000195488,195.49,748,0.0,288.0,121.22,1431,1,Arah 11,28,23,6,99,2,158,0,583,0
1700000195555,195.56,707,1169.87,420.28,223.57,1580,1,Arah 11,8,41,6,204,2,261,0,583,0
1700000195621,195.62,592,539.94,438.23,71.12,1757,1,Arah 11,43,69,2,219,4,337,0,583,0
1700000195688,195.69,635,0.0,372.5,122.39,1588,1,Arah 11,13,16,2,99,2,132,0,584,0
1700000195755,195.76,617,262.47,355.99,104.03,1575,1,Arah 11,8,23,4,178,1,214,0,585,0
1700000195821,195.82,600,0.0,302.59,147.02,1433,1,Arah 11,37,64,3,147,3,254,0,585,0
1700000195888,195.89,737,0.0,257.21,124.96,1369,1,Arah 11,17,60,4,145,3,229,0,585,0
1700000195955,195.96,764,0.0,218.62,106.22,1314,1,Arah 11,33,71,4,154,2,264,1,587,0
1700000196021,196.02,745,0.0,185.83,90.29,1267,1,Arah 11,20,50,6,173,3,252,0,587,0
1700000196088,196.09,781,0.0,157.96,90.66,1213,1,Arah 11,22,22,5,171,4,224,0,587,1
1700000196155,196.16,821,749.92,246.75,108.87,1365,1,Arah 11,34,59,6,128,4,231,0,587,0
1700000196221,196.22,681,142.48,231.11,74.87,1369,1,Arah 11,27,46,3,113,3,192,0,588,0
1700000196288,196.29,802,0.0,196.44,36.85,1340,1,Arah 11,36,71,6,219,1,333,0,588,0
1700000196355,196.36,730,262.47,206.35,31.32,1365,1,Arah 11,3,27,4,186,2,222,1,588,0
1700000196421,196.42,767,0.0,175.4,0.16,1336,1,Arah 11,14,44,3,194,1,256,0,588,0
1700000196488,196.49,809,382.46,206.45,67.1,1330,1,Arah 11,13,65,6,212,3,299,0,588,0
1700000196555,196.56,716,299.97,220.48,28.34,1394,1,Arah 11,16,70,6,214,2,308,0,588,0
1700000196621,196.62,769,0.0,187.41,25.77,1334,1,Arah 11,7,36,6,134,2,185,0,588,0
1700000196688,196.69,716,292.47,203.17,21.9,1368,1,Arah 11,19,49,2,200,2,272,0,588,1
1700000196755,196.76,730,0.0,172.69,135.4,1197,1,Arah 11,4,65,4,214,3,290,0,588,0
1700000196821,196.82,737,982.39,294.15,254.03,1312,1,Arah 11,17,55,5,202,2,281,0,588,1
1700000196888,196.89,599,622.43,343.39,3.37,1648,1,Arah 11,36,60,5,207,4,312,1,588,0
1700000196955,196.96,654,0.0,291.88,141.81,1418,1,Arah 11,37,63,2,114,4,220,0,588,0
1700000197021,197.02,722,0.0,248.1,55.25,1420,1,Arah 11,31,20,6,100,1,158,0,588,0
1700000197088,197.09,762,292.47,254.75,271.1,1220,1,Arah 11,12,68,3,156,4,243,1,588,0
1700000197155,197.16,683,1424.84,430.27,165.15,1654,1,Arah 11,34,34,4,167,3,242,0,588,0
1700000197221,197.22,572,0.0,365.73,177.69,1522,1,Arah 11,39,12,2,150,3,206,0,588,0
1700000197288,197.29,686,0.0,310.87,151.04,1445,1,Arah 11,41,71,5,133,4,254,0,588,0
1700000197355,197.36,797,0.0,264.24,128.38,1379,1,Arah 11,8,25,6,171,3,213,0,588,0
1700000197421,197.42,724,0.0,224.6,109.12,1323,1,Arah 11,36,32,6,178,4,256,0,588,0
1700000197488,197.49,815,0.0,190.91,88.04,1279,1,Arah 11,17,51,6,180,4,258,0,588,0
1700000197555,197.56,791,809.91,283.76,74.84,1468,1,Arah 11,29,63,4,212,2,310,0,588,0
1700000197621,197.62,707,0.0,241.2,117.19,1346,1,Arah 11,13,47,3,159,3,225,0,588,0
1700000197688,197.69,812,0.0,205.02,317.23,1078,1,Arah 11,36,52,6,228,2,324,1,588,0
1700000197755,197.76,851,1867.29,454.36,455.46,1418,1,Arah 11,31,58,6,117,1,213,0,588,0
1700000197821,197.82,563,832.41,511.07,29.69,1925,1,Arah 11,2,12,2,138,2,156,0,588,0
1700000197888,197.89,740,0.0,434.41,211.06,1618,1,Arah 11,25,73,3,221,3,325,1,589,0
1700000197955,197.96,801,0.0,369.25,115.79,1589,1,Arah 11,9,57,5,112,4,187,1,589,0
1700000198022,198.02,757,284.97,356.6,98.42,1582,1,Arah 11,36,70,5,179,1,291,1,589,0
1700000198088,198.09,763,0.0,303.11,120.48,1460,1,Arah 11,32,59,4,122,1,218,0,590,0
1700000198155,198.16,822,119.99,275.64,133.63,1396,1,Arah 11,24,55,3,213,3,298,0,590,0
1700000198222,198.22,747,1057.38,392.91,86.8,1660,1,Arah 11,25,63,2,93,1,184,0,590,0
1700000198288,198.29,681,0.0,333.97,162.26,1478,1,Arah 11,27,60,6,227,3,323,1,590,0
1700000198355,198.36,845,0.0,283.87,75.98,1468,1,Arah 11,10,36,5,158,4,213,0,591,0
1700000198422,198.42,743,277.47,282.91,176.48,1367,1,Arah 11,41,40,3,172,4,260,0,591,0
1700000198488,198.49,808,1079.88,402.46,88.07,1676,1,Arah 11,38,68,6,190,1,303,2,591,0
1700000198555,198.56,599,0.0,342.09,166.21,1489,1,Arah 11,41,24,4,204,4,277,0,592,0
1700000198622,198.62,847,0.0,290.78,92.73,1464,1,Arah 11,2,74,6,201,2,285,1,592,0
1700000198688,198.69,823,217.48,279.78,35.29,1499,1,Arah 11,23,46,4,120,1,194,1,592,0
1700000198755,198.76,818,194.98,267.06,87.18,1425,1,Arah 11,20,70,4,129,1,224,1,592,0
1700000198822,198.82,797,742.42,338.36,189.62,1459,1,Arah 11,33,33,6,97,1,170,0,592,0
1700000198888,198.89,719,712.42,394.47,2.14,1743,1,Arah 11,9,66,6,124,1,206,0,592,1
1700000198955,198.96,702,30.0,339.8,157.22,1494,1,Arah 11,33,73,4,149,1,260,1,592,0
1700000199022,199.02,715,0.0,288.83,140.33,1414,1,Arah 11,27,44,4,219,4,298,0,592,0
1700000199088,199.09,746,0.0,245.51,119.28,1352,1,Arah 11,35,70,5,208,4,322,0,592,0
1700000199155,199.16,917,0.0,208.68,159.76,1242,1,Arah 11,32,61,2,143,2,240,0,592,0
1700000199222,199.22,951,1169.87,352.86,693.26,1000,1,Arah 11,40,13,4,103,3,163,0,592,0
1700000199288,199.29,761,2497.22,674.51,328.12,1940,1,Arah 11,42,62,6,150,1,261,1,592,0
1700000199355,199.36,618,0.0,573.34,278.56,1807,1,Arah 11,31,22,3,184,2,242,0,592,0
1700000199422,199.42,762,0.0,487.34,181.53,1743,1,Arah 11,36,22,5,96,4,163,0,592,0
1700000199488,199.49,811,247.47,451.36,90.69,1763,1,Arah 11,42,45,4,131,3,225,1,592,0
1700000199555,199.56,729,284.97,426.4,105.54,1704,1,Arah 11,19,45,3,177,4,248,0,593,0
1700000199622,199.62,773,119.99,380.44,153.33,1573,1,Arah 11,12,14,6,160,1,193,0,593,0
1700000199688,199.69,713,0.0,323.37,157.11,1463,1,Arah 11,6,42,4,201,2,255,0,593,0
1700000199755,199.76,928,0.0,274.87,233.07,1296,1,Arah 11,36,33,6,115,1,191,0,594,0
1700000199822,199.82,744,1642.32,479.98,198.11,1714,1,Arah 11,22,31,5,95,1,154,0,594,0
1700000199888,199.89,709,0.0,407.99,198.22,1581,1,Arah 11,21,57,6,214,2,300,0,594,0
1700000199955,199.96,855,0.0,346.79,49.63,1611,1,Arah 11,20,38,6,154,1,219,0,594,0
1700000200022,200.02,851,532.44,374.64,173.77,1543,1,Arah 11,28,32,3,113,4,180,1,594,0
1700000200088,200.09,784,967.39,463.55,28.84,1842,1,Arah 11,40,55,2,127,2,226,0,594,0
1700000200155,200.16,722,0.0,394.02,191.44,1562,1,Arah 11,40,52,5,154,3,254,0,594,0
1700000200222,200.22,911,0.0,334.91,43.19,1595,1,Arah 11,15,64,2,165,2,248,0,595,0
1700000200288,200.29,755,922.4,423.04,56.8,1743,1,Arah 11,42,56,5,201,1,305,0,596,0
1700000200355,200.36,788,89.99,373.08,157.63,1555,1,Arah 11,19,53,6,154,4,236,0,596,0
1700000200422,200.42,743,0.0,317.12,154.07,1454,1,Arah 11,12,60,4,116,1,193,0,596,0
1700000200488,200.49,846,0.0,269.55,1.29,1513,1,Arah 11,10,60,4,195,1,270,2,597,0
1700000200555,200.56,837,592.43,317.98,116.6,1492,1,Arah 11,17,40,4,226,4,291,0,597,0
1700000200622,200.62,767,517.44,347.9,4.68,1656,1,Arah 11,27,22,2,200,1,252,1,598,0
1700000200688,200.69,768,127.49,314.84,119.49,1483,1,Arah 11,5,16,2,96,3,122,0,598,0
1700000200755,200.76,750,0.0,267.61,130.02,1384,1,Arah 11,44,47,4,165,1,261,0,598,0
1700000200822,200.82,984,0.0,227.47,55.27,1381,1,Arah 11,30,58,5,185,4,282,0,598,0
1700000200888,200.89,1037,247.47,230.47,361.48,1083,1,Arah 11,6,45,2,152,2,207,0,598,0
1700000200955,200.96,951,1829.8,470.37,424.45,1479,1,Arah 11,18,21,6,187,2,234,0,598,0
1700000201022,201.02,793,772.41,515.68,47.69,1917,1,Arah 11,12,33,5,130,4,184,0,598,0
1700000201089,201.09,848,0.0,438.33,212.96,1623,1,Arah 11,24,52,4,111,4,195,0,598,0
1700000201155,201.16,835,0.0,372.58,181.02,1532,1,Arah 11,15,71,4,91,4,185,0,598,0
1700000201222,201.22,985,0.0,316.69,3.2,1599,1,Arah 11,13,57,3,219,2,294,0,598,0
1700000201289,201.29,862,674.93,370.43,2.72,1699,1,Arah 11,21,19,2,153,3,198,0,598,0
1700000201355,201.36,895,0.0,314.86,129.94,1473,1,Arah 11,33,66,6,95,2,202,0,598,0
1700000201422,201.42,907,1267.36,457.74,110.45,1756,1,Arah 11,10,61,5,122,1,199,0,598,1
1700000201489,201.49,726,0.0,389.08,189.04,1555,1,Arah 11,25,48,4,189,1,267,1,599,1
1700000201555,201.56,951,0.0,330.71,170.78,1463,1,Arah 11,33,60,2,191,1,287,0,599,0
1700000201622,201.62,854,1484.84,503.83,145.16,1806,1,Arah 11,2,20,3,103,4,132,0,599,0
1700000201689,201.69,753,0.0,428.26,208.07,1609,1,Arah 11,6,49,2,215,4,276,0,599,0
1700000201755,201.76,867,0.0,364.02,64.7,1628,1,Arah 11,10,24,4,142,1,181,0,600,0
1700000201822,201.82,844,502.44,384.78,54.99,1675,1,Arah 11,40,41,5,166,4,256,0,600,1
1700000201889,201.89,800,0.0,327.07,158.91,1468,1,Arah 11,6,17,4,222,4,253,0,600,0
1700000201955,201.96,919,0.0,278.01,172.95,1361,1,Arah 11,10,62,4,208,3,287,0,600,0
1700000202022,202.02,1011,1379.85,443.28,533.72,1320,1,Arah 11,22,24,6,212,4,268,2,600,0
1700000202089,202.09,735,1732.31,636.64,145.63,2038,1,Arah 11,40,27,3,200,1,271,0,600,0
1700000202155,202.16,780,0.0,541.14,97.19,1916,1,Arah 11,15,23,4,161,1,204,0,600,0
1700000202222,202.22,818,742.42,571.33,67.54,1995,1,Arah 11,14,70,4,124,3,215,0,601,0
1700000202289,202.29,681,67.49,495.76,223.14,1719,1,Arah 11,2,14,3,108,3,130,0,601,0
1700000202355,202.36,809,0.0,421.39,204.74,1600,1,Arah 11,39,31,6,105,4,185,0,601,0
1700000202422,202.42,1068,0.0,358.18,264.58,1423,1,Arah 11,35,68,6,144,4,257,0,601,0
1700000202489,202.49,857,1964.78,599.17,260.04,1870,1,Arah 11,37,46,2,203,4,292,0,601,0
1700000202555,202.56,806,157.48,532.92,155.62,1849,1,Arah 11,43,72,4,153,1,273,0,602,0
1700000202622,202.62,836,277.47,494.6,167.44,1769,1,Arah 11,37,37,2,164,4,244,0,602,0
1700000202689,202.69,769,0.0,420.41,204.26,1598,1,Arah 11,33,56,4,121,4,218,0,602,0
1700000202755,202.76,950,0.0,357.35,173.62,1511,1,Arah 11,36,58,2,146,1,243,0,602,0
1700000202822,202.82,825,0.0,303.75,147.58,1435,1,Arah 11,9,64,5,97,2,177,2,602,0
1700000202889,202.89,997,0.0,258.19,67.07,1428,1,Arah 11,37,30,2,151,4,224,0,602,0
1700000202955,202.96,1092,862.4,348.82,386.8,1285,1,Arah 11,9,46,5,195,4,259,0,602,0
1700000203022,203.02,882,1477.34,518.1,163.05,1815,1,Arah 11,23,61,5,139,4,232,0,602,0
1700000203089,203.09,895,119.99,458.38,191.2,1681,1,Arah 11,19,65,6,112,3,205,0,602,0
1700000203155,203.16,866,0.0,389.62,189.3,1556,1,Arah 11,7,73,5,218,1,304,0,602,1
1700000203222,203.22,1040,0.0,331.18,58.39,1573,1,Arah 11,37,19,2,174,2,234,0,603,0
1700000203289,203.29,874,982.39,428.86,49.64,1761,1,Arah 11,37,52,2,176,1,268,0,604,0
1700000203355,203.36,909,0.0,364.53,170.41,1527,1,Arah 11,31,32,5,174,2,244,0,604,0
1700000203422,203.42,953,30.0,314.35,62.73,1538,1,Arah 11,36,27,6,193,2,264,0,604,0
1700000203489,203.49,905,929.9,406.68,81.78,1690,1,Arah 11,19,15,3,95,1,133,0,604,0
1700000203555,203.56,829,157.48,369.3,138.07,1567,1,Arah 11,15,27,5,131,4,182,0,605,0
1700000203622,203.62,884,0.0,313.91,140.8,1461,1,Arah 11,37,73,2,215,4,331,1,606,0
1700000203689,203.69,906,52.49,274.7,119.68,1407,1,Arah 11,3,18,3,141,1,166,0,606,0
1700000203755,203.76,877,0.0,233.49,13.0,1434,1,Arah 11,40,35,6,210,2,293,1,607,0
1700000203822,203.82,975,449.95,265.96,183.14,1328,1,Arah 11,42,15,5,138,2,202,0,608,0
1700000203889,203.89,817,869.9,356.55,55.23,1623,1,Arah 11,26,44,6,93,4,173,1,610,0
1700000203955,203.96,859,0.0,303.07,147.25,1434,1,Arah 11,43,48,5,178,1,275,0,610,0
1700000204022,204.02,907,0.0,257.61,2.96,1489,1,Arah 11,43,50,3,224,2,322,5,610,0
1700000204089,204.09,863,547.44,301.08,2.51,1571,1,Arah 11,2,22,6,205,1,236,0,610,0
1700000204156,204.16,834,0.0,255.92,124.34,1367,1,Arah 11,33,12,6,174,2,227,0,610,0
1700000204222,204.22,903,0.0,217.53,0.22,1416,1,Arah 11,3,45,5,138,1,192,1,610,0
1700000204289,204.29,942,472.45,255.77,65.1,1425,1,Arah 11,31,44,3,134,4,216,0,610,0
1700000204356,204.36,840,292.47,261.27,50.13,1450,1,Arah 11,30,42,2,126,2,202,0,611,0
1700000204422,204.42,903,0.0,222.08,107.9,1319,1,Arah 11,18,27,4,140,4,193,0,611,0
1700000204489,204.49,1006,0.0,188.77,22.12,1340,1,Arah 11,43,41,4,172,1,261,0,611,0
1700000204556,204.56,1020,509.94,236.95,47.26,1407,1,Arah 11,43,16,6,131,4,200,0,611,0
1700000204622,204.62,938,127.49,220.53,73.65,1350,1,Arah 11,26,47,5,138,1,217,0,612,0
1700000204689,204.69,1003,659.93,286.44,235.03,1316,1,Arah 11,10,49,4,220,4,287,0,612,0
1700000204756,204.76,850,899.9,378.46,52.46,1666,1,Arah 11,2,22,4,138,4,170,0,612,0
1700000204822,204.82,883,0.0,321.69,156.29,1460,1,Arah 11,32,32,4,180,1,249,0,612,0
1700000204889,204.89,926,0.0,273.44,34.08,1489,1,Arah 11,13,33,3,175,1,225,1,612,0
1700000204956,204.96,955,442.45,298.79,28.97,1541,1,Arah 11,4,59,5,109,3,180,0,612,0
1700000205022,205.02,867,0.0,253.97,86.56,1401,1,Arah 11,20,43,4,150,3,220,0,613,0
1700000205089,205.09,1007,164.98,240.62,68.56,1393,1,Arah 11,21,22,2,192,1,238,0,614,0
1700000205156,205.16,845,22.5,207.9,95.1,1305,1,Arah 11,17,42,5,179,3,246,0,614,0
1700000205222,205.22,1004,0.0,176.72,49.74,1290,1,Arah 11,13,49,6,179,1,248,0,615,0
1700000205289,205.29,1161,607.43,241.32,477.53,1000,0,,20,18,3,0,2,43,0,615,0
1700000205356,205.36,923,1949.78,497.59,270.3,1678,1,Arah 11,22,61,6,92,2,183,1,615,0
1700000205422,205.42,901,0.0,422.95,205.5,1602,1,Arah 11,11,20,2,137,4,174,0,615,0
1700000205489,205.49,983,0.0,359.51,174.67,1514,1,Arah 11,41,70,4,159,1,275,0,615,0
1700000205556,205.56,909,0.0,305.58,148.47,1438,1,Arah 11,13,66,6,229,4,318,0,615,0
1700000205622,205.62,1032,0.0,259.75,27.43,1469,1,Arah 11,27,42,2,128,3,202,0,616,0
1700000205689,205.69,916,442.45,287.15,23.32,1525,1,Arah 11,10,58,6,103,2,179,0,616,0
1700000205756,205.76,973,0.0,244.08,118.59,1350,1,Arah 11,10,56,2,113,1,182,0,617,0
1700000205822,205.82,1079,0.0,207.47,126.87,1272,1,Arah 11,8,42,5,143,3,201,0,617,0
1700000205889,205.89,984,1019.89,329.33,193.22,1439,1,Arah 11,26,12,6,176,4,224,0,617,0
1700000205956,205.96,943,382.46,337.3,15.24,1626,1,Arah 11,37,39,6,198,3,283,1,617,0
1700000206022,206.02,933,352.46,339.57,72.42,1575,1,Arah 11,19,59,2,180,1,261,0,617,0
1700000206089,206.09,896,0.0,288.64,140.24,1414,1,Arah 12,40,67,2,172,4,285,0,617,0
1700000206156,206.16,971,0.0,245.34,112.5,1359,1,Arah 12,15,48,4,206,2,275,0,617,0
1700000206222,206.22,955,30.0,213.04,95.63,1314,1,Arah 12,30,68,6,163,4,271,0,617,0
1700000206289,206.29,967,0.0,181.08,87.98,1260,1,Arah 12,21,55,2,161,1,240,0,617,0
1700000206356,206.36,1091,0.0,153.92,134.47,1162,1,Arah 12,33,40,6,155,1,235,0,617,0
1700000206422,206.42,979,937.4,271.44,114.3,1407,1,Arah 12,4,34,2,134,2,176,0,617,0
1700000206489,206.49,966,0.0,230.73,33.42,1409,1,Arah 12,36,49,4,201,4,294,2,617,0
1700000206556,206.56,1018,352.46,248.99,287.99,1192,1,Arah 12,21,58,3,158,1,241,0,617,0
1700000206622,206.62,919,1417.34,424.24,166.11,1642,1,Arah 12,18,42,5,216,4,285,1,618,0
1700000206689,206.69,829,0.0,360.6,175.2,1515,1,Arah 12,8,51,6,169,3,237,0,618,0
1700000206756,206.76,990,0.0,306.51,97.03,1490,1,Arah 12,36,37,3,171,4,251,0,618,0
1700000206822,206.82,1108,232.47,295.41,110.04,1456,1,Arah 12,31,73,2,92,1,199,0,618,0
1700000206889,206.89,959,862.4,380.46,50.01,1672,1,Arah 12,35,68,6,95,4,208,0,618,0
1700000206956,206.96,993,37.5,329.01,150.01,1480,1,Arah 12,9,51,6,208,1,275,0,618,0
1700000207023,207.02,954,0.0,279.66,68.36,1467,1,Arah 12,33,62,4,165,2,266,0,618,0
1700000207089,207.09,1063,914.9,374.95,73.17,1640,1,Arah 12,28,65,6,139,4,242,0,618,0
1700000207156,207.16,832,67.49,328.83,142.04,1488,1,Arah 12,38,44,6,145,2,235,0,619,0
1700000207223,207.22,1054,0.0,279.5,95.22,1441,1,Arah 12,27,61,4,207,3,302,0,619,0
1700000207289,207.29,1053,1034.89,392.81,532.93,1224,1,Arah 12,31,47,3,136,3,220,0,621,1
1700000207356,207.36,916,2024.77,637.61,221.97,1972,1,Arah 12,21,48,5,133,1,208,0,621,0
1700000207423,207.42,783,0.0,541.96,263.32,1765,1,Arah 12,4,41,3,203,1,252,0,621,0
1700000207489,207.49,1129,0.0,460.67,79.85,1790,1,Arah 12,17,29,3,217,4,270,0,621,0
1700000207556,207.56,1120,644.93,488.31,111.25,1810,1,Arah 12,12,49,3,96,2,162,2,622,0
1700000207623,207.62,1043,802.41,535.42,49.41,1950,1,Arah 12,32,60,6,167,4,269,0,622,0
1700000207689,207.69,1013,0.0,455.11,221.12,1646,1,Arah 12,29,61,2,157,2,251,0,622,0
1700000207756,207.76,1187,0.0,386.84,295.85,1447,1,Arah 12,14,14,5,202,4,239,0,622,0
1700000207823,207.82,1026,2167.26,653.91,395.44,1843,1,Arah 12,28,53,2,153,2,238,0,622,0
1700000207889,207.89,898,644.93,652.56,147.68,2063,1,Arah 12,41,70,3,142,3,259,0,622,1
1700000207956,207.96,940,0.0,554.68,269.49,1782,1,Arah 12,26,48,2,99,2,177,0,622,0
1700000208023,208.02,1028,0.0,471.47,229.07,1669,1,Arah 12,12,25,2,196,4,239,2,622,0
1700000208089,208.09,1038,0.0,400.75,172.95,1592,1,Arah 12,21,50,3,183,3,260,0,623,0
1700000208156,208.16,1066,97.49,355.26,147.0,1532,1,Arah 12,43,59,5,159,1,267,0,623,0
1700000208223,208.22,1025,0.0,301.97,146.72,1433,1,Arah 12,11,66,6,92,4,179,0,623,0
1700000208289,208.29,1098,0.0,256.68,79.53,1413,1,Arah 12,20,58,5,221,1,305,0,623,0
1700000208356,208.36,1232,914.9,355.41,306.99,1376,1,Arah 12,33,12,4,225,1,275,0,624,0
1700000208423,208.42,976,1072.38,462.96,56.7,1815,1,Arah 12,22,61,3,215,1,302,0,624,0
1700000208489,208.49,1089,0.0,393.51,9.7,1734,1,Arah 12,32,61,2,119,1,215,0,624,0
1700000208556,208.56,1003,899.9,469.47,8.24,1871,1,Arah 12,36,72,5,94,3,210,2,624,0
1700000208623,208.62,969,0.0,399.05,193.88,1569,1,Arah 11,11,55,4,220,4,294,0,624,0
1700000208689,208.69,1052,0.0,339.19,9.11,1635,1,Arah 11,23,43,6,229,2,303,1,624,0
1700000208756,208.76,969,697.42,392.93,7.75,1735,1,Arah 11,20,43,6,228,2,299,0,624,0
1700000208823,208.82,959,0.0,333.99,162.27,1478,1,Arah 11,22,57,3,119,4,205,0,625,0
1700000208889,208.89,1089,0.0,283.89,83.04,1461,1,Arah 11,30,72,2,118,1,223,0,625,0
1700000208956,208.96,1112,989.89,389.79,134.2,1609,1,Arah 11,25,30,3,90,4,152,1,625,0
1700000209023,209.02,957,284.97,374.07,106.9,1606,1,Arah 11,26,62,4,94,4,190,0,625,0
1700000209089,209.09,1074,0.0,317.96,154.48,1455,1,Arah 11,18,16,3,191,2,230,0,626,0
1700000209156,209.16,1073,0.0,270.26,59.33,1458,1,Arah 11,40,21,4,120,4,189,0,627,0
1700000209223,209.22,1137,322.46,278.09,122.0,1412,1,Arah 11,31,53,2,107,4,197,0,627,0
1700000209289,209.29,1030,772.41,352.24,41.76,1628,1,Arah 11,20,33,2,172,4,231,0,627,0
1700000209356,209.36,1034,45.0,306.15,136.93,1450,1,Arah 11,4,42,6,139,2,193,0,627,0
1700000209423,209.42,1024,0.0,260.23,126.44,1373,1,Arah 11,7,70,4,152,4,237,1,627,0
1700000209489,209.49,1123,0.0,221.2,66.63,1358,1,Arah 11,42,39,4,142,1,228,1,627,0
1700000209556,209.56,1142,779.91,305.0,284.31,1303,1,Arah 11,34,59,2,195,4,294,0,627,0
1700000209623,209.62,1019,1019.89,412.24,89.32,1693,1,Arah 11,32,51,4,121,1,209,0,627,0
1700000209689,209.69,1006,97.49,365.02,151.75,1546,1,Arah 11,43,39,6,93,1,182,0,627,0
1700000209756,209.76,1006,0.0,310.27,102.2,1492,1,Arah 11,38,71,4,147,3,263,1,628,0
1700000209823,209.82,1103,217.48,296.35,73.48,1493,1,Arah 11,25,70,2,157,1,255,0,628,0
1700000209889,209.89,977,59.99,260.9,111.0,1390,1,Arah 11,33,54,2,118,4,211,0,628,0
1700000209956,209.96,1095,0.0,221.76,107.75,1319,1,Arah 11,15,68,6,102,4,195,0,628,0
1700000210023,210.02,1026,0.0,188.5,91.58,1271,1,Arah 11,22,65,3,115,1,206,0,629,0
1700000210090,210.09,1282,0.0,160.22,427.72,1000,0,,33,36,2,0,3,74,0,630,0
1700000210156,210.16,1090,2264.75,475.9,398.71,1514,1,Arah 11,4,23,5,119,1,152,0,630,0
1700000210223,210.22,980,157.48,428.14,166.66,1649,1,Arah 11,5,42,6,94,3,150,0,631,0
1700000210290,210.29,1069,0.0,363.92,68.0,1625,1,Arah 11,4,21,2,207,3,237,0,632,0
1700000210356,210.36,1036,487.45,382.45,57.8,1668,1,Arah 11,5,56,6,135,3,205,0,632,0
1700000210423,210.42,1004,0.0,325.08,157.94,1465,1,Arah 11,8,21,4,183,2,218,0,633,0
1700000210490,210.49,1240,0.0,276.32,44.87,1484,1,Arah 11,16,38,5,154,1,214,0,634,0
1700000210556,210.56,1087,802.41,355.23,69.95,1607,1,Arah 11,37,54,2,147,1,241,0,634,0
1700000210623,210.62,1133,142.48,323.32,119.67,1499,1,Arah 11,30,46,4,129,2,211,0,634,0
1700000210690,210.69,1068,0.0,274.82,133.52,1394,1,Arah 11,39,56,6,167,1,269,0,634,0
1700000210756,210.76,1137,0.0,233.6,13.05,1434,1,Arah 11,10,17,3,215,4,249,1,634,0
1700000210823,210.82,1173,449.95,266.05,7.32,1501,1,Arah 11,21,56,4,204,3,288,0,636,0
1700000210890,210.89,1077,82.49,238.52,94.22,1364,1,Arah 11,22,56,5,104,2,189,2,636,0
1700000210956,210.96,1162,0.0,202.74,134.19,1256,1,Arah 11,41,31,5,207,2,286,0,636,0
1700000211023,211.02,1242,1042.38,328.69,294.86,1338,1,Arah 11,9,37,6,192,4,248,0,636,0
1700000211090,211.09,1023,809.91,400.87,17.94,1740,1,Arah 11,42,25,2,170,1,240,0,638,0
1700000211156,211.16,1134,0.0,340.74,98.95,1552,1,Arah 11,33,65,3,176,3,280,0,638,0
1700000211223,211.22,1192,1184.87,467.36,295.04,1598,1,Arah 11,21,19,4,92,4,140,0,638,0
1700000211290,211.29,976,944.9,538.99,13.72,1988,1,Arah 11,25,24,5,131,4,189,0,638,0
1700000211356,211.36,1066,0.0,458.14,222.59,1651,1,Arah 11,17,30,3,187,1,238,1,639,0
1700000211423,211.42,1087,0.0,389.42,189.2,1555,1,Arah 11,16,16,4,139,2,177,0,639,0
1700000211490,211.49,1153,0.0,331.01,160.82,1474,1,Arah 11,25,19,3,160,3,210,0,639,0
1700000211556,211.56,1174,0.0,281.36,157.93,1382,1,Arah 11,33,34,2,183,1,253,0,639,0
1700000211623,211.62,1207,1319.85,437.13,145.96,1685,1,Arah 11,27,22,3,228,3,283,0,639,0
1700000211690,211.69,998,52.49,379.43,170.56,1555,1,Arah 11,12,25,4,128,4,173,0,639,0
1700000211756,211.76,1200,0.0,322.52,91.06,1525,1,Arah 11,3,33,3,197,2,238,0,639,0
1700000211823,211.82,1209,1109.88,440.62,274.94,1568,1,Arah 11,24,39,3,184,1,251,0,639,0
1700000211890,211.89,1052,884.9,507.27,14.06,1933,1,Arah 11,16,67,5,137,1,226,0,639,0
1700000211956,211.96,1091,0.0,431.18,209.49,1613,1,Arah 11,11,20,6,138,2,177,1,639,0
1700000212023,212.02,1236,0.0,366.5,136.21,1564,1,Arah 11,29,40,6,132,1,208,0,639,0
1700000212090,212.09,1231,187.48,339.65,207.31,1444,1,Arah 11,43,37,5,185,1,271,0,640,0
1700000212156,212.16,1211,1447.34,505.8,134.36,1820,1,Arah 11,36,29,2,166,4,237,0,640,0
1700000212223,212.22,1038,0.0,429.93,208.88,1612,1,Arah 11,9,69,6,198,1,283,0,640,0
1700000212290,212.29,1356,0.0,365.44,130.47,1567,1,Arah 11,7,23,4,138,1,173,0,640,0
1700000212356,212.36,1158,1379.85,517.6,110.9,1863,1,Arah 11,17,15,3,186,4,225,0,640,0
1700000212423,212.42,1172,0.0,439.96,213.76,1626,1,Arah 11,33,30,2,176,2,243,0,641,0
1700000212490,212.49,1239,0.0,373.97,156.58,1558,1,Arah 11,22,59,3,191,1,276,0,641,0
1700000212556,212.56,1208,112.49,334.75,131.4,1509,1,Arah 11,9,21,2,145,3,180,0,641,0
1700000212623,212.62,1224,1184.87,462.26,235.57,1646,1,Arah 11,28,52,5,119,1,205,1,641,0
1700000212690,212.69,1050,667.43,493.04,64.26,1862,1,Arah 11,33,32,2,156,2,225,0,641,0
1700000212756,212.76,1135,0.0,419.08,171.81,1627,1,Arah 11,3,16,6,176,4,205,0,641,0
1700000212823,212.82,1176,142.48,377.59,12.11,1703,1,Arah 11,15,54,6,215,2,292,0,641,0
1700000212890,212.89,1116,599.93,410.94,42.1,1735,1,Arah 11,38,48,6,187,1,280,1,641,0
1700000212956,212.96,1096,0.0,349.3,169.71,1499,1,Arah 11,16,33,2,143,2,196,0,641,0
1700000213023,213.02,1136,0.0,296.91,144.25,1425,1,Arah 11,36,34,3,94,4,171,0,641,0
1700000213090,213.09,1259,0.0,252.37,42.26,1441,1,Arah 11,25,42,6,187,2,262,0,641,0
1700000213157,213.16,1140,359.96,268.51,35.92,1478,1,Arah 11,13,33,4,222,2,274,0,641,0
1700000213223,213.22,1211,0.0,228.23,110.89,1328,1,Arah 11,39,37,5,145,3,229,1,641,0
1700000213290,213.29,1171,0.0,194.0,94.26,1279,1,Arah 11,26,26,6,206,1,265,1,641,0
1700000213357,213.36,1244,0.0,164.9,281.48,1036,0,,9,21,2,0,1,33,1,641,0
1700000213423,213.42,1325,1619.82,383.14,502.08,1236,0,,7,36,5,0,4,52,0,641,0
1700000213490,213.49,1028,1177.37,502.27,65.17,1877,1,Arah 11,36,68,3,192,3,302,2,641,0
1700000213557,213.56,1168,0.0,426.93,207.43,1608,1,Arah 11,4,48,5,195,3,255,0,641,0
1700000213623,213.62,1093,0.0,362.89,176.31,1518,1,Arah 11,2,64,2,161,3,232,0,641,0
1700000213690,213.69,1212,0.0,308.46,46.07,1543,1,Arah 11,39,36,5,156,4,240,0,642,0
1700000213757,213.76,1211,464.95,331.93,332.48,1307,1,Arah 11,11,34,4,126,4,179,0,642,0
1700000213823,213.82,1150,1664.82,531.86,178.81,1825,1,Arah 11,22,69,3,142,1,237,0,642,0
1700000213890,213.89,989,0.0,452.08,219.65,1642,1,Arah 11,39,64,3,97,3,206,0,642,0
1700000213957,213.96,1300,0.0,384.27,124.76,1608,1,Arah 11,21,69,4,175,4,273,0,644,0
1700000214023,214.02,1219,277.47,368.25,56.34,1644,1,Arah 11,21,51,5,137,4,218,0,644,0
1700000214090,214.09,1263,727.42,422.13,205.25,1601,1,Arah 11,44,64,2,142,4,256,0,644,0
1700000214157,214.16,1122,982.39,506.17,12.08,1932,1,Arah 11,30,56,2,182,2,272,0,644,0
1700000214223,214.22,1132,0.0,430.24,209.04,1612,1,Arah 11,4,56,5,198,4,267,0,644,0
1700000214290,214.29,1253,0.0,365.7,90.63,1606,1,Arah 11,17,64,2,153,3,239,1,644,0
1700000214357,214.36,1213,389.96,369.34,77.04,1626,1,Arah 11,5,67,4,104,4,184,0,644,0
1700000214423,214.42,1201,0.0,313.94,97.29,1503,1,Arah 11,44,31,5,214,1,295,0,644,0
1700000214490,214.49,1314,247.47,303.97,82.69,1499,1,Arah 11,12,26,2,192,2,234,1,644,0
1700000214557,214.56,1168,0.0,258.38,125.53,1371,1,Arah 11,28,49,5,185,1,268,0,644,0
1700000214623,214.62,1321,0.0,219.62,106.7,1315,0,,18,58,2,0,2,80,0,644,0
1700000214690,214.69,1335,0.0,186.68,4.72,1353,1,Arah 11,14,46,3,176,1,240,1,644,0
1700000214757,214.76,1435,427.45,222.79,412.48,1017,0,,32,51,2,0,4,89,0,645,1
1700000214823,214.82,1278,1829.8,463.84,546.47,1347,1,Arah 11,15,29,3,121,2,170,0,645,0
1700000214890,214.89,1191,1304.86,589.99,56.03,2037,1,Arah 11,9,70,4,140,2,225,0,647,0
1700000214957,214.96,1104,0.0,501.5,243.66,1710,1,Arah 11,40,39,4,126,3,212,0,647,0
1700000215023,215.02,1271,0.0,426.27,48.07,1757,1,Arah 11,4,40,3,172,1,220,0,647,1
1700000215090,215.09,1210,712.42,469.19,19.4,1861,1,Arah 11,32,26,4,199,1,262,0,647,0
1700000215157,215.16,1176,269.97,439.31,53.32,1776,1,Arah 11,37,60,4,145,1,247,0,647,0
1700000215223,215.22,1174,877.4,505.02,14.94,1928,1,Arah 11,5,53,4,153,2,217,1,648,0
1700000215290,215.29,1059,0.0,429.27,208.56,1611,1,Arah 11,40,14,5,204,2,265,0,648,1
1700000215357,215.36,1281,0.0,364.88,73.83,1621,1,Arah 11,24,25,3,113,1,166,0,648,0
1700000215423,215.42,1304,1124.88,478.88,62.75,1838,1,Arah 11,2,22,2,118,2,146,0,649,0
1700000215490,215.49,1131,0.0,407.05,197.77,1580,1,Arah 11,43,33,4,112,1,193,0,649,0
1700000215557,215.56,1346,0.0,345.99,81.05,1579,1,Arah 11,2,25,5,207,1,240,0,650,0
1700000215623,215.62,1359,389.96,352.59,178.87,1496,1,Arah 11,30,37,2,125,3,197,0,650,0
1700000215690,215.69,1294,1109.88,466.18,222.35,1666,1,Arah 11,41,37,6,97,2,183,0,650,1
1700000215757,215.76,1211,704.92,501.99,58.77,1883,1,Arah 11,16,35,5,182,3,241,0,650,0
1700000215823,215.82,1200,0.0,426.69,207.31,1607,1,Arah 11,28,34,2,216,4,284,0,650,1
1700000215890,215.89,1234,0.0,362.69,176.21,1518,1,Arah 11,24,59,4,171,4,262,0,650,0
1700000215957,215.96,1268,0.0,308.28,149.78,1441,1,Arah 12,26,49,2,168,4,249,0,650,0
1700000216024,216.02,1313,0.0,262.04,125.64,1378,1,Arah 12,6,37,3,125,2,173,0,650,0
1700000216090,216.09,1324,7.5,223.86,45.54,1384,1,Arah 12,43,52,3,208,1,307,0,650,0
1700000216157,216.16,1312,682.42,292.65,37.04,1522,1,Arah 12,18,68,6,145,1,238,0,650,0
1700000216224,216.22,1233,0.0,248.75,11.39,1464,1,Arah 12,35,59,3,164,2,263,0,650,0
1700000216290,216.29,1314,592.43,300.3,33.12,1540,1,Arah 12,40,24,6,139,4,213,0,650,0
1700000216357,216.36,1154,104.99,271.0,104.1,1416,1,Arah 12,5,26,6,216,2,255,0,650,0
1700000216424,216.42,1300,0.0,230.35,234.61,1209,1,Arah 12,2,74,4,0,4,84,0,651,0
1700000216490,216.49,1283,1552.33,428.65,199.42,1618,1,Arah 12,19,66,2,216,2,305,0,651,0
1700000216557,216.56,1093,0.0,364.35,177.02,1520,1,Arah 12,10,44,3,108,2,167,0,651,0
1700000216624,216.62,1400,0.0,309.7,81.83,1510,1,Arah 12,27,39,6,116,2,190,0,651,0
1700000216690,216.69,1309,307.47,309.36,4.1,1585,1,Arah 12,8,14,4,219,1,246,2,651,0
1700000216757,216.76,1359,329.96,312.45,65.15,1532,1,Arah 12,14,52,6,211,4,287,0,651,0
1700000216824,216.82,1265,0.0,265.59,129.04,1381,1,Arah 12,11,45,4,194,1,255,0,652,0
1700000216890,216.89,1382,0.0,225.75,15.93,1417,1,Arah 12,12,39,4,229,4,288,1,652,0
1700000216957,216.96,1303,419.95,254.88,4.87,1482,1,Arah 12,19,70,4,118,2,213,0,652,0
1700000217024,217.02,1326,82.49,229.02,89.61,1350,1,Arah 12,19,74,3,93,2,191,0,652,0
1700000217090,217.09,1292,0.0,194.67,94.58,1280,1,Arah 12,19,46,6,0,1,72,0,652,0
1700000217157,217.16,1340,0.0,165.47,80.39,1238,1,Arah 12,20,32,5,0,1,58,0,652,0
1700000217224,217.22,1323,0.0,140.65,68.33,1202,1,Arah 12,43,25,4,0,4,76,0,652,0
1700000217290,217.29,1358,0.0,119.55,38.0,1192,1,Arah 12,5,56,5,0,4,70,0,655,0
1700000217357,217.36,1485,89.99,115.12,7.19,1214,1,Arah 12,12,48,6,0,4,70,0,655,0
1700000217424,217.42,1346,112.49,114.72,144.56,1076,1,Arah 12,12,22,3,0,4,41,0,655,0
1700000217490,217.49,1470,764.91,212.25,285.26,1124,1,Arah 12,33,57,2,0,2,94,1,655,0
1700000217557,217.56,1244,839.91,306.4,71.71,1514,1,Arah 12,32,26,2,225,1,286,0,655,0
1700000217624,217.62,1358,0.0,260.44,126.54,1374,1,Arah 12,10,14,6,147,2,179,0,656,0
1700000217690,217.69,1401,0.0,221.37,77.42,1348,1,Arah 12,24,14,6,0,3,47,0,657,0
1700000217757,217.76,1380,134.99,208.42,9.52,1390,1,Arah 12,27,19,5,140,2,193,0,657,0
1700000217824,217.82,1383,337.46,227.77,269.25,1170,1,Arah 12,9,29,2,0,2,42,0,657,0
1700000217890,217.89,1335,1304.86,389.33,153.53,1590,1,Arah 12,8,49,4,223,4,288,0,658,0
1700000217957,217.96,1209,0.0,330.93,135.68,1498,1,Arah 12,20,48,2,163,3,236,0,658,0
1700000218024,218.02,1377,112.49,298.17,117.37,1454,1,Arah 12,34,13,3,207,1,258,0,659,0
1700000218090,218.09,1194,1042.38,409.8,74.65,1702,1,Arah 12,3,46,5,113,2,169,0,659,0
1700000218157,218.16,1238,0.0,348.33,1.51,1659,1,Arah 12,30,28,5,214,2,279,0,660,0
1700000218224,218.22,1553,764.92,410.82,116.8,1664,1,Arah 12,38,67,3,151,3,262,0,660,0
1700000218290,218.29,1136,517.44,426.81,71.48,1736,1,Arah 12,3,74,4,96,3,180,0,660,0
1700000218357,218.36,1484,0.0,362.79,24.62,1664,1,Arah 12,26,73,6,209,4,318,0,661,0
1700000218424,218.42,1342,899.9,443.36,20.93,1813,1,Arah 11,43,59,3,189,3,297,0,662,0
1700000218490,218.49,1364,0.0,376.85,183.1,1538,1,Arah 11,21,70,2,131,1,225,1,662,0
1700000218557,218.56,1459,0.0,320.32,246.14,1370,0,,21,34,4,0,4,63,0,662,0
1700000218624,218.62,1400,1799.8,542.25,209.22,1816,1,Arah 11,21,29,6,206,3,265,1,663,0
1700000218690,218.69,1219,0.0,460.91,223.94,1654,1,Arah 11,27,15,4,166,3,215,0,664,0
1700000218757,218.76,1413,0.0,391.77,111.67,1634,1,Arah 11,15,22,4,196,1,238,0,664,0
1700000218824,218.82,1336,352.46,385.88,17.25,1713,1,Arah 11,21,32,2,186,2,243,0,665,0
1700000218890,218.89,1366,502.44,403.36,36.42,1727,1,Arah 11,9,58,3,155,2,227,0,665,0
1700000218957,218.96,1269,449.95,410.35,81.2,1697,1,Arah 11,32,33,6,228,1,300,2,665,0
1700000219024,219.02,1306,0.0,348.8,169.47,1499,1,Arah 11,6,46,4,93,3,152,0,665,1
1700000219091,219.09,1313,0.0,296.48,144.05,1425,1,Arah 11,5,22,6,106,3,142,1,665,0
1700000219157,219.16,1348,0.0,252.01,122.44,1362,1,Arah 11,27,25,5,111,4,172,0,665,1
1700000219224,219.22,1412,0.0,214.21,104.07,1308,0,,2,19,3,0,3,27,0,665,0
1700000219291,219.29,1398,0.0,182.07,83.44,1267,0,,26,58,4,0,1,89,0,665,0
1700000219357,219.36,1477,22.5,158.14,84.76,1220,0,,16,35,3,0,1,55,0,665,0
1700000219424,219.42,1395,697.42,239.03,67.03,1392,0,,10,72,5,0,1,88,0,666,0
1700000219491,219.49,1384,0.0,203.18,50.17,1340,0,,6,28,2,0,4,40,0,666,0
1700000219557,219.56,1448,217.48,205.32,5.81,1388,0,,34,56,3,0,4,97,1,667,0
1700000219624,219.62,1355,164.98,199.27,53.49,1329,0,,34,17,6,0,2,59,0,667,0
1700000219691,219.69,1426,0.0,169.38,43.26,1282,0,,21,20,5,0,1,47,0,667,0
1700000219757,219.76,1436,562.44,228.34,115.45,1323,0,,14,60,2,0,1,77,0,667,0
1700000219824,219.82,1351,352.46,246.96,27.42,1445,1,Arah 11,13,30,4,107,2,156,1,667,0
1700000219891,219.89,1389,0.0,209.91,90.27,1313,0,,29,33,3,0,1,66,0,667,0
1700000219957,219.96,1434,52.49,186.3,75.61,1283,0,,24,39,3,0,3,69,0,667,0
1700000220024,220.02,1382,682.42,260.72,52.55,1447,1,Arah 11,9,39,2,136,3,189,0,667,0
1700000220091,220.09,1343,0.0,221.61,82.56,1343,0,,43,38,5,0,4,90,1,667,0
1700000220157,220.16,1443,112.49,205.24,13.26,1380,0,,30,65,2,0,1,98,0,667,0
1700000220224,220.22,1328,254.97,212.7,36.38,1372,1,Arah 11,12,25,3,115,4,159,0,668,0
1700000220291,220.29,1409,0.0,180.8,270.41,1078,0,,34,37,4,0,2,77,0,668,0
1700000220357,220.36,1390,1604.82,394.4,321.92,1436,1,Arah 11,13,23,2,95,2,135,0,668,0
1700000220424,220.42,1195,412.45,397.11,84.62,1670,1,Arah 11,13,66,3,227,2,311,0,669,0
1700000220491,220.49,1335,0.0,337.54,60.21,1583,1,Arah 11,26,66,6,164,2,264,0,669,0
1700000220557,220.56,1461,464.95,356.65,82.75,1597,1,Arah 11,32,70,4,160,4,270,0,669,0
1700000220624,220.62,1273,599.93,393.15,33.45,1711,1,Arah 11,3,38,6,145,4,196,0,669,0
1700000220691,220.69,1381,0.0,334.17,162.36,1478,1,Arah 11,23,62,2,104,2,193,0,669,0
1700000220757,220.76,1376,0.0,284.05,138.01,1407,1,Arah 11,33,34,5,164,1,237,0,670,0
1700000220824,220.82,1602,0.0,241.44,38.63,1424,0,,24,17,4,0,3,48,0,670,0
1700000220891,220.89,1485,352.46,258.09,52.55,1442,0,,3,39,5,0,2,49,0,671,0
1700000220957,220.96,1555,382.46,276.75,222.11,1310,0,,14,72,4,0,3,93,0,671,0
1700000221024,221.02,1434,1147.37,407.34,103.42,1671,1,Arah 11,33,20,4,164,4,225,0,671,0
1700000221091,221.09,1402,0.0,346.24,168.22,1495,1,Arah 11,4,37,3,128,3,175,0,671,0
1700000221157,221.16,1510,0.0,294.3,22.46,1539,1,Arah 11,40,25,2,206,4,277,0,671,0
1700000221224,221.22,1496,539.94,331.15,248.76,1388,0,,32,28,2,0,4,66,0,671,1
1700000221291,221.29,1438,1199.87,461.46,90.91,1781,1,Arah 11,26,71,6,188,1,292,0,671,0
1700000221357,221.36,1336,0.0,392.24,190.57,1559,1,Arah 11,6,29,5,161,3,204,0,671,0
1700000221424,221.42,1498,0.0,333.4,2.95,1630,1,Arah 11,5,57,4,107,2,175,0,671,0
1700000221491,221.49,1612,712.42,390.26,141.46,1603,0,,22,29,5,0,1,57,0,671,0
1700000221557,221.56,1403,644.93,428.46,38.79,1770,1,Arah 11,6,69,5,100,1,181,0,671,0
1700000221624,221.62,1526,0.0,364.19,176.94,1520,0,,22,59,6,0,4,91,1,671,0
1700000221691,221.69,1554,0.0,309.56,28.72,1562,1,Arah 11,7,45,5,104,3,164,1,671,0
1700000221757,221.76,1543,802.41,383.49,168.38,1564,1,Arah 11,18,34,2,138,2,194,0,671,0
1700000221824,221.82,1447,644.93,422.7,36.0,1762,1,Arah 11,23,14,5,176,3,221,0,671,0
1700000221891,221.89,1457,0.0,359.3,5.49,1676,1,Arah 11,41,59,4,165,4,273,0,672,0
1700000221957,221.96,1482,757.42,419.02,37.19,1754,1,Arah 11,4,12,6,191,4,217,1,672,0
1700000222024,222.02,1356,187.48,384.29,105.66,1626,1,Arah 11,2,20,5,117,1,145,0,672,0
1700000222091,222.09,1457,142.48,348.02,57.5,1605,1,Arah 11,37,43,4,111,1,196,0,672,0
1700000222158,222.16,1337,847.41,422.92,17.07,1780,1,Arah 11,33,70,2,198,2,305,0,672,0
1700000222224,222.22,1344,0.0,359.49,174.66,1514,1,Arah 11,19,64,2,153,3,241,0,672,0
1700000222291,222.29,1422,0.0,305.56,148.46,1438,1,Arah 11,11,30,4,206,3,254,1,672,0
1700000222358,222.36,1581,0.0,259.73,79.72,1418,0,,25,70,3,0,1,99,1,672,0
1700000222424,222.42,1491,922.4,359.13,67.76,1616,1,Arah 11,5,32,4,127,1,169,0,672,0
1700000222491,222.49,1458,0.0,305.26,148.31,1437,0,,28,16,6,0,1,51,2,672,0
1700000222558,222.56,1536,0.0,259.47,94.26,1404,0,,30,52,4,0,2,88,0,672,0
1700000222624,222.62,1509,142.48,241.92,247.99,1218,0,,11,53,4,0,2,70,1,672,0
1700000222691,222.69,1517,1469.84,426.11,230.88,1583,1,Arah 11,16,49,4,198,3,270,0,672,1
1700000222758,222.76,1313,232.47,397.06,131.86,1625,1,Arah 11,13,64,3,178,3,261,0,672,0
1700000222824,222.82,1486,0.0,337.5,51.82,1591,1,Arah 11,38,33,3,108,2,184,0,672,0
1700000222891,222.89,1507,502.44,362.25,2.19,1684,1,Arah 11,38,62,3,189,4,296,0,672,0
1700000222958,222.96,1419,187.48,336.03,114.03,1528,1,Arah 11,18,68,4,120,4,214,0,672,0
1700000223024,223.02,1482,0.0,285.63,137.1,1411,0,,43,24,6,0,1,74,0,672,0
1700000223091,223.09,1551,7.5,243.91,116.53,1352,0,,9,40,4,0,4,57,0,672,0
1700000223158,223.16,1481,0.0,207.32,76.72,1322,0,,34,37,4,0,4,79,0,672,0
1700000223224,223.22,1567,794.91,295.46,199.14,1369,0,,8,62,4,0,4,78,0,673,0
1700000223291,223.29,1375,599.93,341.13,8.18,1640,1,Arah 11,14,40,2,94,4,154,0,673,0
1700000223358,223.36,1487,0.0,289.96,140.88,1416,0,,32,61,5,0,4,102,0,673,0
1700000223424,223.42,1567,0.0,246.47,243.52,1231,0,,31,69,5,0,4,109,1,673,0
1700000223491,223.49,1538,1627.32,453.59,355.98,1514,0,,22,50,5,0,4,81,0,673,0
1700000223558,223.56,1350,667.43,485.67,60.68,1852,1,Arah 11,30,55,3,220,2,310,1,675,0
1700000223624,223.62,1449,0.0,412.82,185.5,1602,1,Arah 11,35,18,3,174,1,231,0,675,0
1700000223691,223.69,1433,67.49,361.02,154.33,1536,1,Arah 11,26,35,3,131,1,196,0,676,0
1700000223758,223.76,1440,15.0,309.12,146.25,1446,1,Arah 11,12,59,5,212,3,291,1,676,0
1700000223824,223.82,1431,0.0,262.75,127.66,1377,0,,38,46,3,0,3,90,0,676,0
1700000223891,223.89,1553,0.0,223.34,8.07,1420,0,,26,32,6,0,2,66,1,676,0
1700000223958,223.96,1440,449.95,257.33,98.61,1395,0,,12,20,2,0,3,37,0,678,0
1700000224024,224.02,1493,472.45,289.6,16.63,1536,1,Arah 11,6,65,2,182,3,258,1,679,0
1700000224091,224.09,1377,0.0,246.16,119.6,1353,0,,43,45,6,0,1,95,1,679,0
1700000224158,224.16,1546,0.0,209.23,368.75,1035,0,,28,70,3,0,2,103,0,679,0
1700000224224,224.22,1464,2107.27,493.94,313.44,1630,1,Arah 11,33,21,5,170,1,230,1,679,0
1700000224291,224.29,1265,0.0,419.85,203.99,1598,1,Arah 11,36,40,3,124,4,207,0,679,0
1700000224358,224.36,1589,0.0,356.87,0.96,1675,1,Arah 11,29,73,4,115,3,224,0,679,0
1700000224424,224.42,1610,772.41,419.2,303.86,1500,0,,4,35,4,0,2,45,0,679,0
1700000224491,224.49,1486,1364.85,561.05,85.85,1961,1,Arah 11,30,41,6,113,3,193,0,679,0
1700000224558,224.56,1428,0.0,476.89,231.7,1676,1,Arah 11,37,52,3,163,4,259,2,679,0
1700000224624,224.62,1498,0.0,405.36,19.5,1746,1,Arah 11,13,36,3,90,1,143,0,679,0
1700000224691,224.69,1520,794.91,463.79,80.52,1795,1,Arah 11,21,28,3,106,4,162,0,679,0
1700000224758,224.76,1392,434.95,459.47,24.92,1838,1,Arah 11,3,52,2,122,2,181,0,679,0
1700000224824,224.82,1462,599.93,480.54,11.14,1888,1,Arah 11,34,16,6,229,2,287,0,679,0
1700000224891,224.89,1312,389.96,466.95,124.46,1759,1,Arah 11,44,16,5,130,2,197,1,679,0
1700000224958,224.96,1410,0.0,396.91,192.84,1566,1,Arah 11,42,18,2,151,3,216,0,680,0
1700000225025,225.03,1505,0.0,337.37,108.67,1536,1,Arah 11,37,32,4,103,1,177,0,680,0
1700000225091,225.09,1558,247.47,323.89,44.9,1573,1,Arah 11,19,56,5,146,2,228,0,680,0
1700000225158,225.16,1472,614.93,367.54,17.08,1680,1,Arah 11,15,28,5,178,3,229,0,680,0
1700000225225,225.23,1476,0.0,312.41,151.79,1447,0,,2,17,4,0,2,25,0,681,0
1700000225291,225.29,1574,0.0,265.55,127.34,1383,0,,15,42,5,0,2,64,1,682,0
1700000225358,225.36,1589,7.5,226.84,92.64,1343,0,,42,19,6,0,2,69,0,682,0
1700000225425,225.43,1573,899.9,327.8,207.65,1422,0,,6,23,2,0,2,33,0,682,0
1700000225491,225.49,1469,584.94,366.37,24.39,1671,1,Arah 11,30,25,4,176,3,238,0,682,0
1700000225558,225.56,1495,0.0,311.42,142.93,1454,0,,41,29,3,0,1,74,0,682,0
1700000225625,225.63,1589,37.5,270.33,191.55,1328,0,,23,44,2,0,2,71,0,683,0
1700000225691,225.69,1490,1402.34,440.13,176.21,1662,1,Arah 11,11,44,5,192,3,255,0,683,0
1700000225758,225.76,1402,97.49,388.73,163.27,1579,1,Arah 12,35,52,2,222,2,313,0,684,0
1700000225825,225.83,1477,0.0,330.42,66.79,1564,1,Arah 12,17,48,4,167,4,240,0,685,0
1700000225891,225.89,1511,419.95,343.85,13.25,1640,1,Arah 12,25,25,3,143,3,199,0,686,0
1700000225958,225.96,1421,194.98,321.52,105.01,1510,1,Arah 12,6,74,2,92,2,176,0,686,0
1700000226025,226.03,1485,0.0,273.29,70.84,1453,1,Arah 12,20,67,3,0,3,93,0,686,0
1700000226091,226.09,1543,277.47,273.92,60.22,1464,1,Arah 12,28,59,2,0,2,91,1,686,0
1700000226158,226.16,1448,0.0,232.83,88.01,1359,1,Arah 12,20,60,3,0,2,85,0,687,0
1700000226225,226.23,1572,112.49,214.78,74.81,1338,1,Arah 12,13,67,6,0,1,87,0,687,0
1700000226291,226.29,1433,0.0,182.56,88.7,1262,1,Arah 12,15,18,2,0,1,36,0,688,0
1700000226358,226.36,1697,0.0,155.18,284.53,1014,1,Arah 12,40,55,3,0,2,100,0,688,0
1700000226425,226.43,1682,1612.32,373.75,476.21,1244,1,Arah 12,12,66,4,0,2,84,0,688,0
1700000226491,226.49,1482,1049.88,475.17,44.86,1848,1,Arah 12,3,56,6,177,2,244,0,688,0
1700000226558,226.56,1542,0.0,403.89,186.19,1585,1,Arah 12,18,36,5,172,2,233,0,688,0
1700000226625,226.63,1547,45.0,350.06,148.09,1522,1,Arah 12,9,30,2,0,2,43,0,689,0
1700000226691,226.69,1536,1372.35,503.4,202.88,1752,1,Arah 12,19,46,4,198,4,271,0,689,0
1700000226758,226.76,1364,389.96,486.39,133.9,1786,1,Arah 12,20,53,2,166,3,244,0,691,0
1700000226825,226.83,1484,0.0,413.43,200.87,1589,1,Arah 12,13,59,6,146,4,228,0,691,0
1700000226891,226.89,1532,0.0,351.41,26.77,1641,1,Arah 12,16,54,5,189,3,267,0,691,0
1700000226958,226.96,1581,644.93,395.44,22.75,1725,1,Arah 12,44,43,3,225,3,318,1,692,0
1700000227025,227.03,1446,0.0,336.12,163.31,1481,1,Arah 12,36,57,6,197,1,297,0,692,0
1700000227091,227.09,1589,0.0,285.71,169.21,1380,1,Arah 12,41,24,4,0,3,72,0,692,0
1700000227158,227.16,1467,1379.85,449.83,178.99,1677,1,Arah 12,20,13,6,161,3,203,2,693,0
1700000227225,227.23,1405,157.48,405.98,155.89,1618,1,Arah 12,29,37,4,102,2,174,0,693,0
1700000227291,227.29,1446,0.0,345.08,167.66,1493,1,Arah 12,28,51,6,218,4,307,0,693,0
1700000227358,227.36,1432,0.0,293.32,142.51,1420,1,Arah 12,37,54,5,0,3,99,0,693,0
1700000227425,227.43,1597,0.0,249.32,11.12,1466,1,Arah 12,37,21,6,0,3,67,1,693,0
1700000227491,227.49,1607,592.43,300.79,193.59,1384,1,Arah 12,7,40,2,0,1,50,1,693,0
1700000227558,227.56,1518,824.91,379.41,181.3,1544,1,Arah 12,27,66,5,92,2,192,0,693,0
1700000227625,227.63,1497,667.43,422.61,30.04,1768,1,Arah 12,3,37,6,219,2,267,0,693,0
1700000227691,227.69,1429,0.0,359.22,174.53,1513,1,Arah 12,40,61,4,176,4,285,0,693,0
1700000227758,227.76,1562,0.0,305.33,148.35,1437,1,Arah 12,37,33,3,0,3,76,1,693,0
1700000227825,227.83,1605,0.0,259.53,111.03,1387,1,Arah 12,28,70,2,0,2,102,0,693,0
1700000227891,227.89,1632,67.49,230.73,94.38,1349,1,Arah 12,29,72,4,0,4,109,0,694,0
1700000227958,227.96,1596,0.0,196.12,95.29,1282,1,Arah 12,30,13,5,0,4,52,0,694,0
1700000228025,228.03,1649,0.0,166.7,220.34,1101,1,Arah 12,35,42,3,0,3,83,0,694,0
1700000228092,228.09,1644,1349.85,344.17,187.29,1472,1,Arah 12,7,73,4,0,1,85,0,695,0
1700000228158,228.16,1469,0.0,292.55,142.14,1419,1,Arah 12,24,21,4,0,4,53,0,695,0
1700000228225,228.23,1693,0.0,248.67,202.28,1276,1,Arah 12,25,19,6,0,4,54,0,696,1
1700000228292,228.29,1524,1447.34,428.47,171.93,1644,1,Arah 11,40,34,5,185,4,268,0,697,0
1700000228358,228.36,1500,0.0,364.2,176.95,1520,1,Arah 11,19,38,4,207,1,269,0,697,0
1700000228425,228.43,1577,0.0,309.57,150.41,1443,0,,10,42,6,0,1,59,0,697,0
1700000228492,228.49,1599,0.0,263.13,24.05,1479,0,,33,25,6,0,1,65,0,697,0
1700000228558,228.56,1627,464.95,293.4,61.58,1499,0,,37,42,6,0,4,89,0,697,0
1700000228625,228.63,1537,367.46,304.51,51.45,1530,0,,42,27,5,0,3,77,0,697,0
1700000228692,228.69,1578,0.0,258.84,92.28,1404,0,,23,36,3,0,1,63,0,697,0
1700000228758,228.76,1617,149.98,242.51,8.12,1456,0,,38,54,3,0,1,96,0,697,0
1700000228825,228.83,1558,314.96,253.38,40.39,1445,0,,2,30,5,0,1,38,1,697,1
1700000228892,228.89,1575,0.0,215.37,104.64,1309,0,,7,44,6,0,4,61,0,697,0
1700000228958,228.96,1616,0.0,183.06,43.74,1308,0,,29,64,5,0,1,99,0,697,0
1700000229025,229.03,1659,202.48,185.98,59.91,1298,0,,30,63,6,0,1,100,1,697,0
1700000229092,229.09,1589,434.95,223.32,5.73,1422,0,,19,67,3,0,4,93,0,697,1
1700000229158,229.16,1601,0.0,189.82,92.23,1273,0,,40,21,2,0,2,65,1,697,0
1700000229225,229.23,1592,0.0,161.35,78.39,1232,0,,15,34,4,0,2,55,1,697,0
1700000229292,229.29,1658,0.0,137.15,66.63,1197,0,,32,13,5,0,3,53,0,697,0
1700000229358,229.36,1619,0.0,116.58,40.46,1184,0,,8,51,2,0,4,65,0,699,0
1700000229425,229.43,1662,434.95,164.33,108.05,1208,0,,15,39,4,0,2,60,1,699,0
1700000229492,229.49,1561,329.96,189.18,254.22,1110,0,,34,15,2,0,1,52,0,699,0
1700000229558,229.56,1618,1162.37,335.16,149.13,1493,0,,21,66,3,0,4,94,0,699,0
1700000229625,229.63,1406,30.0,289.38,132.72,1422,1,Arah 11,43,54,6,110,2,215,0,700,0
1700000229692,229.69,1614,0.0,245.97,119.51,1353,0,,4,66,2,0,3,75,0,700,0
1700000229758,229.76,1539,0.0,209.08,101.58,1300,0,,34,73,4,0,2,113,0,700,0
1700000229825,229.83,1635,0.0,177.72,62.65,1279,0,,13,52,3,0,2,70,0,700,0
1700000229892,229.89,1672,667.43,251.17,106.82,1375,0,,38,51,2,0,4,95,0,701,0
1700000229958,229.96,1546,239.97,249.49,58.19,1420,0,,38,44,5,0,2,89,0,701,0
1700000230025,230.03,1640,0.0,212.07,32.56,1374,0,,36,26,2,0,3,67,0,701,0
1700000230092,230.09,1673,607.43,271.37,126.45,1394,0,,40,74,4,0,1,119,1,701,0
1700000230158,230.16,1559,442.45,297.04,28.12,1539,0,,39,41,5,0,3,88,0,702,0
1700000230225,230.23,1614,0.0,252.48,107.6,1377,0,,44,41,3,0,3,91,0,703,0
1700000230292,230.29,1673,67.49,224.73,88.11,1344,0,,40,68,5,0,3,116,1,704,0
1700000230358,230.36,1605,15.0,193.27,89.96,1282,0,,7,37,5,0,4,53,1,704,0
1700000230425,230.43,1671,0.0,164.28,141.16,1175,0,,4,39,6,0,2,51,0,705,0
1700000230492,230.49,1825,989.89,288.12,655.68,1000,0,,23,40,2,0,3,68,0,705,0
1700000230558,230.56,1539,2399.73,604.86,336.35,1810,1,Arah 11,43,21,4,120,4,192,1,705,0
1700000230625,230.63,1505,0.0,514.13,249.8,1727,1,Arah 11,4,15,4,144,3,170,0,705,0
1700000230692,230.69,1626,0.0,437.01,212.33,1621,0,,33,36,2,0,3,74,0,705,0
1700000230758,230.76,1799,0.0,371.46,73.98,1633,0,,18,26,4,0,3,51,0,705,0
1700000230825,230.83,1656,1139.87,486.72,98.04,1819,1,Arah 11,4,37,3,170,4,218,0,705,0
1700000230892,230.89,1647,157.48,437.34,171.12,1661,1,Arah 11,10,74,3,115,1,203,1,705,0
1700000230958,230.96,1635,0.0,371.74,180.61,1531,0,,16,52,4,0,2,74,0,705,0
1700000231025,231.03,1648,0.0,315.98,19.6,1582,0,,8,51,2,0,3,64,0,705,0
1700000231092,231.09,1816,599.93,358.57,155.77,1530,0,,35,69,5,0,4,113,0,706,0
1700000231159,231.16,1568,772.41,420.65,70.47,1726,1,Arah 11,44,27,3,218,1,293,0,706,0
1700000231225,231.23,1713,322.46,405.92,87.42,1683,0,,11,33,3,0,1,48,0,706,0
1700000231292,231.29,1525,112.49,361.9,146.29,1546,1,Arah 11,21,51,2,222,2,298,0,706,0
1700000231359,231.36,1698,0.0,307.62,80.82,1507,0,,32,20,3,0,3,58,0,706,0
1700000231425,231.43,1649,307.47,307.6,117.12,1472,0,,41,42,5,0,4,92,0,706,0
1700000231492,231.49,1657,832.41,386.32,51.0,1682,1,Arah 11,35,47,5,204,2,293,0,706,0
1700000231559,231.56,1538,89.99,341.87,142.47,1512,0,,39,39,4,0,2,84,0,707,0
1700000231625,231.63,1645,0.0,290.59,141.18,1416,0,,2,31,5,0,1,39,1,707,0
1700000231692,231.69,1660,0.0,247.0,120.01,1355,0,,10,54,4,0,2,70,0,707,0
1700000231759,231.76,1707,0.0,209.95,117.29,1287,0,,18,22,6,0,1,47,0,707,0
1700000231825,231.83,1669,982.39,325.82,99.7,1523,0,,31,39,6,0,2,78,1,707,0
1700000231892,231.89,1576,0.0,276.94,134.55,1397,0,,30,51,4,0,2,87,0,707,0
1700000231959,231.96,1757,0.0,235.4,0.54,1450,0,,31,14,3,0,2,50,0,707,0
1700000232025,232.03,1745,509.94,276.58,402.99,1130,0,,28,70,3,0,1,102,0,707,0
1700000232092,232.09,1689,1807.3,506.19,432.94,1538,0,,8,42,5,0,4,59,0,707,0
1700000232159,232.16,1504,914.9,567.5,35.45,2017,1,Arah 11,14,66,6,206,2,294,1,707,0
1700000232225,232.23,1567,0.0,482.37,234.36,1684,1,Arah 11,16,61,6,167,2,252,0,707,0
1700000232292,232.29,1646,0.0,410.02,187.49,1595,0,,4,27,6,0,4,41,1,707,0
1700000232359,232.36,1687,52.49,356.39,159.37,1523,0,,7,44,3,0,3,57,0,707,0
1700000232425,232.43,1639,0.0,302.93,50.09,1528,0,,31,31,4,0,2,68,0,707,0
1700000232492,232.49,1703,434.95,322.73,42.57,1573,0,,36,67,2,0,3,108,0,707,0
1700000232559,232.56,1581,0.0,274.32,111.52,1415,0,,30,74,2,0,1,107,0,707,0
1700000232625,232.63,1781,97.49,247.8,104.42,1371,0,,32,17,4,0,2,55,0,707,0
1700000232692,232.69,1568,892.4,344.49,66.99,1590,1,Arah 11,2,22,2,164,1,191,0,707,0
1700000232759,232.76,1662,0.0,292.82,65.26,1495,0,,38,18,4,0,3,63,1,707,0
1700000232825,232.83,1753,344.96,300.64,267.62,1311,0,,44,22,4,0,3,73,1,707,0
1700000232892,232.89,1616,1447.34,472.64,150.47,1745,1,Arah 11,29,51,5,102,1,188,0,707,0
1700000232959,232.96,1560,0.0,401.75,158.36,1608,1,Arah 11,43,58,6,103,1,211,1,707,0
1700000233025,233.03,1834,164.98,366.23,64.6,1632,0,,6,25,5,0,3,39,1,708,0
1700000233092,233.09,1538,892.4,445.16,18.08,1819,1,Arah 11,22,35,5,173,4,239,0,708,0
1700000233159,233.16,1715,0.0,378.38,183.84,1540,0,,22,37,2,0,4,65,0,708,0
1700000233225,233.23,1645,0.0,321.63,156.26,1460,0,,40,28,2,0,3,73,0,709,0
1700000233292,233.29,1764,0.0,273.38,132.82,1392,0,,7,54,2,0,4,67,0,709,0
1700000233359,233.36,1748,0.0,232.37,79.61,1367,0,,33,52,2,0,1,88,0,709,0
1700000233425,233.43,1780,862.4,326.88,350.59,1279,0,,28,56,5,0,2,91,0,709,0
1700000233492,233.49,1633,1267.36,467.95,105.48,1779,1,Arah 11,41,69,3,214,4,331,1,709,0
1700000233559,233.56,1611,0.0,397.76,193.25,1567,0,,3,73,2,0,2,80,0,709,0
1700000233625,233.63,1681,0.0,338.09,139.15,1508,0,,16,31,4,0,1,52,1,709,0
1700000233692,233.69,1637,112.49,304.25,118.28,1465,0,,19,36,5,0,4,64,0,709,0
1700000233759,233.76,1666,0.0,258.62,125.65,1371,0,,36,23,4,0,3,66,0,709,0
1700000233825,233.83,1759,0.0,219.82,79.02,1343,0,,3,27,5,0,2,37,1,709,0
1700000233892,233.89,1742,832.41,311.71,278.09,1322,0,,41,14,3,0,3,61,0,709,0
1700000233959,233.96,1648,944.9,406.69,115.85,1658,1,Arah 11,29,41,6,211,4,291,1,709,0
1700000234026,234.03,1616,292.47,389.56,22.06,1715,1,Arah 11,10,14,6,105,1,136,0,709,0
1700000234092,234.09,1609,404.96,391.87,84.04,1661,1,Arah 11,4,71,6,187,2,270,0,709,1
1700000234159,234.16,1562,0.0,333.09,161.83,1476,0,,30,21,5,0,2,58,0,709,0
1700000234226,234.23,1898,0.0,283.12,178.84,1365,0,,16,66,2,0,4,88,0,709,0
1700000234292,234.29,1671,1417.34,453.26,152.01,1709,1,Arah 11,24,65,6,105,1,201,1,709,0
1700000234359,234.36,1709,0.0,385.27,93.44,1640,0,,28,13,5,0,3,49,1,709,0
1700000234426,234.43,1704,419.95,390.47,71.05,1671,0,,31,74,3,0,4,112,1,709,0
1700000234492,234.49,1653,37.5,337.52,154.14,1492,0,,43,73,3,0,1,120,0,709,0
1700000234559,234.56,1699,0.0,286.9,139.39,1411,0,,7,48,5,0,2,62,0,709,0
1700000234626,234.63,1771,0.0,243.86,105.09,1363,0,,14,16,2,0,4,36,0,710,0
1700000234692,234.69,1704,59.99,216.28,74.26,1341,0,,8,67,4,0,1,80,0,710,0
1700000234759,234.76,1763,67.49,193.96,68.14,1305,0,,13,57,6,0,4,80,0,711,0
1700000234826,234.83,1695,37.5,170.49,166.4,1162,0,,28,71,3,0,2,104,0,712,0
1700000234892,234.89,1758,1072.38,305.78,133.07,1453,0,,2,39,5,0,2,48,0,712,1
1700000234959,234.96,1552,0.0,259.91,126.28,1373,0,,30,59,4,0,2,95,0,712,0
1700000235026,235.03,1768,0.0,220.92,85.18,1339,0,,10,29,3,0,2,44,1,712,0
1700000235092,235.09,1707,862.4,317.15,72.4,1533,0,,27,64,4,0,3,98,0,712,0
1700000235159,235.16,1653,0.0,269.57,130.97,1387,0,,2,64,2,0,4,72,0,712,0
1700000235226,235.23,1834,0.0,229.14,188.33,1253,0,,13,38,4,0,4,59,0,712,0
1700000235292,235.29,1800,1342.35,396.12,389.42,1373,0,,26,34,2,0,3,65,0,712,0
1700000235359,235.36,1655,1027.39,490.81,31.35,1888,1,Arah 11,10,71,2,164,4,251,0,712,0
1700000235426,235.43,1663,0.0,417.19,202.69,1594,0,,19,70,6,0,1,96,0,712,0
1700000235492,235.49,1712,0.0,354.61,101.98,1575,0,,11,13,4,0,4,32,0,712,0
1700000235559,235.56,1719,314.96,348.66,102.49,1563,0,,6,25,6,0,4,41,0,712,0
1700000235626,235.63,1670,847.41,423.47,16.8,1782,1,Arah 12,3,63,6,210,3,285,0,713,0
1700000235692,235.69,1606,0.0,359.95,174.89,1514,1,Arah 12,25,22,4,0,1,52,0,714,0
1700000235759,235.76,1781,0.0,305.96,113.5,1473,1,Arah 12,24,30,5,0,2,61,0,714,0
1700000235826,235.83,1863,157.48,283.69,176.4,1369,1,Arah 12,34,67,5,0,1,107,0,714,0
1700000235892,235.89,1760,1222.36,424.49,360.87,1454,1,Arah 12,38,54,6,0,3,101,0,714,0
1700000235959,235.96,1700,1102.38,526.17,33.87,1948,1,Arah 12,30,13,3,161,2,209,1,714,0
1700000236026,236.03,1613,0.0,447.25,217.3,1636,1,Arah 12,3,69,3,101,2,178,0,714,0
1700000236092,236.09,1732,0.0,380.16,181.36,1546,1,Arah 12,27,71,5,0,4,107,0,714,0
1700000236159,236.16,1632,15.0,325.39,154.15,1469,1,Arah 12,28,45,3,0,1,77,0,714,0
1700000236226,236.23,1730,0.0,276.58,134.38,1397,1,Arah 12,43,41,4,0,4,92,0,714,0
1700000236292,236.29,1747,0.0,235.09,232.31,1221,1,Arah 12,25,67,5,0,4,101,0,714,0
1700000236359,236.36,1765,1552.33,432.68,698.0,1136,1,Arah 12,17,12,5,0,4,38,0,714,0
1700000236426,236.43,1540,2242.25,704.11,246.77,2063,1,Arah 12,9,66,2,223,2,302,0,714,0
1700000236492,236.49,1466,0.0,598.5,290.78,1841,1,Arah 12,36,35,3,218,4,296,0,714,0
1700000236559,236.56,1667,0.0,508.72,181.88,1781,1,Arah 12,11,41,4,120,2,178,0,714,0
1700000236626,236.63,1653,292.47,476.28,154.6,1748,1,Arah 12,16,45,2,208,3,274,0,714,0
1700000236692,236.69,1628,0.0,404.84,174.93,1598,1,Arah 12,34,29,6,0,2,71,1,714,0
1700000236759,236.76,1807,97.49,358.74,39.88,1642,1,Arah 12,2,14,6,0,2,24,0,714,1
1700000236826,236.83,1615,487.45,378.04,55.66,1662,1,Arah 12,37,32,6,160,1,236,0,714,0
1700000236892,236.89,1742,0.0,321.34,156.12,1460,1,Arah 12,27,47,3,0,3,80,1,714,0
1700000236959,236.96,1645,0.0,273.14,132.71,1392,1,Arah 12,17,31,6,0,4,58,1,714,0
1700000237026,237.03,1818,0.0,232.17,116.55,1330,1,Arah 12,34,34,4,0,1,73,0,715,0
1700000237093,237.09,1797,1027.39,351.45,99.06,1572,1,Arah 12,26,20,4,0,1,51,1,717,0
1700000237159,237.16,1681,0.0,298.73,145.14,1428,1,Arah 12,16,68,6,0,1,91,0,717,0
1700000237226,237.23,1901,0.0,253.92,226.51,1262,1,Arah 12,21,19,3,0,4,47,0,717,0
1700000237293,237.29,1718,1567.33,450.93,192.53,1666,1,Arah 12,32,63,6,0,1,102,0,717,0
1700000237359,237.36,1692,0.0,383.29,186.23,1547,1,Arah 12,31,50,3,0,4,88,0,717,0
1700000237426,237.43,1796,0.0,325.8,158.29,1466,1,Arah 12,40,64,5,0,3,112,0,717,0
1700000237493,237.49,1705,0.0,276.93,134.55,1397,1,Arah 12,13,12,3,0,2,30,0,717,0
1700000237559,237.56,1812,0.0,235.39,13.92,1437,1,Arah 12,19,16,3,0,1,39,0,717,0
1700000237626,237.63,1821,449.95,267.57,98.65,1415,1,Arah 12,35,46,2,0,2,85,0,717,0
1700000237693,237.69,1752,494.95,301.68,16.59,1559,1,Arah 12,15,65,4,0,1,85,0,717,0
1700000237759,237.76,1755,0.0,256.43,124.59,1368,1,Arah 12,28,23,4,0,2,57,0,717,0
1700000237826,237.83,1907,0.0,217.96,300.9,1119,1,Arah 12,34,12,2,0,3,51,1,717,0
1700000237893,237.89,1764,1822.3,458.61,255.76,1620,1,Arah 12,19,19,4,0,2,44,0,717,0
1700000237959,237.96,1664,0.0,389.82,189.4,1556,1,Arah 12,23,46,3,0,2,74,0,717,0
1700000238026,238.03,1819,0.0,331.35,42.13,1589,1,Arah 12,37,20,3,0,3,63,0,718,0
1700000238093,238.09,1723,532.44,361.51,35.81,1651,0,,25,24,4,0,3,56,0,718,0
1700000238159,238.16,1748,0.0,307.29,149.3,1440,0,,5,29,5,0,1,40,1,718,1
1700000238226,238.23,1764,0.0,261.19,126.9,1375,0,,5,43,2,0,1,51,0,718,0
1700000238293,238.29,1798,0.0,222.01,37.78,1388,0,,38,40,2,0,2,82,0,718,0
1700000238359,238.36,2015,652.43,286.58,571.15,1000,0,,44,28,5,0,4,81,0,718,0
1700000238426,238.43,1711,2414.73,605.8,339.84,1808,1,Arah 11,35,64,6,210,1,316,0,718,0
1700000238493,238.49,1693,0.0,514.93,250.18,1728,1,Arah 11,36,54,4,168,3,265,0,718,0
1700000238559,238.56,1833,0.0,437.69,180.85,1653,0,,18,43,6,0,1,68,0,718,0
1700000238626,238.63,1748,142.48,393.41,153.72,1597,0,,43,56,6,0,4,109,0,718,0
1700000238693,238.69,1814,0.0,334.4,38.59,1598,0,,18,47,6,0,3,74,0,718,0
1700000238759,238.76,1823,554.94,367.48,32.8,1665,0,,12,59,5,0,1,77,0,718,0
1700000238826,238.83,1740,0.0,312.36,151.76,1447,0,,3,13,2,0,1,19,0,718,0
1700000238893,238.89,1887,0.0,265.5,129.0,1381,0,,6,41,6,0,1,54,0,719,0
1700000238959,238.96,1814,0.0,225.68,109.65,1324,0,,27,45,2,0,3,77,0,719,0
1700000239026,239.03,1969,0.0,191.83,93.2,1276,0,,37,45,5,0,4,91,0,721,0
1700000239093,239.09,1847,0.0,163.05,2.21,1311,0,,8,74,3,0,2,87,0,722,0
1700000239159,239.16,2010,344.96,190.34,260.94,1106,0,,22,12,2,0,4,40,1,723,0
1700000239226,239.23,1801,1177.37,338.39,330.62,1321,0,,36,39,2,0,4,81,0,723,0
1700000239293,239.29,1853,832.41,412.5,26.57,1753,0,,33,72,2,0,1,108,0,723,0
1700000239359,239.36,1690,37.5,356.25,163.24,1519,0,,18,14,2,0,1,35,1,723,0
1700000239426,239.43,1848,0.0,302.81,61.75,1517,0,,44,17,4,0,3,68,2,723,0
1700000239493,239.49,1758,382.46,314.76,52.48,1548,0,,11,27,4,0,4,46,0,723,0
1700000239559,239.56,1797,0.0,267.54,49.63,1462,0,,19,30,4,0,2,55,1,723,0
1700000239626,239.63,1804,359.96,281.41,175.44,1365,0,,20,48,2,0,3,73,0,723,0
1700000239693,239.69,1749,974.89,385.43,68.77,1663,0,,32,31,3,0,1,67,0,724,0
1700000239759,239.76,1674,0.0,327.61,113.97,1513,0,,22,73,4,0,4,103,0,724,0
1700000239826,239.83,1829,202.48,308.84,38.72,1551,0,,33,51,3,0,4,91,0,724,0
1700000239893,239.89,1647,607.43,353.63,12.29,1659,1,Arah 11,36,38,6,152,4,236,0,725,0
1700000239959,239.96,1748,0.0,300.59,146.04,1431,0,,41,32,4,0,3,80,1,725,0
1700000240026,240.03,4510,0.0,255.5,124.14,1367,0,,21,21,2,0,2,46,0,725,0
1700000240093,240.09,4439,0.0,217.17,105.52,1312,0,,38,21,4,0,4,67,0,725,0
1700000240160,240.16,4581,0.0,184.6,89.69,1265,0,,21,65,5,0,1,92,0,725,0
1700000240226,240.23,4466,0.0,156.91,76.23,1226,0,,4,54,3,0,4,65,1,725,1
1700000240293,240.29,4601,0.0,133.37,244.9,1012,0,,33,21,3,0,3,60,1,725,0
1700000240360,240.36,4631,1387.35,321.47,424.12,1196,0,,21,74,6,0,2,103,0,725,0
1700000240426,240.43,4416,967.39,418.36,50.8,1740,0,,24,18,3,0,3,48,0,725,0
1700000240493,240.49,4502,0.0,355.6,172.77,1508,0,,26,69,3,0,1,99,0,725,0
1700000240560,240.56,4471,0.0,302.26,146.86,1433,0,,39,22,2,0,2,65,0,725,0
1700000240626,240.63,4557,0.0,256.92,124.83,1369,0,,27,23,4,0,3,57,0,726,0
1700000240693,240.69,4601,0.0,218.38,76.37,1343,0,,10,54,6,0,1,71,0,726,0
1700000240760,240.76,4603,817.41,308.24,178.75,1413,0,,38,49,2,0,3,92,0,727,0
1700000240826,240.83,4492,509.94,338.49,30.54,1613,0,,27,59,4,0,3,93,0,727,0
1700000240893,240.89,4535,0.0,287.72,169.91,1383,0,,5,15,2,0,4,26,1,727,0
1700000240960,240.96,4579,1387.35,452.66,341.96,1526,0,,27,62,5,0,2,96,0,727,0
1700000241026,241.03,4350,884.9,517.5,19.03,1946,0,,38,58,4,0,2,102,0,727,0
1700000241093,241.09,4461,0.0,439.87,213.72,1625,0,,21,57,3,0,4,85,1,727,0
1700000241160,241.16,4465,0.0,373.89,181.66,1534,0,,26,39,2,0,3,70,0,728,0
1700000241226,241.23,4487,0.0,317.81,154.41,1455,0,,21,17,4,0,2,44,1,729,0
1700000241293,241.29,4529,0.0,270.14,131.25,1387,0,,35,60,3,0,3,101,0,729,0
1700000241360,241.36,4522,0.0,229.62,17.34,1422,0,,42,63,3,0,4,112,0,729,0
1700000241426,241.43,4553,577.44,281.79,187.17,1355,0,,7,55,2,0,2,66,0,729,0
1700000241493,241.49,4445,772.41,355.38,30.19,1645,0,,23,56,6,0,1,86,0,729,0
1700000241560,241.56,4450,0.0,302.08,146.77,1433,0,,27,28,6,0,3,64,0,729,0
1700000241626,241.63,4613,0.0,256.76,52.7,1439,0,,33,71,5,0,4,113,1,730,0
1700000241693,241.69,4553,794.91,337.49,44.79,1598,0,,15,71,6,0,2,94,0,730,0
1700000241760,241.76,4507,0.0,286.86,92.5,1457,0,,22,21,4,0,3,50,0,730,0
1700000241826,241.83,4573,209.98,275.33,41.91,1485,0,,42,37,2,0,2,83,0,730,0
1700000241893,241.89,4479,539.94,315.02,77.47,1525,0,,6,52,5,0,4,67,0,731,0
1700000241960,241.96,4501,397.46,327.39,181.36,1447,0,,4,38,6,0,2,50,0,731,0
1700000242026,242.03,4426,1057.38,436.89,142.44,1688,0,,31,41,6,0,2,80,1,732,0
1700000242093,242.09,4360,344.96,423.1,114.97,1689,0,,34,32,3,0,2,71,0,732,0
1700000242160,242.16,4380,0.0,359.63,174.73,1514,0,,21,55,4,0,3,83,0,732,0
1700000242226,242.23,4364,0.0,305.69,126.76,1459,0,,23,22,6,0,2,53,0,734,0
1700000242293,242.29,4449,97.49,274.46,107.74,1419,0,,37,37,2,0,4,80,1,734,0
1700000242360,242.36,4351,0.0,233.29,113.35,1335,0,,30,65,3,0,1,99,0,734,0
1700000242426,242.43,4574,0.0,198.3,7.62,1373,0,,8,69,6,0,3,86,0,734,0
1700000242493,242.49,4505,397.46,228.17,204.45,1235,0,,10,25,6,0,1,42,1,734,0
1700000242560,242.56,4521,944.9,335.68,205.59,1439,0,,42,66,6,0,2,116,0,734,0
1700000242626,242.63,4379,539.94,366.32,36.18,1659,0,,28,62,5,0,2,97,0,735,0
1700000242693,242.69,4449,0.0,311.37,151.28,1446,0,,10,40,4,0,2,56,0,735,0
1700000242760,242.76,4646,0.0,264.66,171.07,1338,0,,43,44,5,0,2,94,0,735,0
1700000242826,242.83,4672,1342.35,426.32,513.7,1308,0,,26,46,4,0,3,79,0,735,0
1700000242893,242.89,4467,1649.82,609.84,177.16,1964,0,,24,24,4,0,3,55,1,736,0
1700000242960,242.96,4452,179.98,545.36,217.7,1813,0,,4,30,2,0,4,40,0,736,0
1700000243027,243.03,4443,0.0,463.56,163.28,1717,0,,30,33,4,0,2,69,0,737,0
1700000243093,243.09,4499,277.47,435.65,113.68,1713,0,,31,20,5,0,3,59,0,737,0
1700000243160,243.16,4406,112.49,387.17,158.57,1581,0,,40,30,4,0,1,75,1,737,0
1700000243227,243.23,4484,0.0,329.1,159.89,1471,0,,34,53,4,0,1,92,0,737,1
1700000243293,243.29,4500,0.0,279.73,135.91,1401,0,,8,68,5,0,2,83,1,738,0
1700000243360,243.36,4589,0.0,237.77,66.98,1389,0,,38,18,5,0,4,65,0,738,0
1700000243427,243.43,4538,217.48,234.73,143.96,1307,0,,16,23,3,0,1,43,1,738,0
1700000243493,243.49,4560,899.9,334.5,311.53,1332,0,,17,59,3,0,2,81,0,739,0
1700000243560,243.56,4418,1064.88,444.06,63.92,1775,0,,5,55,4,0,3,67,0,739,0
1700000243627,243.63,4418,0.0,377.45,183.39,1539,0,,25,34,4,0,2,65,0,739,0
1700000243693,243.69,4472,0.0,320.83,155.88,1459,0,,43,32,4,0,3,82,0,739,0
1700000243760,243.76,4660,0.0,272.71,51.65,1470,0,,9,41,2,0,4,56,0,740,0
1700000243827,243.83,4538,824.91,355.54,132.63,1547,0,,15,50,5,0,3,73,0,740,0
1700000243893,243.89,4550,397.46,361.83,71.41,1617,0,,12,55,2,0,3,72,0,740,0
1700000243960,243.96,4485,0.0,307.55,149.43,1440,0,,34,42,4,0,4,84,0,740,0
1700000244027,244.03,4605,0.0,261.42,33.27,1467,0,,27,53,2,0,2,84,0,740,1
1700000244093,244.09,4550,419.95,285.2,134.11,1413,0,,44,51,2,0,2,99,0,740,1
1700000244160,244.16,4549,727.42,351.53,20.24,1647,0,,36,50,3,0,2,91,0,740,0
1700000244227,244.23,4453,0.0,298.8,145.18,1428,0,,28,48,4,0,3,83,0,740,0
1700000244293,244.29,4550,0.0,253.98,43.04,1443,0,,3,73,5,0,4,85,0,741,0
1700000244360,244.36,4597,359.96,269.88,58.83,1458,0,,19,55,3,0,1,78,1,741,0
1700000244427,244.43,4502,427.45,293.51,30.35,1530,0,,25,41,5,0,2,73,0,741,0
1700000244493,244.49,4540,0.0,249.49,124.87,1354,0,,16,42,3,0,4,65,1,741,0
1700000244560,244.56,4580,1102.38,377.42,248.43,1475,0,,31,38,4,0,3,76,0,741,0
1700000244627,244.63,4393,637.43,416.42,34.92,1752,0,,3,15,6,0,3,27,0,741,0
1700000244693,244.69,4495,0.0,353.96,145.19,1532,0,,4,70,3,0,3,80,0,741,0
1700000244760,244.76,4428,119.99,318.86,123.41,1487,0,,17,12,2,0,2,33,0,741,0
1700000244827,244.83,4479,0.0,271.03,131.68,1389,0,,10,63,2,0,4,79,1,741,0
1700000244893,244.89,4544,0.0,230.38,37.06,1405,0,,28,12,4,0,2,46,1,742,0
1700000244960,244.96,4515,667.43,295.94,31.5,1533,0,,26,33,2,0,3,64,0,742,0
1700000245027,245.03,4455,0.0,251.55,73.67,1409,0,,12,57,4,0,4,77,0,742,0
1700000245093,245.09,4529,217.48,246.43,78.0,1395,0,,19,64,6,0,3,92,1,742,0
1700000245160,245.16,4426,629.93,303.96,17.75,1562,0,,5,32,5,0,4,46,0,742,0
1700000245227,245.23,4445,0.0,258.37,21.74,1472,0,,27,66,3,0,4,100,0,742,0
1700000245293,245.29,4450,464.95,289.35,11.78,1540,0,,12,35,6,0,2,55,0,742,0
1700000245360,245.36,4383,30.0,250.45,113.8,1367,0,,40,50,4,0,4,98,1,742,0
1700000245427,245.43,4446,0.0,212.88,103.43,1306,1,Arah 12,42,17,2,0,1,62,0,742,0
1700000245493,245.49,4455,0.0,180.95,87.92,1260,1,Arah 12,43,69,4,0,4,120,0,742,0
1700000245560,245.56,4539,0.0,153.81,116.11,1180,1,Arah 12,28,72,6,0,3,109,0,742,0
1700000245627,245.63,4601,854.91,258.97,316.32,1183,1,Arah 12,38,15,3,0,1,57,0,742,0
1700000245693,245.69,4425,974.89,366.36,78.03,1619,1,Arah 12,3,41,4,0,1,49,0,742,0
1700000245760,245.76,4471,0.0,311.41,151.3,1446,1,Arah 12,31,63,5,0,2,101,1,742,0
1700000245827,245.83,4513,0.0,264.69,124.18,1384,1,Arah 12,14,32,6,0,3,55,0,742,0
1700000245893,245.89,4619,1132.37,394.85,447.06,1313,1,Arah 12,23,70,5,0,1,99,0,742,0
1700000245960,245.96,4362,1529.83,565.09,127.22,1931,1,Arah 12,17,52,2,0,3,74,0,742,0
1700000246027,246.03,4415,0.0,480.33,233.37,1681,1,Arah 12,8,41,2,0,2,53,1,742,0
1700000246094,246.09,4538,0.0,408.28,198.37,1582,1,Arah 12,33,69,5,0,3,110,0,742,0
1700000246160,246.16,4515,0.0,347.04,168.61,1496,1,Arah 12,8,18,5,0,2,33,1,742,0
1700000246227,246.23,4542,0.0,294.98,89.75,1475,1,Arah 12,12,20,4,0,4,40,0,742,0
1700000246294,246.29,4529,239.97,286.73,76.29,1473,1,Arah 12,16,36,5,0,3,60,0,743,0
1700000246360,246.36,4510,0.0,243.72,122.65,1346,1,Arah 12,44,17,5,0,1,67,0,743,0
1700000246427,246.43,4726,1079.88,369.15,506.02,1206,1,Arah 12,32,50,3,0,2,87,0,743,1
1700000246494,246.49,4366,1799.8,583.74,189.06,1908,1,Arah 12,38,18,4,0,2,62,1,743,0
1700000246560,246.56,4486,0.0,496.18,182.48,1758,1,Arah 12,16,51,5,0,2,74,0,743,0
1700000246627,246.63,4550,262.47,461.13,17.84,1848,1,Arah 12,4,50,5,0,3,62,0,743,0
1700000246694,246.69,4451,614.93,484.2,73.75,1837,1,Arah 12,24,32,5,0,2,63,0,743,0
1700000246760,246.76,4468,0.0,411.57,199.96,1586,1,Arah 12,22,70,3,0,3,98,0,743,0
1700000246827,246.83,4499,0.0,349.83,76.22,1591,1,Arah 12,13,22,4,0,3,42,0,743,0
1700000246894,246.89,4565,419.95,360.35,64.79,1621,1,Arah 12,12,49,6,0,3,70,0,743,0
1700000246960,246.96,4443,0.0,306.3,148.82,1439,1,Arah 12,34,51,4,0,1,90,0,743,0
1700000247027,247.03,4678,0.0,260.35,101.18,1398,1,Arah 12,8,25,3,0,2,38,0,743,0
1700000247094,247.09,4484,1019.89,374.28,86.0,1626,1,Arah 12,12,64,5,0,3,84,1,743,0
1700000247160,247.16,4542,0.0,318.14,154.57,1455,1,Arah 12,30,19,4,0,2,55,2,743,0
1700000247227,247.23,4502,0.0,270.42,131.39,1388,1,Arah 12,15,47,5,0,2,69,0,743,0
1700000247294,247.29,4618,0.0,229.86,347.01,1096,1,Arah 12,8,58,3,0,2,71,0,744,0
1700000247360,247.36,4503,2054.77,503.59,303.33,1657,1,Arah 12,11,25,6,0,1,43,0,744,0
1700000247427,247.43,4344,37.5,433.68,200.86,1626,1,Arah 12,33,60,2,0,2,97,0,744,0
1700000247494,247.49,4498,0.0,368.63,143.94,1560,1,Arah 12,42,74,2,0,2,120,0,744,0
1700000247560,247.56,4505,157.48,336.96,153.87,1491,1,Arah 12,20,64,4,0,3,91,0,744,0
1700000247627,247.63,4477,1237.36,472.02,95.63,1795,1,Arah 12,9,33,5,0,2,49,0,744,0
1700000247694,247.69,4340,0.0,401.21,194.93,1572,1,Arah 12,18,26,5,0,3,52,0,744,0
1700000247760,247.76,4552,0.0,341.03,100.48,1551,1,Arah 12,42,60,3,0,1,106,0,744,0
1700000247827,247.83,4489,1192.37,468.73,292.99,1603,1,Arah 12,15,63,5,0,1,84,0,744,0
1700000247894,247.89,4393,929.9,537.91,17.13,1983,1,Arah 12,20,38,6,0,3,67,0,744,0
1700000247960,247.96,4365,0.0,457.22,222.14,1649,0,,5,65,3,0,1,74,0,744,0
1700000248027,248.03,4638,0.0,388.64,108.47,1631,0,,33,16,2,0,2,53,0,744,0
1700000248094,248.09,4534,359.96,384.34,147.19,1586,0,,19,21,6,0,4,50,0,744,0
1700000248160,248.16,4590,1072.38,487.54,185.38,1739,0,,5,27,5,0,3,40,0,744,0
1700000248227,248.23,4391,629.93,508.9,81.82,1874,0,,2,73,4,0,3,82,1,747,0
1700000248294,248.29,4506,0.0,432.57,210.16,1615,0,,6,54,6,0,2,68,0,747,0
1700000248360,248.36,4634,0.0,367.68,40.66,1658,0,,6,69,2,0,1,78,1,747,0
1700000248427,248.43,4620,982.39,459.89,379.42,1503,0,,5,57,6,0,3,71,0,747,0
1700000248494,248.49,4503,1544.83,622.63,155.1,2006,0,,43,45,2,0,2,92,0,748,0
1700000248560,248.56,4414,232.47,564.11,201.3,1862,0,,10,26,4,0,3,43,0,748,1
1700000248627,248.63,4472,52.49,487.36,137.63,1784,0,,2,58,2,0,3,65,0,748,1
1700000248694,248.69,4407,382.46,471.63,128.7,1764,0,,23,36,2,0,4,65,0,748,0
1700000248760,248.76,4421,0.0,400.88,194.77,1571,0,,31,29,4,0,2,66,0,748,1
1700000248827,248.83,4485,0.0,340.75,130.4,1521,0,,18,59,5,0,4,86,0,748,0
1700000248894,248.89,4463,157.48,313.26,110.84,1489,0,,25,67,2,0,4,98,1,748,0
1700000248960,248.96,4464,0.0,266.27,129.37,1382,0,,9,62,5,0,1,77,0,748,0
1700000249027,249.03,4618,0.0,226.33,98.25,1337,0,,40,13,5,0,3,61,0,748,0
1700000249094,249.09,4550,52.49,200.26,58.4,1326,0,,40,24,5,0,4,73,0,748,0
1700000249161,249.16,4611,112.49,187.09,238.3,1122,0,,6,46,5,0,2,59,0,748,0
1700000249227,249.23,4535,1342.35,360.38,179.12,1511,0,,14,19,6,0,1,40,0,748,0
1700000249294,249.29,4432,7.5,307.45,147.41,1442,0,,11,71,2,0,2,86,1,748,0
1700000249361,249.36,4534,0.0,261.33,15.33,1484,0,,33,44,4,0,2,83,1,749,0
1700000249427,249.43,4506,637.43,317.75,13.03,1592,0,,30,57,2,0,2,91,0,749,0
1700000249494,249.49,4449,0.0,270.08,121.18,1397,0,,19,43,4,0,3,69,1,751,1
1700000249561,249.56,4595,45.0,236.32,400.89,1055,0,,44,34,2,0,4,84,0,752,0
1700000249627,249.63,4443,2257.25,539.46,364.19,1665,0,,21,22,2,0,1,46,0,752,0
1700000249694,249.69,4294,149.98,481.04,194.33,1719,0,,28,13,6,0,2,49,0,752,0
1700000249761,249.76,4423,0.0,408.88,198.66,1582,0,,11,46,3,0,2,62,0,752,0
1700000249827,249.83,4557,0.0,347.55,43.74,1618,0,,16,58,5,0,4,83,0,752,0
1700000249894,249.89,4463,952.39,438.28,124.23,1708,0,,32,47,4,0,3,86,0,752,0
1700000249961,249.96,4430,389.96,431.03,40.04,1773,0,,22,36,5,0,3,66,1,752,0
1700000250027,250.03,4411,299.97,411.37,121.09,1661,0,,28,34,6,0,2,70,0,752,0
1700000250094,250.09,4390,0.0,349.66,169.89,1500,0,,17,21,5,0,2,45,0,752,0
1700000250161,250.16,4415,0.0,297.21,144.4,1426,0,,3,22,3,0,1,29,0,752,0
1700000250227,250.23,4475,0.0,252.63,122.74,1363,0,,4,31,6,0,3,44,0,752,0
1700000250294,250.29,4553,0.0,214.74,102.66,1310,0,,36,42,6,0,4,88,0,752,0
1700000250361,250.36,4539,7.5,183.65,103.58,1250,0,,40,28,4,0,3,75,0,752,0
1700000250427,250.43,4552,854.91,284.34,402.77,1145,0,,35,43,3,0,4,85,0,753,0
1700000250494,250.49,4425,1417.34,454.29,273.72,1595,0,,19,18,4,0,4,45,1,753,0
1700000250561,250.56,4363,547.44,468.26,83.74,1800,0,,16,51,2,0,3,72,1,754,1
1700000250627,250.63,4352,0.0,398.02,193.38,1567,0,,22,59,3,0,4,88,0,754,0
1700000250694,250.69,4459,0.0,338.32,164.37,1484,0,,6,25,2,0,1,34,0,754,0
1700000250761,250.76,4417,0.0,287.57,139.72,1412,0,,21,20,4,0,3,48,0,754,0
1700000250827,250.83,4550,0.0,244.44,229.44,1241,0,,4,63,2,0,3,72,1,754,0
1700000250894,250.89,4596,1559.83,441.74,554.95,1296,0,,22,30,5,0,4,61,0,754,0
1700000250961,250.96,4342,1612.32,617.33,123.5,2025,0,,40,32,5,0,1,78,0,755,0
1700000251027,251.03,4381,0.0,524.73,254.94,1742,0,,3,28,5,0,1,37,1,755,0
1700000251094,251.09,4516,0.0,446.02,199.96,1650,0,,36,61,4,0,3,104,0,755,0
1700000251161,251.16,4466,74.99,390.37,169.97,1576,0,,16,20,2,0,2,40,0,755,0
1700000251227,251.23,4506,0.0,331.81,205.4,1431,0,,31,70,4,0,4,109,0,756,0
1700000251294,251.29,4472,1642.32,528.39,174.59,1823,0,,31,20,3,0,4,58,0,757,0
1700000251361,251.36,4287,0.0,449.13,218.21,1638,0,,44,64,3,0,2,113,0,757,0
1700000251427,251.43,4594,0.0,381.76,1.34,1721,0,,17,54,6,0,4,81,0,757,0
1700000251494,251.49,4573,824.91,448.23,208.12,1646,0,,9,35,3,0,3,50,0,757,0
1700000251561,251.56,4484,937.4,521.61,7.24,1964,0,,9,43,4,0,4,60,0,757,0
1700000251627,251.63,4448,0.0,443.37,215.41,1630,0,,32,52,6,0,3,93,0,757,0
1700000251694,251.69,4501,0.0,376.86,79.31,1638,0,,26,26,5,0,1,58,1,757,0
1700000251761,251.76,4568,464.95,390.07,290.83,1458,0,,25,66,5,0,2,98,0,757,0
1700000251827,251.83,4439,1604.82,572.29,272.32,1811,0,,19,46,6,0,3,74,0,758,0
1700000251894,251.89,4354,577.44,573.06,126.78,1945,0,,44,54,4,0,1,103,0,758,0
1700000251961,251.96,4362,0.0,487.1,236.66,1690,0,,3,59,6,0,1,69,0,758,0
1700000252028,252.03,4495,0.0,414.03,220.7,1571,0,,27,50,2,0,1,80,0,760,0
1700000252094,252.09,4544,1889.79,635.4,385.13,1819,0,,40,66,5,0,3,114,0,760,0
1700000252161,252.16,4243,884.9,672.82,94.5,2143,0,,21,53,2,0,3,79,0,760,1
1700000252228,252.23,4426,0.0,571.9,68.61,1995,0,,11,31,2,0,1,45,0,760,0
1700000252294,252.29,4422,937.4,626.72,219.58,1955,0,,9,57,4,0,2,72,0,761,0
1700000252361,252.36,4301,1244.86,719.45,22.62,2278,0,,32,24,2,0,1,59,0,761,1
1700000252428,252.43,4256,0.0,611.53,297.12,1858,0,,11,28,2,0,1,42,0,761,0
1700000252494,252.49,4428,0.0,519.8,252.55,1735,0,,29,69,2,0,1,101,0,761,0
1700000252561,252.56,4417,0.0,441.83,71.6,1763,0,,16,35,4,0,3,58,0,761,0
1700000252628,252.63,4470,1282.36,567.91,519.55,1569,0,,24,55,2,0,4,85,0,761,0
1700000252694,252.69,4246,2054.77,790.94,155.35,2283,0,,2,25,4,0,1,32,0,762,0
1700000252761,252.76,4196,0.0,672.3,326.64,1938,0,,41,64,6,0,3,114,0,762,0
1700000252828,252.83,4304,0.0,571.45,277.64,1805,0,,24,23,3,0,1,51,0,762,0
1700000252894,252.89,4328,0.0,485.73,236.0,1688,0,,28,53,3,0,4,88,1,762,0
1700000252961,252.96,4375,0.0,412.87,118.57,1666,0,,31,59,6,0,1,97,0,762,0
1700000253028,253.03,4337,367.46,406.06,100.78,1671,0,,9,43,3,0,2,57,0,762,1
1700000253094,253.09,4326,0.0,345.15,167.69,1493,0,,36,32,6,0,3,77,0,762,0
1700000253161,253.16,4373,0.0,293.38,142.54,1420,0,,43,13,5,0,2,63,0,762,0
1700000253228,253.23,4362,0.0,249.37,121.16,1358,0,,19,28,5,0,2,54,0,762,0
1700000253294,253.29,4475,0.0,211.97,206.71,1202,0,,22,57,4,0,1,84,0,762,0
1700000253361,253.36,4370,1387.35,388.27,336.42,1410,0,,31,67,4,0,1,103,0,762,0
1700000253428,253.43,4290,719.92,438.02,23.75,1801,0,,15,48,3,0,1,67,0,763,1
1700000253494,253.49,4274,0.0,372.32,180.89,1531,0,,16,51,2,0,2,71,0,763,1
1700000253561,253.56,4303,0.0,316.47,85.63,1519,0,,42,14,2,0,4,62,0,763,0
1700000253628,253.63,4347,1072.38,429.86,318.87,1505,0,,39,38,3,0,3,83,0,763,0
1700000253694,253.69,4160,1102.38,530.73,31.65,1957,0,,40,17,3,0,1,61,1,763,0
1700000253761,253.76,4200,0.0,451.12,219.18,1641,0,,15,72,6,0,1,94,0,763,0
1700000253828,253.83,4278,0.0,383.46,186.3,1547,0,,22,59,6,0,4,91,0,763,0
1700000253894,253.89,4402,0.0,325.94,94.42,1529,0,,23,46,3,0,3,75,0,764,0
1700000253961,253.96,4369,1132.37,446.9,130.48,1717,0,,22,57,5,0,2,86,0,764,0
1700000254028,254.03,4251,224.98,413.61,81.61,1703,0,,31,44,5,0,3,83,1,764,0
1700000254094,254.09,4339,269.97,392.07,119.59,1627,0,,39,45,6,0,4,94,0,764,0
1700000254161,254.16,4215,0.0,333.26,108.35,1529,0,,4,16,6,0,3,29,1,764,0
1700000254228,254.23,4355,239.97,319.26,31.79,1577,0,,42,31,6,0,4,83,0,764,0
1700000254294,254.29,4183,554.94,354.62,26.55,1647,0,,39,28,3,0,1,71,0,764,0
1700000254361,254.36,4281,0.0,301.42,34.29,1541,0,,7,71,5,0,4,87,0,765,0
1700000254428,254.43,4352,502.44,331.58,200.2,1436,0,,13,72,6,0,2,93,0,765,0
1700000254494,254.49,4214,1027.39,435.95,121.62,1706,0,,20,65,3,0,4,92,0,765,1
1700000254561,254.56,4215,284.97,413.3,125.97,1660,0,,21,48,6,0,2,77,0,766,0
1700000254628,254.63,4176,0.0,351.31,170.68,1502,0,,40,67,3,0,1,111,0,766,0
1700000254694,254.69,4346,0.0,298.61,79.24,1492,0,,6,71,2,0,4,83,0,766,0
1700000254761,254.76,4317,1004.89,404.55,67.35,1700,0,,2,28,6,0,3,39,1,766,0
1700000254828,254.83,4212,0.0,343.87,167.07,1492,0,,10,21,3,0,1,35,0,766,0
1700000254894,254.89,4345,0.0,292.29,274.83,1288,0,,12,33,2,0,1,48,0,766,0
1700000254961,254.96,4334,1867.29,528.54,233.6,1768,0,,5,17,5,0,4,31,0,766,0
1700000255028,255.03,4096,0.0,449.26,218.28,1638,0,,41,31,4,0,2,78,0,766,0
1700000255095,255.1,4364,0.0,381.87,88.44,1638,0,,35,72,2,0,1,110,0,766,0
1700000255161,255.16,4317,434.95,389.83,124.04,1619,0,,15,32,4,0,3,54,2,766,0
1700000255228,255.23,4306,892.4,465.22,209.22,1676,0,,18,41,3,0,2,64,0,766,0
1700000255295,255.3,4198,899.9,530.42,21.37,1966,1,Arah 12,16,36,5,0,4,61,0,766,0
1700000255361,255.36,4186,0.0,450.86,13.14,1834,1,Arah 12,28,54,2,0,1,85,0,766,0
1700000255428,255.43,4304,922.4,521.59,89.27,1889,1,Arah 12,19,18,3,0,4,44,0,766,0
1700000255495,255.5,4063,449.95,510.84,130.03,1833,1,Arah 12,22,74,5,0,1,102,0,766,0
1700000255561,255.56,4244,0.0,434.22,210.97,1618,1,Arah 12,34,56,4,0,2,96,0,766,0
1700000255628,255.63,4166,0.0,369.08,179.32,1527,1,Arah 12,12,33,6,0,1,52,0,766,0
1700000255695,255.7,4271,0.0,313.72,152.42,1449,1,Arah 12,13,66,4,0,3,86,0,766,0
1700000255761,255.76,4310,0.0,266.66,82.69,1429,1,Arah 12,5,43,4,0,2,54,0,766,0
1700000255828,255.83,4314,209.98,258.16,333.16,1164,1,Arah 12,42,42,6,0,3,93,0,766,0
1700000255895,255.9,4282,1807.3,490.53,376.93,1563,1,Arah 12,26,47,2,0,4,79,0,766,1
1700000255961,255.96,4073,629.93,511.44,83.05,1877,1,Arah 12,18,24,6,0,1,49,0,767,0
1700000256028,256.03,4198,0.0,434.72,90.68,1733,1,Arah 12,28,13,6,0,2,49,0,767,0
1700000256095,256.1,4290,539.94,450.51,45.27,1804,1,Arah 12,23,54,5,0,2,84,0,767,0
1700000256161,256.16,4126,142.48,404.3,70.29,1697,1,Arah 12,2,74,2,0,1,79,0,767,0
1700000256228,256.23,4271,397.46,403.28,177.97,1592,1,Arah 12,25,28,4,0,2,59,1,767,0
1700000256295,256.3,4073,1207.37,523.89,62.55,1918,1,Arah 12,28,50,2,0,1,81,0,767,0
1700000256361,256.36,4110,0.0,445.31,216.36,1633,1,Arah 12,8,50,5,0,4,67,1,767,0
1700000256428,256.43,4167,0.0,378.51,183.9,1540,1,Arah 12,24,12,4,0,2,42,0,767,0
1700000256495,256.5,4260,0.0,321.73,27.83,1585,1,Arah 12,22,50,2,0,2,76,0,767,1
1700000256561,256.56,4208,824.91,397.21,177.67,1581,1,Arah 12,11,54,4,0,2,71,0,767,1
1700000256628,256.63,4150,689.92,441.12,16.39,1814,1,Arah 12,12,61,3,0,2,78,3,767,0
1700000256695,256.7,4116,74.99,386.2,167.94,1570,1,Arah 12,17,36,5,0,4,62,0,767,0
1700000256761,256.76,4140,0.0,328.27,159.49,1470,1,Arah 12,39,41,5,0,4,89,0,767,0
1700000256828,256.83,4179,0.0,279.03,135.57,1400,1,Arah 12,27,60,3,0,4,94,2,767,0
1700000256895,256.9,4179,0.0,237.17,83.98,1371,1,Arah 12,34,59,2,0,1,96,1,767,0
1700000256961,256.96,4185,892.4,335.46,71.38,1569,1,Arah 12,43,58,5,0,3,109,0,767,0
1700000257028,257.03,4060,0.0,285.14,138.54,1409,1,Arah 12,25,71,5,0,1,102,1,767,0
1700000257095,257.1,4299,0.0,242.37,376.09,1091,1,Arah 12,29,68,4,0,3,104,0,767,1
1700000257161,257.16,4245,2212.25,537.85,396.68,1631,1,Arah 12,9,32,4,0,2,47,0,767,0
1700000257228,257.23,4004,344.96,508.92,156.67,1805,1,Arah 12,17,17,4,0,1,39,0,767,0
1700000257295,257.3,4199,0.0,432.58,36.07,1780,1,Arah 12,24,63,6,0,4,97,1,767,0
1700000257361,257.36,4004,779.91,484.68,30.66,1878,1,Arah 12,17,43,2,0,4,66,0,767,0
1700000257428,257.43,4095,0.0,411.98,32.76,1746,1,Arah 12,37,73,3,0,2,115,0,767,0
1700000257495,257.5,4031,749.92,462.67,27.84,1841,1,Arah 12,30,35,3,0,4,72,0,767,0
1700000257561,257.56,3995,0.0,393.27,191.07,1561,1,Arah 12,27,46,2,0,2,77,0,767,0
1700000257628,257.63,4161,0.0,334.28,112.19,1527,1,Arah 12,33,23,2,0,2,60,0,767,0
1700000257695,257.7,4036,224.98,317.88,95.36,1513,1,Arah 12,13,56,2,0,2,73,0,767,0
1700000257761,257.76,4131,0.0,270.2,131.28,1388,0,,27,44,6,0,4,81,0,767,0
1700000257828,257.83,4182,0.0,229.67,73.08,1368,0,,23,18,3,0,4,48,0,767,0
1700000257895,257.9,4153,172.48,221.09,62.12,1362,0,,24,69,4,0,4,101,0,767,0
1700000257961,257.96,4159,0.0,187.93,99.54,1262,0,,2,61,2,0,1,66,0,767,0
1700000258028,258.03,4187,854.91,287.97,349.11,1206,0,,44,24,6,0,2,76,0,767,0
1700000258095,258.1,4045,1184.87,422.51,105.9,1696,0,,26,34,6,0,4,70,0,767,0
1700000258162,258.16,4029,0.0,359.13,174.49,1513,0,,31,48,4,0,4,87,0,768,0
1700000258228,258.23,4111,0.0,305.26,148.31,1437,0,,12,13,3,0,2,30,2,768,0
1700000258295,258.3,4101,0.0,259.47,126.07,1372,0,,28,35,3,0,2,68,0,768,0
1700000258362,258.36,4178,0.0,220.55,102.1,1322,0,,23,43,4,0,2,72,1,769,0
1700000258428,258.43,4189,937.4,328.08,334.54,1297,0,,18,66,4,0,4,92,0,769,0
1700000258495,258.5,4053,1109.88,445.35,75.11,1767,0,,17,35,4,0,2,58,0,769,0
1700000258562,258.56,4041,0.0,378.55,165.96,1558,0,,13,55,5,0,3,76,0,769,0
1700000258628,258.63,4075,1567.33,556.86,141.06,1904,0,,10,65,2,0,2,79,0,769,0
1700000258695,258.7,3832,0.0,473.33,229.97,1671,0,,35,18,5,0,2,60,0,769,0
1700000258762,258.76,4099,0.0,402.33,58.2,1704,0,,18,12,6,0,2,38,1,769,0
1700000258828,258.83,3851,614.93,434.22,49.47,1770,0,,34,43,5,0,4,86,0,769,0
1700000258895,258.9,4017,0.0,369.09,179.32,1527,0,,18,26,5,0,4,53,0,770,0
1700000258962,258.96,4038,0.0,313.73,152.43,1449,0,,4,68,6,0,4,82,0,770,0
1700000259028,259.03,4026,0.0,266.67,7.71,1502,0,,2,51,4,0,1,58,0,770,0
1700000259095,259.1,4057,614.93,318.91,125.41,1485,0,,2,51,3,0,3,59,0,770,0
1700000259162,259.16,3944,532.44,350.94,30.67,1636,0,,32,32,3,0,4,71,1,770,0
1700000259228,259.23,3986,0.0,298.3,144.93,1427,0,,4,61,2,0,4,71,0,770,0
1700000259295,259.3,3991,0.0,253.55,103.1,1384,0,,24,56,3,0,2,85,0,771,0
1700000259362,259.36,4088,89.99,229.02,77.59,1362,0,,9,59,2,0,2,72,0,772,0
1700000259428,259.43,3979,45.0,201.41,31.14,1355,0,,11,32,3,0,2,48,0,772,0
1700000259495,259.5,4082,524.94,249.94,193.88,1287,0,,41,68,3,0,4,116,0,772,0
1700000259562,259.56,3909,794.91,331.69,47.61,1584,0,,41,67,4,0,2,114,1,773,0
1700000259628,259.63,3976,0.0,281.94,136.98,1404,0,,26,58,3,0,4,91,1,774,0
1700000259695,259.7,3960,0.0,239.65,116.43,1344,0,,21,53,4,0,1,79,0,774,0
1700000259762,259.76,4147,0.0,203.7,274.34,1118,0,,16,59,6,0,3,84,0,774,0
1700000259828,259.83,3990,1672.31,423.99,233.19,1577,0,,21,20,2,0,4,47,0,774,0
1700000259895,259.9,3924,0.0,360.39,175.1,1515,0,,6,12,3,0,3,24,0,774,0
1700000259962,259.96,4012,0.0,306.33,148.83,1439,0,,39,18,3,0,3,63,0,774,0
1700000260028,260.03,4026,0.0,260.38,17.7,1480,0,,43,63,4,0,1,111,0,774,0
1700000260095,260.1,4050,487.45,294.44,199.24,1367,0,,20,20,4,0,4,48,0,774,0
1700000260162,260.16,3961,959.89,394.26,85.65,1664,0,,19,71,4,0,4,98,0,774,0
1700000260228,260.23,3922,112.49,351.99,141.48,1532,0,,7,61,5,0,3,76,2,775,0
1700000260295,260.3,3946,0.0,299.2,145.37,1429,0,,8,44,5,0,4,61,1,775,0
1700000260362,260.36,4148,0.0,254.32,258.12,1232,0,,25,33,6,0,4,68,0,775,0
1700000260428,260.43,3981,1709.81,472.64,219.4,1680,0,,30,65,3,0,2,100,0,775,0
1700000260495,260.5,3920,0.0,401.74,131.58,1634,0,,17,36,6,0,1,60,0,775,0
1700000260562,260.56,3988,284.97,384.23,2.0,1724,0,,35,62,4,0,2,103,1,776,0
1700000260628,260.63,3882,509.94,403.09,18.39,1743,0,,36,72,3,0,2,113,0,776,0
1700000260695,260.7,3920,194.98,371.87,84.27,1624,0,,28,36,4,0,4,72,1,776,0
1700000260762,260.76,3856,202.48,346.46,115.15,1547,0,,29,65,5,0,3,102,0,776,1
1700000260828,260.83,3893,0.0,294.49,143.08,1422,0,,13,47,6,0,3,69,0,777,0
1700000260895,260.9,3965,0.0,250.32,4.43,1474,0,,27,15,6,0,1,49,0,778,0
1700000260962,260.96,4112,524.94,291.51,434.83,1127,0,,18,62,3,0,1,84,1,778,0
1700000261029,261.03,3895,1964.78,542.5,252.42,1776,0,,37,69,4,0,1,111,0,778,0
1700000261095,261.1,3850,0.0,461.13,165.45,1710,0,,32,67,2,0,3,104,0,778,0
1700000261162,261.16,4051,262.47,431.33,159.02,1662,0,,37,12,3,0,4,56,1,778,0
1700000261229,261.23,3815,1342.35,567.98,76.58,1982,0,,32,42,3,0,4,81,0,779,0
1700000261295,261.3,3872,0.0,482.78,234.56,1684,0,,2,24,2,0,4,32,0,779,0
1700000261362,261.36,4058,0.0,410.37,60.1,1717,0,,34,39,6,0,1,80,1,779,1
1700000261429,261.43,4010,1162.37,523.17,236.9,1756,0,,44,56,2,0,2,104,0,779,0
1700000261495,261.5,3903,832.41,569.55,58.11,2001,0,,24,56,2,0,3,85,0,779,0
1700000261562,261.56,3899,0.0,484.12,156.53,1760,0,,40,13,2,0,3,58,0,779,0
1700000261629,261.63,4038,352.46,464.37,275.42,1612,0,,23,27,4,0,2,56,1,779,0
1700000261695,261.7,3852,1829.8,669.19,155.42,2084,0,,5,23,4,0,4,36,0,779,0
1700000261762,261.76,3794,0.0,568.81,276.36,1801,0,,19,45,4,0,3,71,0,779,0
1700000261829,261.83,3901,0.0,483.49,234.91,1685,0,,23,30,6,0,2,61,0,779,1
1700000261895,261.9,3862,0.0,410.96,131.03,1651,0,,16,14,4,0,1,35,1,779,1
1700000261962,261.96,3967,307.47,395.44,99.66,1652,0,,2,36,2,0,2,42,0,779,0
1700000262029,262.03,3821,52.49,344.0,96.43,1560,0,,4,21,6,0,2,33,0,779,0
1700000262095,262.1,3960,254.97,330.64,303.07,1333,0,,19,68,3,0,1,91,0,779,0
1700000262162,262.16,3787,1777.3,547.64,200.69,1833,0,,36,26,5,0,3,70,0,779,0
1700000262229,262.23,3723,0.0,465.5,226.16,1661,0,,3,27,6,0,4,40,0,779,0
1700000262295,262.3,4007,0.0,395.67,192.24,1564,0,,19,34,4,0,2,59,0,779,0
1700000262362,262.36,3866,0.0,336.32,93.09,1549,0,,40,49,5,0,3,97,0,779,0
1700000262429,262.43,4035,314.97,333.12,177.0,1462,0,,4,69,5,0,4,82,0,779,0
1700000262495,262.5,3824,1147.37,455.26,90.18,1770,0,,7,36,4,0,3,50,0,779,0
1700000262562,262.56,3882,45.0,393.72,4.67,1739,0,,36,68,4,0,2,110,0,780,0
1700000262629,262.63,3818,824.91,458.4,6.07,1854,0,,2,16,5,0,2,25,1,780,0
1700000262695,262.7,3772,0.0,389.64,189.31,1556,0,,30,26,3,0,2,61,0,781,0
1700000262762,262.76,3904,0.0,331.19,160.91,1474,0,,32,27,3,0,1,63,0,782,0
1700000262829,262.83,3882,0.0,281.51,136.77,1404,0,,21,43,6,0,2,72,0,783,0
1700000262895,262.9,3969,0.0,239.29,116.26,1344,0,,33,17,6,0,1,57,0,783,0
1700000262962,262.96,3986,0.0,203.39,98.82,1292,0,,2,34,6,0,2,44,1,783,0
1700000263029,263.03,4054,0.0,172.88,198.92,1134,0,,30,16,5,0,4,55,0,783,1
1700000263095,263.1,4027,1267.36,337.05,415.17,1234,0,,35,68,5,0,4,112,0,783,0
1700000263162,263.16,3885,1102.38,451.85,100.11,1755,0,,34,29,3,0,3,69,0,783,0
1700000263229,263.23,3880,134.99,404.32,160.99,1610,0,,43,70,2,0,2,117,0,783,0
1700000263295,263.3,3867,0.0,343.67,4.59,1648,0,,28,57,5,0,4,94,0,783,0
1700000263362,263.36,3903,727.42,401.24,155.13,1610,0,,34,74,3,0,3,114,0,783,0
1700000263429,263.43,3770,712.42,447.91,101.73,1746,0,,32,27,2,0,2,63,1,783,1
1700000263495,263.5,3808,592.43,469.59,160.13,1731,0,,13,67,6,0,3,89,1,783,0
1700000263562,263.56,3691,1042.38,555.51,3.86,2025,0,,30,12,4,0,4,50,0,783,0
1700000263629,263.63,3669,0.0,472.18,229.41,1670,0,,30,28,5,0,3,66,0,784,0
1700000263695,263.7,3955,0.0,401.36,59.45,1701,0,,34,41,2,0,3,80,0,785,0
1700000263762,263.76,3693,1139.87,512.13,50.54,1908,0,,28,74,5,0,1,108,0,785,0
1700000263829,263.83,3803,0.0,435.31,159.6,1669,0,,8,18,6,0,3,35,0,785,0
1700000263895,263.9,3938,232.47,404.89,51.83,1715,0,,4,25,6,0,1,36,0,785,0
1700000263962,263.96,3772,839.91,470.14,7.84,1873,0,,6,51,2,0,4,63,1,785,0
1700000264029,264.03,3826,0.0,399.62,194.16,1570,0,,7,18,6,0,3,34,1,785,0
1700000264096,264.1,3833,0.0,339.68,165.03,1486,0,,28,42,4,0,1,75,1,785,0
1700000264162,264.16,3831,0.0,288.73,90.74,1462,0,,5,18,2,0,2,27,0,785,0
1700000264229,264.23,3847,1034.89,400.65,165.85,1599,0,,9,58,4,0,4,75,1,785,0
1700000264296,264.3,3693,397.46,400.17,90.04,1670,0,,19,39,4,0,2,64,0,785,0
1700000264362,264.36,3794,0.0,340.14,165.26,1486,0,,18,16,4,0,4,42,1,785,0
1700000264429,264.43,3783,0.0,289.12,140.47,1414,0,,44,24,2,0,3,73,0,785,0
1700000264496,264.5,3901,0.0,245.75,87.59,1384,0,,19,47,5,0,3,74,0,786,0
1700000264562,264.56,3885,142.48,230.26,119.73,1323,0,,29,66,2,0,4,101,0,786,0
1700000264629,264.63,3882,869.9,326.21,130.23,1494,0,,35,63,2,0,1,101,0,786,0
1700000264696,264.7,3769,269.97,317.77,68.85,1538,0,,15,62,5,0,3,85,1,787,0
1700000264762,264.76,3846,682.42,372.47,110.42,1600,0,,15,63,4,0,3,85,0,787,0
1700000264829,264.83,3678,502.44,391.97,58.49,1685,0,,23,38,6,0,1,68,1,787,0
1700000264896,264.9,3779,0.0,333.17,136.11,1502,0,,13,28,6,0,4,51,0,788,0
1700000264962,264.96,3943,1334.85,483.42,410.32,1517,0,,31,57,4,0,4,96,0,788,0
1700000265029,265.03,3601,1319.85,608.89,141.19,1994,0,,42,48,4,0,2,96,0,788,0
1700000265096,265.1,3767,404.96,578.3,174.62,1911,1,Arah 12,36,20,4,0,3,63,1,788,0
1700000265162,265.16,3547,0.0,491.55,238.82,1696,1,Arah 12,5,13,4,0,3,25,0,789,0
1700000265229,265.23,3787,0.0,417.82,203.0,1595,1,Arah 12,39,55,2,0,2,98,0,789,0
1700000265296,265.3,3805,0.0,355.15,172.55,1507,1,Arah 12,6,68,6,0,3,83,0,789,0
1700000265362,265.36,3794,0.0,301.88,4.0,1571,1,Arah 12,38,23,2,0,2,65,0,789,0
1700000265429,265.43,3828,674.93,357.83,172.48,1513,1,Arah 12,18,67,2,0,1,88,0,790,0
1700000265496,265.5,3704,757.42,417.77,4.06,1783,1,Arah 12,13,61,4,0,2,80,0,790,0
1700000265562,265.56,3727,0.0,355.1,172.53,1507,1,Arah 12,18,58,5,0,1,82,0,790,0
1700000265629,265.63,3807,0.0,301.84,5.69,1569,1,Arah 12,10,65,3,0,1,79,0,790,0
1700000265696,265.7,3738,682.42,358.93,78.49,1605,1,Arah 12,23,56,3,0,4,86,0,790,0
1700000265762,265.76,3716,329.96,354.58,170.51,1508,1,Arah 12,17,58,3,0,1,79,1,791,0
1700000265829,265.83,3694,1147.37,473.5,71.28,1821,1,Arah 12,41,71,3,0,1,116,1,791,0
1700000265896,265.9,3563,0.0,402.48,195.55,1574,1,Arah 12,32,60,5,0,1,98,0,791,0
1700000265962,265.96,3778,0.0,342.1,59.07,1593,1,Arah 12,34,61,5,0,4,104,0,791,0
1700000266029,266.03,3605,479.95,362.78,50.21,1639,1,Arah 12,13,61,3,0,3,80,0,792,0
1700000266096,266.1,3714,0.0,308.36,27.61,1560,1,Arah 12,19,65,5,0,4,93,0,792,0
1700000266162,266.16,3687,547.44,344.22,23.47,1631,1,Arah 12,30,19,4,0,2,55,0,793,1
1700000266229,266.23,3641,0.0,292.59,30.0,1529,1,Arah 12,10,46,2,0,3,61,0,793,0
1700000266296,266.3,3692,502.44,324.07,25.5,1592,1,Arah 12,9,20,3,0,3,35,0,793,0
1700000266362,266.36,3574,0.0,275.46,133.83,1395,1,Arah 12,39,31,6,0,3,79,1,793,0
1700000266429,266.43,3698,0.0,234.14,36.91,1412,1,Arah 12,6,19,3,0,4,32,0,793,0
1700000266496,266.5,3581,674.93,300.26,31.37,1542,1,Arah 12,39,46,2,0,3,90,0,793,0
1700000266562,266.56,3608,0.0,255.22,124.0,1366,1,Arah 12,21,16,5,0,1,43,1,793,0
1700000266629,266.63,3683,0.0,216.94,105.4,1312,1,Arah 12,9,39,2,0,3,53,0,793,0
1700000266696,266.7,3719,0.0,184.4,94.56,1260,1,Arah 12,10,42,5,0,2,59,1,793,1
1700000266762,266.76,3719,824.91,280.47,194.21,1345,1,Arah 12,6,60,6,0,4,76,0,793,0
1700000266829,266.83,3609,509.94,314.89,19.07,1581,1,Arah 12,44,29,4,0,4,81,1,793,0
1700000266896,266.9,3651,0.0,267.66,130.04,1384,1,Arah 12,3,56,5,0,3,67,0,794,0
1700000266962,266.96,3640,0.0,227.51,110.54,1327,1,Arah 12,26,65,3,0,1,95,0,794,0
1700000267029,267.03,3707,0.0,193.38,34.95,1336,1,Arah 12,28,27,3,0,4,62,0,794,0
1700000267096,267.1,3693,577.44,250.99,29.7,1451,1,Arah 12,16,71,5,0,3,95,1,794,0
1700000267163,267.16,3630,0.0,213.34,103.65,1307,1,Arah 12,44,39,4,0,2,89,0,794,0
1700000267229,267.23,3709,0.0,181.34,55.86,1293,1,Arah 12,31,26,2,0,3,62,0,794,0
1700000267296,267.3,3823,644.93,250.88,278.5,1205,1,Arah 12,5,19,4,0,1,29,0,794,0
1700000267363,267.36,3623,1034.89,368.48,92.76,1609,1,Arah 12,31,18,5,0,1,55,0,794,0
1700000267429,267.43,3685,0.0,313.21,138.78,1462,1,Arah 12,27,61,6,0,4,98,0,794,0
1700000267496,267.5,3704,59.99,275.23,34.37,1492,1,Arah 12,8,28,6,0,3,45,0,794,0
1700000267563,267.56,3677,682.42,336.31,333.89,1314,1,Arah 12,9,31,6,0,4,50,0,794,0
1700000267629,267.63,3613,1424.84,499.59,236.94,1713,0,,41,45,4,0,2,92,0,794,0
1700000267696,267.7,3487,472.45,495.52,116.67,1818,0,,27,37,4,0,2,70,0,794,0
1700000267763,267.76,3550,0.0,421.19,35.56,1760,0,,28,45,2,0,1,76,0,794,0
1700000267829,267.83,3564,757.42,471.62,30.22,1855,0,,29,66,3,0,1,99,1,794,0
1700000267896,267.9,3449,0.0,400.88,194.77,1571,0,,30,48,2,0,3,83,0,794,0
1700000267963,267.96,3631,0.0,340.75,165.55,1487,0,,2,68,2,0,3,75,0,795,0
1700000268029,268.03,3765,0.0,289.63,281.14,1277,0,,36,60,4,0,2,102,0,795,1
1700000268096,268.1,3651,1889.79,529.66,238.97,1765,0,,37,31,2,0,1,71,0,795,0
1700000268163,268.16,3513,0.0,450.21,193.63,1664,0,,3,67,2,0,2,74,1,795,0
1700000268229,268.23,3664,112.49,399.55,31.28,1725,0,,34,37,5,0,3,79,0,795,0
1700000268296,268.3,3498,877.4,471.23,1.48,1881,0,,36,17,3,0,3,59,0,795,0
1700000268363,268.36,3547,0.0,400.54,77.42,1683,0,,5,33,3,0,1,42,0,795,0
1700000268429,268.43,3518,524.94,419.2,65.81,1728,0,,20,23,4,0,3,50,1,796,0
1700000268496,268.5,3477,0.0,356.32,173.12,1509,0,,8,70,6,0,1,85,0,796,0
1700000268563,268.56,3609,0.0,302.87,56.76,1522,0,,22,45,4,0,1,72,0,797,0
1700000268629,268.63,3604,404.96,318.19,31.5,1575,0,,25,74,4,0,1,104,1,797,0
1700000268696,268.7,3555,74.99,281.71,117.17,1423,0,,8,66,4,0,1,79,1,797,0
1700000268763,268.76,3594,0.0,239.45,42.7,1416,0,,15,57,2,0,3,77,0,797,0
1700000268829,268.83,3634,712.42,310.4,165.19,1430,0,,19,14,3,0,2,38,0,797,0
1700000268896,268.9,3499,577.44,350.45,18.62,1647,0,,4,13,6,0,3,26,1,797,0
1700000268963,268.96,3557,0.0,297.88,144.73,1427,0,,9,61,3,0,2,75,0,797,0
1700000269029,269.03,3695,0.0,253.2,52.76,1432,0,,24,65,6,0,2,97,0,798,0
1700000269096,269.1,3600,787.41,333.33,44.84,1590,0,,32,60,4,0,3,99,0,799,0
1700000269163,269.16,3590,0.0,283.33,37.22,1504,0,,41,19,2,0,3,65,0,799,0
1700000269229,269.23,3620,449.95,308.33,18.59,1569,0,,6,37,3,0,2,48,0,799,0
1700000269296,269.3,3530,224.98,295.82,84.64,1482,0,,15,12,6,0,2,35,0,800,0
1700000269363,269.36,3590,0.0,251.45,61.9,1420,0,,43,47,3,0,4,97,0,800,0
1700000269429,269.43,3695,269.97,254.23,196.82,1292,0,,14,27,3,0,2,46,0,800,0
1700000269496,269.5,3554,1117.38,383.7,158.92,1574,0,,4,39,4,0,3,50,0,800,0
1700000269563,269.56,3546,232.47,361.02,6.18,1678,0,,33,51,3,0,3,90,0,800,1
1700000269629,269.63,3523,539.94,387.85,46.64,1689,0,,37,17,3,0,3,60,0,800,0
1700000269696,269.7,3474,0.0,329.68,160.18,1472,0,,25,13,4,0,3,45,1,800,0
1700000269763,269.76,3544,0.0,280.23,116.06,1421,0,,2,44,3,0,2,51,0,800,0
1700000269829,269.83,3563,89.99,251.69,73.78,1409,0,,10,40,5,0,3,58,0,800,0
1700000269896,269.9,3532,772.41,329.8,42.62,1586,0,,38,12,6,0,1,57,0,801,0
1700000269963,269.96,3460,0.0,280.33,136.2,1402,0,,32,14,6,0,2,54,0,802,0
1700000270030,270.03,3538,0.0,238.28,115.77,1342,0,,8,59,3,0,4,74,1,802,0
1700000270096,270.1,3495,0.0,202.54,98.4,1291,0,,32,68,4,0,2,106,0,802,0
1700000270163,270.16,3582,0.0,172.16,378.39,1000,0,,16,44,4,0,4,68,0,802,0
1700000270230,270.23,3507,2069.77,456.8,321.64,1553,0,,29,49,6,0,3,87,0,802,0
1700000270296,270.3,3306,0.0,388.28,188.65,1554,0,,42,67,6,0,1,116,0,803,0
1700000270363,270.36,3578,0.0,330.04,33.84,1595,0,,9,37,3,0,2,51,0,803,0
1700000270430,270.43,3427,869.9,411.02,28.76,1748,0,,23,21,3,0,2,49,1,803,0
1700000270496,270.5,3462,0.0,349.36,96.08,1571,0,,2,59,4,0,1,66,0,803,0
1700000270563,270.56,3536,329.96,346.45,94.1,1567,0,,16,34,5,0,1,56,0,803,0
1700000270630,270.63,3418,787.41,412.6,6.33,1772,0,,31,29,6,0,1,67,0,803,0
1700000270696,270.7,3431,0.0,350.71,170.39,1501,0,,43,62,2,0,3,110,0,803,0
1700000270763,270.76,3542,0.0,298.1,144.83,1427,0,,11,41,6,0,4,62,0,803,0
1700000270830,270.83,3484,0.0,253.39,0.9,1483,0,,39,56,6,0,2,103,0,803,0
1700000270896,270.9,3547,547.44,297.49,236.95,1335,0,,11,56,3,0,2,72,0,804,0
1700000270963,270.96,3411,1064.88,412.6,79.2,1703,0,,20,69,6,0,2,97,0,804,0
1700000271030,271.03,3405,0.0,350.71,18.77,1647,0,,5,71,4,0,4,84,0,804,0
1700000271096,271.1,3490,847.41,425.22,221.86,1590,0,,24,26,4,0,4,58,0,804,0
1700000271163,271.16,3292,922.4,499.79,0.58,1932,0,,25,20,5,0,1,51,0,804,0
1700000271230,271.23,3367,0.0,424.82,206.4,1605,0,,36,66,3,0,2,107,0,804,0
1700000271296,271.3,3427,0.0,361.1,148.66,1542,0,,44,59,3,0,4,110,0,804,0
1700000271363,271.36,3550,119.99,324.93,280.43,1345,0,,6,52,3,0,4,65,0,804,0
1700000271430,271.43,3411,1822.3,549.54,211.58,1827,0,,23,14,4,0,1,42,1,805,0
1700000271496,271.5,3307,0.0,467.11,226.95,1663,0,,18,41,2,0,4,65,2,805,0
1700000271563,271.56,3454,0.0,397.04,192.91,1566,0,,7,22,3,0,2,34,0,805,0
1700000271630,271.63,3428,0.0,337.49,18.5,1623,0,,34,56,5,0,4,99,0,805,0
1700000271696,271.7,3469,817.41,409.47,15.73,1757,0,,14,38,4,0,4,60,0,805,0
1700000271763,271.76,3319,0.0,348.05,169.1,1497,0,,41,45,3,0,1,90,1,805,0
1700000271830,271.83,3504,0.0,295.84,70.08,1496,0,,18,41,4,0,2,65,0,805,0
1700000271896,271.9,3345,329.96,300.96,6.0,1567,0,,11,19,4,0,4,38,0,805,0
1700000271963,271.96,3460,239.97,291.81,16.82,1540,0,,40,67,3,0,4,114,0,805,0
1700000272030,272.03,3313,277.47,289.66,7.47,1545,0,,20,24,6,0,1,51,0,807,0
1700000272096,272.1,3423,337.46,296.83,113.49,1455,0,,38,60,2,0,1,101,0,807,0
1700000272163,272.16,3268,757.42,365.92,21.13,1673,0,,16,21,4,0,4,45,1,808,0
1700000272230,272.23,3322,0.0,311.03,151.12,1445,0,,7,21,3,0,4,35,1,809,0
1700000272296,272.3,3456,0.0,264.38,199.66,1309,0,,8,63,5,0,2,78,0,810,0
1700000272363,272.36,3616,1469.84,445.2,563.12,1295,0,,28,73,4,0,3,108,0,811,0
1700000272430,272.43,3260,1762.3,642.76,150.54,2044,0,,33,68,4,0,4,109,0,811,0
1700000272496,272.5,3381,0.0,546.35,265.45,1771,0,,37,48,6,0,1,92,0,811,0
1700000272563,272.56,3333,0.0,464.4,91.71,1785,0,,16,49,6,0,4,75,1,811,0
1700000272630,272.63,3437,599.93,484.73,25.84,1882,0,,42,40,2,0,1,85,0,811,0
1700000272696,272.7,3253,464.95,481.76,111.96,1798,0,,7,22,3,0,4,36,0,811,0
1700000272763,272.76,3375,0.0,409.5,198.96,1583,0,,10,17,3,0,4,34,0,811,0
1700000272830,272.83,3348,0.0,348.07,169.11,1498,0,,33,23,2,0,4,62,0,811,0
1700000272896,272.9,3471,0.0,295.86,19.87,1545,0,,4,39,2,0,3,48,0,812,0
1700000272963,272.96,3497,554.94,334.72,353.08,1292,0,,31,47,4,0,3,85,0,813,0
1700000273030,273.03,3397,1657.32,533.11,246.55,1765,0,,28,39,4,0,1,72,0,813,0
1700000273097,273.1,3276,314.97,500.39,160.4,1786,0,,35,52,6,0,3,96,0,813,0
1700000273163,273.16,3355,0.0,425.33,116.25,1691,0,,24,38,6,0,2,70,0,814,0
1700000273230,273.23,3333,404.96,422.27,98.81,1702,0,,32,68,4,0,2,106,0,814,0
1700000273297,273.3,3301,0.0,358.93,174.39,1513,0,,14,64,4,0,1,83,0,814,0
1700000273363,273.36,3399,0.0,305.09,144.88,1440,0,,41,36,4,0,4,85,0,814,0
1700000273430,273.43,3446,15.0,261.58,35.88,1465,0,,5,48,2,0,3,58,0,814,0
1700000273497,273.5,3397,712.42,329.21,268.22,1365,0,,32,31,2,0,1,66,0,814,0
1700000273563,273.56,3351,1079.88,441.81,68.95,1766,0,,32,30,5,0,1,68,0,815,0
1700000273630,273.63,3253,0.0,375.54,182.46,1536,0,,21,27,4,0,2,54,0,815,0
1700000273697,273.7,3362,0.0,319.21,57.52,1552,0,,11,54,4,0,3,72,0,815,0
1700000273763,273.76,3292,952.39,414.18,147.66,1641,0,,35,39,6,0,1,81,0,816,0
1700000273830,273.83,3235,442.45,418.42,87.1,1706,0,,19,34,3,0,2,58,0,816,0
1700000273897,273.9,3233,0.0,355.66,172.8,1508,0,,3,64,4,0,2,73,0,816,0
1700000273963,273.96,3383,0.0,302.31,94.98,1484,0,,31,65,6,0,1,103,0,816,0
1700000274030,274.03,3415,232.47,291.84,193.81,1367,0,,9,15,6,0,4,34,0,817,0
1700000274097,274.1,3352,1229.86,432.54,218.31,1607,0,,24,36,4,0,2,66,0,817,1
1700000274163,274.16,3251,472.45,438.53,45.46,1782,0,,42,53,4,0,4,103,0,817,0
1700000274230,274.23,3289,194.98,401.99,144.11,1622,0,,3,56,6,0,4,69,1,817,0
1700000274297,274.3,3225,0.0,341.69,166.01,1489,0,,40,22,2,0,3,67,0,818,1
1700000274363,274.36,3326,0.0,290.44,128.41,1429,0,,30,50,3,0,3,86,1,818,1
1700000274430,274.43,3247,1207.37,427.98,109.15,1703,0,,38,46,2,0,4,90,0,818,0
1700000274497,274.5,3165,0.0,363.78,176.75,1520,0,,3,15,6,0,2,26,1,818,0
1700000274563,274.56,3265,0.0,309.22,150.23,1443,0,,11,14,3,0,1,29,2,818,0
1700000274630,274.63,3165,0.0,262.83,127.7,1377,0,,36,60,4,0,3,103,0,819,0
1700000274697,274.7,3309,0.0,223.41,48.28,1380,0,,31,42,4,0,4,81,0,821,0
1700000274763,274.76,3228,269.97,230.39,41.04,1401,0,,37,42,3,0,4,86,0,822,0
1700000274830,274.83,3273,0.0,195.83,56.64,1320,0,,38,41,3,0,4,86,0,822,0
1700000274897,274.9,3317,172.48,192.33,10.44,1359,0,,18,14,6,0,1,39,0,823,0
1700000274963,274.96,3250,262.47,202.85,29.63,1360,1,Arah 12,26,15,5,0,1,47,0,823,0
1700000275030,275.03,3282,0.0,172.42,83.77,1248,1,Arah 12,6,17,6,0,4,33,0,823,0
1700000275097,275.1,3310,0.0,146.56,193.29,1089,1,Arah 12,37,53,3,0,4,97,0,823,0
1700000275163,275.16,3295,1184.87,302.31,164.3,1416,1,Arah 12,17,16,2,0,3,38,0,823,0
1700000275230,275.23,3152,0.0,256.96,124.85,1369,1,Arah 12,29,26,3,0,3,61,0,823,0
1700000275297,275.3,3321,0.0,218.42,106.12,1314,1,Arah 12,35,47,6,0,4,92,0,823,0
1700000275363,275.36,3205,0.0,185.65,90.2,1267,1,Arah 12,41,49,6,0,3,99,0,823,0
1700000275430,275.43,3382,0.0,157.81,50.56,1253,1,Arah 12,28,40,5,0,2,75,0,823,0
1700000275497,275.5,3316,569.94,219.63,61.39,1360,1,Arah 12,5,13,3,0,1,22,0,823,0
1700000275563,275.56,3306,82.49,199.06,166.02,1217,1,Arah 12,35,27,4,0,4,70,0,823,0
1700000275630,275.63,3305,1079.88,331.18,122.7,1511,1,Arah 12,31,43,2,0,2,78,0,823,0
1700000275697,275.7,3162,0.0,281.5,136.77,1404,1,Arah 12,3,16,3,0,3,25,0,824,0
1700000275763,275.76,3358,0.0,239.28,384.29,1077,1,Arah 12,11,20,3,0,2,36,1,824,0
1700000275830,275.83,3274,2242.25,539.72,346.73,1682,1,Arah 12,5,40,5,0,1,51,0,824,1
1700000275897,275.9,3059,89.99,472.26,205.82,1692,1,Arah 12,4,73,5,0,3,85,1,824,0
1700000275963,275.96,3262,0.0,401.42,118.03,1646,1,Arah 12,25,34,2,0,1,62,0,824,0
1700000276030,276.03,3097,344.96,392.95,100.32,1647,1,Arah 12,24,49,6,0,2,81,0,824,0
1700000276097,276.1,3216,0.0,334.01,162.28,1478,1,Arah 12,8,37,5,0,2,52,0,824,0
1700000276164,276.16,3188,0.0,283.91,62.95,1480,1,Arah 12,20,27,4,0,2,53,0,824,0
1700000276230,276.23,3242,899.9,376.31,199.15,1521,1,Arah 12,8,23,4,0,1,36,0,824,0
1700000276297,276.3,3068,652.43,417.73,31.61,1757,1,Arah 12,14,19,5,0,1,39,0,825,0
1700000276364,276.36,3155,0.0,355.07,172.51,1507,1,Arah 12,39,63,5,0,4,111,0,826,0
1700000276430,276.43,3342,0.0,301.81,35.84,1540,1,Arah 12,29,14,6,0,3,52,0,826,0
1700000276497,276.5,3157,817.41,379.15,58.92,1661,1,Arah 12,28,44,3,0,1,76,0,826,0
1700000276564,276.56,3233,127.49,341.4,40.04,1610,1,Arah 12,34,29,2,0,2,67,0,826,0
1700000276630,276.63,3140,772.41,406.05,218.18,1558,1,Arah 12,41,12,2,0,4,59,0,826,0
1700000276697,276.7,3130,952.39,488.0,13.02,1900,1,Arah 12,37,14,3,0,4,58,0,826,1
1700000276764,276.76,3013,0.0,414.8,201.53,1591,1,Arah 12,33,52,3,0,2,90,0,826,0
1700000276830,276.83,3186,0.0,352.58,26.23,1644,1,Arah 12,31,71,3,0,1,106,0,826,0
1700000276897,276.9,3079,884.9,432.43,64.15,1753,1,Arah 12,28,32,2,0,2,64,0,827,0
1700000276964,276.96,3068,187.48,395.69,143.01,1611,1,Arah 12,35,74,4,0,2,115,1,827,0
1700000277030,277.03,3054,0.0,336.33,163.41,1481,1,Arah 12,33,39,2,0,1,75,2,827,0
1700000277097,277.1,3164,0.0,285.88,231.07,1319,1,Arah 12,42,60,6,0,1,109,0,827,0
1700000277164,277.16,3108,1657.32,491.6,414.03,1529,1,Arah 12,26,22,5,0,3,56,0,827,0
1700000277230,277.23,2943,974.89,564.09,18.04,2027,1,Arah 12,39,49,3,0,3,94,0,828,0
1700000277297,277.3,2978,0.0,479.48,232.96,1680,1,Arah 12,42,36,5,0,3,86,0,828,0
1700000277364,277.36,3123,0.0,407.56,60.74,1712,1,Arah 12,44,71,2,0,3,120,0,829,0
1700000277430,277.43,3062,614.93,438.66,51.63,1776,0,,7,14,5,0,2,28,0,829,0
1700000277497,277.5,3041,0.0,372.86,181.16,1532,0,,9,55,4,0,1,69,0,829,0
1700000277564,277.56,3084,0.0,316.93,153.98,1454,0,,20,23,4,0,3,50,0,829,0
1700000277630,277.63,3164,0.0,269.39,8.68,1506,0,,7,47,4,0,2,60,0,830,0
1700000277697,277.7,3135,547.44,311.1,153.33,1443,0,,13,19,6,0,1,39,0,830,0
1700000277764,277.76,3091,719.92,372.42,70.06,1638,0,,20,27,6,0,1,54,0,831,0
1700000277830,277.83,3039,277.47,358.18,101.15,1582,0,,37,21,5,0,1,64,0,831,0
1700000277897,277.9,3054,0.0,304.45,11.11,1569,0,,27,74,6,0,4,111,0,832,0
1700000277964,277.96,3080,712.42,365.65,9.45,1684,0,,20,69,6,0,4,99,0,832,0
1700000278030,278.03,2959,0.0,310.8,151.0,1445,0,,28,18,4,0,4,54,0,833,0
1700000278097,278.1,3151,0.0,264.18,188.04,1320,0,,29,34,3,0,1,67,0,833,0
1700000278164,278.16,3147,1417.34,437.16,188.29,1645,0,,37,57,5,0,2,101,1,834,0
1700000278230,278.23,2962,127.49,390.7,156.35,1589,0,,2,33,3,0,3,41,0,834,0
1700000278297,278.3,3130,0.0,332.1,166.76,1470,0,,26,14,4,0,3,47,1,834,0
1700000278364,278.36,3096,1469.84,502.76,141.75,1808,0,,21,25,4,0,4,54,0,835,0
1700000278430,278.43,2934,0.0,427.35,207.63,1608,0,,24,63,2,0,4,93,0,835,0
1700000278497,278.5,3140,0.0,363.24,96.13,1596,0,,23,32,2,0,3,60,0,835,0
1700000278564,278.56,2960,359.96,362.75,81.71,1609,0,,3,53,4,0,1,61,0,835,0
1700000278630,278.63,3092,0.0,308.34,111.34,1479,0,,29,57,2,0,3,91,0,835,0
1700000278697,278.7,3116,1169.87,437.57,260.37,1576,0,,28,61,4,0,3,96,0,836,0
1700000278764,278.76,2936,742.42,483.3,39.83,1867,0,,32,61,4,0,4,101,1,836,0
1700000278830,278.83,3017,0.0,410.8,154.39,1628,0,,7,57,2,0,3,69,0,836,0
1700000278897,278.9,3059,202.48,379.55,14.41,1704,0,,10,74,4,0,1,89,0,837,0
1700000278964,278.96,2990,652.43,420.48,32.95,1761,0,,25,47,4,0,2,78,0,837,0
1700000279031,279.03,2972,0.0,357.41,173.65,1511,0,,19,66,2,0,4,91,0,837,0
1700000279097,279.1,3049,0.0,303.8,28.17,1551,0,,8,12,4,0,1,25,0,837,0
1700000279164,279.16,3012,787.41,376.34,249.94,1472,0,,18,15,4,0,3,40,0,838,1
1700000279231,279.23,2944,1012.39,471.75,36.68,1849,0,,39,64,3,0,3,109,0,838,0
1700000279297,279.3,2877,0.0,400.99,194.82,1571,0,,9,17,4,0,2,32,0,838,0
1700000279364,279.36,3018,0.0,340.84,165.6,1487,0,,37,32,3,0,3,75,0,839,1
1700000279431,279.43,2939,0.0,289.71,140.76,1415,0,,30,66,5,0,3,104,0,839,0
1700000279497,279.5,3022,0.0,246.26,15.85,1455,0,,36,22,5,0,1,64,0,839,0
1700000279564,279.56,3153,464.95,279.06,132.17,1403,0,,3,53,3,0,2,61,0,839,1
1700000279631,279.63,2960,652.43,335.06,142.47,1499,0,,42,65,4,0,4,115,0,840,1
1700000279697,279.7,3066,599.93,374.8,208.15,1510,0,,29,65,2,0,4,100,0,840,0
1700000279764,279.76,2880,1042.38,474.93,43.01,1849,0,,15,23,2,0,3,43,0,840,0
1700000279831,279.83,2927,0.0,403.69,196.14,1575,0,,41,63,6,0,2,112,0,841,0
1700000279897,279.9,3032,0.0,343.14,113.15,1543,0,,44,44,3,0,3,94,0,841,0
1700000279964,279.96,2958,239.97,327.66,96.17,1530,0,,25,37,6,0,3,71,0,841,1
1700000280031,280.03,3000,0.0,278.51,8.65,1523,0,,31,12,2,0,3,48,0,841,0
1700000280097,280.1,3082,644.93,333.48,52.55,1583,0,,43,22,4,0,3,72,0,841,0
1700000280164,280.16,2914,202.48,313.83,99.3,1501,0,,23,39,2,0,4,68,1,841,0
1700000280231,280.23,3055,0.0,266.75,67.66,1443,0,,23,61,4,0,2,90,0,841,0
1700000280297,280.3,2953,277.47,268.36,57.51,1456,0,,26,48,5,0,3,82,0,842,0
1700000280364,280.36,3018,0.0,228.11,104.13,1334,0,,42,56,6,0,4,108,0,842,0
1700000280431,280.43,3091,30.0,198.39,149.2,1233,0,,19,19,5,0,1,44,0,842,0
1700000280497,280.5,3014,1064.88,328.36,379.6,1253,0,,30,22,3,0,3,58,0,842,0
1700000280564,280.56,2949,1162.37,453.46,254.03,1612,0,,23,32,6,0,4,65,0,842,0
1700000280631,280.63,2859,757.42,499.06,43.55,1891,0,,19,56,5,0,3,83,0,842,0
1700000280697,280.7,2848,0.0,424.2,206.1,1604,0,,23,36,2,0,1,62,0,842,0
1700000280764,280.76,2933,0.0,360.57,99.85,1588,0,,4,19,6,0,3,32,2,842,0
1700000280831,280.83,2985,337.46,357.1,84.87,1596,0,,29,34,3,0,2,68,0,842,0
1700000280897,280.9,2888,0.0,303.54,147.48,1435,0,,2,52,2,0,4,60,0,845,0
1700000280964,280.96,3035,0.0,258.01,125.35,1370,0,,38,43,3,0,1,85,1,845,0
1700000281031,281.03,3067,0.0,219.31,142.88,1279,0,,4,33,2,0,1,40,0,846,0
1700000281097,281.1,3112,1117.38,354.02,670.54,1012,0,,41,42,3,0,4,90,1,846,0
1700000281164,281.16,2918,2459.73,669.87,320.52,1939,0,,24,34,4,0,3,65,0,846,0
1700000281231,281.23,2784,0.0,569.39,276.64,1802,0,,28,57,4,0,2,91,0,846,0
1700000281297,281.3,2980,0.0,483.98,235.15,1686,0,,16,36,3,0,1,56,1,846,0
1700000281364,281.36,2832,0.0,411.39,199.87,1586,0,,11,34,5,0,4,54,0,846,0
1700000281431,281.43,3022,0.0,349.68,81.17,1586,0,,37,72,6,0,3,118,0,846,0
1700000281497,281.5,3090,397.46,356.84,118.5,1563,0,,33,59,2,0,1,95,0,846,0
1700000281564,281.56,2969,839.91,429.3,42.13,1768,0,,28,37,4,0,1,70,0,846,0
1700000281631,281.63,2978,134.99,385.16,151.68,1584,0,,32,15,3,0,1,51,0,846,0
1700000281697,281.7,2951,0.0,327.38,159.06,1468,0,,38,63,3,0,4,108,0,846,0
1700000281764,281.76,2985,0.0,278.28,126.83,1407,0,,30,23,2,0,2,57,0,846,0
1700000281831,281.83,2989,37.5,242.16,22.77,1441,0,,3,31,5,0,3,42,1,847,0
1700000281897,281.9,2980,584.94,293.57,128.17,1435,0,,37,62,5,0,3,107,0,848,0
1700000281964,281.96,2911,524.94,328.28,6.82,1617,0,,30,54,3,0,3,90,0,848,0
1700000282031,282.03,2910,127.49,298.16,97.99,1473,0,,19,27,5,0,4,55,0,849,0
1700000282098,282.1,2894,59.99,262.44,117.59,1386,0,,37,32,6,0,2,77,0,850,0
1700000282164,282.16,2902,1027.39,377.18,228.86,1494,0,,9,63,5,0,2,79,0,850,0
1700000282231,282.23,2757,637.43,416.22,34.82,1752,0,,40,39,4,0,3,86,0,850,0
1700000282298,282.3,2817,0.0,353.78,171.89,1506,0,,28,41,3,0,2,74,0,850,0
1700000282364,282.36,2996,0.0,300.72,141.08,1436,0,,37,61,2,0,1,101,0,850,0
1700000282431,282.43,2957,22.5,258.98,15.68,1479,0,,35,38,6,0,1,80,1,850,0
1700000282498,282.5,2993,607.43,311.25,97.03,1499,0,,29,14,2,0,1,46,1,850,0
1700000282564,282.56,2876,397.46,324.18,53.12,1565,0,,8,71,6,0,1,86,1,851,0
1700000282631,282.63,2940,0.0,275.55,251.15,1279,0,,8,56,6,0,1,71,0,851,0
1700000282698,282.7,2933,1724.81,492.94,603.53,1346,0,,5,29,3,0,1,38,1,851,0
1700000282764,282.76,2710,1747.31,681.1,127.97,2128,0,,17,38,2,0,4,61,0,851,0
1700000282831,282.83,2700,0.0,578.93,281.28,1815,0,,2,55,2,0,3,62,1,851,0
1700000282898,282.9,2797,0.0,492.09,239.09,1697,0,,38,42,3,0,4,87,0,852,0
1700000282964,282.96,2940,0.0,418.28,74.67,1718,0,,21,72,6,0,1,100,0,853,0
1700000283031,283.03,2899,1244.86,542.27,306.21,1725,0,,2,56,6,0,3,67,0,854,0
1700000283098,283.1,2774,1087.38,624.03,17.62,2128,0,,28,23,6,0,1,58,0,854,0
1700000283164,283.16,2754,0.0,530.43,257.71,1749,0,,18,38,4,0,4,64,0,855,0
1700000283231,283.23,2800,0.0,450.86,90.15,1762,0,,44,25,4,0,4,77,0,857,0
1700000283298,283.3,2848,577.44,469.85,76.63,1809,0,,25,45,3,0,4,77,0,857,0
1700000283364,283.36,2723,0.0,399.37,194.04,1569,0,,8,40,2,0,2,52,0,857,0
1700000283431,283.43,2943,0.0,339.47,40.98,1605,0,,34,42,3,0,2,81,0,858,0
1700000283498,283.5,2804,922.4,426.91,160.38,1652,0,,6,64,6,0,3,79,0,858,0
1700000283564,283.56,2820,562.44,447.24,126.28,1722,0,,37,20,5,0,4,66,0,858,0
1700000283631,283.63,2729,877.4,511.76,11.92,1942,0,,34,57,4,0,4,99,0,858,0
1700000283698,283.7,2703,134.99,455.24,185.73,1680,0,,24,60,2,0,2,88,0,858,0
1700000283764,283.76,2711,0.0,386.96,177.96,1562,0,,30,32,3,0,4,69,0,858,0
1700000283831,283.83,2732,45.0,335.66,151.27,1492,0,,39,30,4,0,4,77,0,858,0
1700000283898,283.9,2705,0.0,285.31,138.62,1409,0,,43,67,6,0,3,119,0,859,0
1700000283964,283.96,2778,0.0,242.52,117.83,1348,0,,3,19,6,0,3,31,0,860,0
1700000284031,284.03,2786,0.0,206.14,100.15,1296,0,,29,32,6,0,3,70,0,860,0
1700000284098,284.1,2853,0.0,175.22,10.29,1326,0,,5,74,6,0,1,86,0,860,0
1700000284164,284.16,2788,427.45,213.05,13.77,1395,0,,5,31,3,0,1,40,1,860,0
1700000284231,284.23,2796,22.5,184.47,251.09,1104,0,,15,53,5,0,4,77,1,860,0
1700000284298,284.3,2785,1499.83,381.77,431.05,1304,0,,32,49,6,0,4,91,0,860,0
1700000284364,284.36,2596,997.39,474.12,31.59,1858,0,,10,21,2,0,4,37,0,860,0
1700000284431,284.43,2652,0.0,403.0,195.8,1574,0,,13,74,2,0,2,91,0,860,0
1700000284498,284.5,2813,0.0,342.55,123.18,1532,0,,34,45,2,0,1,82,0,861,1
1700000284564,284.56,2697,1297.36,485.77,104.7,1812,0,,6,68,3,0,1,78,0,861,0
1700000284631,284.63,2640,0.0,412.9,200.61,1588,0,,32,49,2,0,3,86,0,861,0
1700000284698,284.7,2762,0.0,350.97,110.25,1560,0,,22,33,2,0,2,59,0,861,0
1700000284764,284.76,2651,269.97,338.82,93.72,1553,1,Arah 12,41,36,3,0,2,82,0,862,0
1700000284831,284.83,2726,0.0,288.0,139.92,1413,1,Arah 12,18,31,3,0,4,56,0,862,0
1700000284898,284.9,2688,0.0,244.8,118.94,1351,1,Arah 12,19,21,5,0,3,48,0,862,0
1700000284964,284.96,2809,0.0,208.08,32.46,1367,1,Arah 12,38,17,4,0,3,62,0,862,0
1700000285031,285.03,2750,307.47,222.99,236.91,1193,1,Arah 12,24,52,6,0,4,86,0,863,0
1700000285098,285.1,2768,1184.87,367.27,149.48,1552,1,Arah 12,40,63,6,0,1,110,0,863,0
1700000285165,285.17,2592,74.99,323.43,137.44,1482,1,Arah 12,21,19,2,0,1,43,0,864,0
1700000285231,285.23,2758,0.0,274.91,133.57,1394,1,Arah 12,3,43,6,0,3,55,0,865,0
1700000285298,285.3,2734,0.0,233.68,110.18,1339,1,Arah 12,13,14,2,0,3,32,0,865,0
1700000285365,285.37,2760,15.0,200.87,97.18,1289,1,Arah 12,19,21,4,0,2,46,0,865,0
1700000285431,285.43,2732,854.91,298.98,330.37,1246,1,Arah 12,3,56,2,0,2,63,1,865,0
1700000285498,285.5,2646,1124.88,422.86,103.36,1699,1,Arah 12,44,40,5,0,1,90,0,866,0
1700000285565,285.57,2582,59.99,368.43,163.25,1541,1,Arah 12,24,46,4,0,1,75,0,866,0
1700000285631,285.63,2638,0.0,313.17,152.15,1448,1,Arah 12,24,27,4,0,3,58,0,866,0
1700000285698,285.7,2794,0.0,266.19,129.33,1382,1,Arah 12,15,17,6,0,1,39,0,866,0
1700000285765,285.77,2695,0.0,226.26,109.93,1325,1,Arah 12,33,34,4,0,3,74,0,866,0
1700000285831,285.83,2797,0.0,192.32,326.74,1044,1,Arah 12,14,42,6,0,4,66,1,866,0
1700000285898,285.9,2704,1882.29,445.82,441.79,1415,1,Arah 12,25,56,4,0,1,86,0,866,0
1700000285965,285.97,2546,734.92,489.18,44.67,1873,1,Arah 12,10,64,3,0,4,81,0,866,0
1700000286031,286.03,2606,0.0,415.81,202.02,1592,1,Arah 12,13,42,6,0,3,64,0,867,0
1700000286098,286.1,2819,0.0,353.44,415.87,1265,1,Arah 12,31,40,5,0,1,77,0,868,0
1700000286165,286.17,2686,2632.21,695.25,353.49,1954,1,Arah 12,42,71,4,0,2,119,0,868,0
1700000286231,286.23,2468,0.0,590.96,287.12,1831,1,Arah 12,30,71,2,0,2,105,0,868,0
1700000286298,286.3,2746,0.0,502.32,220.62,1733,1,Arah 12,41,43,6,0,3,93,0,869,0
1700000286365,286.37,2692,104.99,442.72,179.16,1664,1,Arah 12,34,13,3,0,3,53,0,870,1
1700000286431,286.43,2732,37.5,381.94,164.11,1566,1,Arah 12,28,25,2,0,4,59,0,871,0
1700000286498,286.5,2687,1522.33,553.0,131.13,1906,1,Arah 12,40,54,5,0,1,100,0,873,0
1700000286565,286.57,2529,0.0,470.05,228.37,1667,1,Arah 12,42,40,4,0,1,87,0,873,0
1700000286631,286.63,2747,0.0,399.54,36.9,1719,1,Arah 12,37,21,2,0,2,62,0,873,0
1700000286698,286.7,2710,1034.89,494.84,165.29,1772,1,Arah 12,8,54,2,0,3,67,0,873,0
1700000286765,286.77,2609,599.93,510.6,90.52,1869,1,Arah 12,35,42,5,0,4,86,0,873,0
1700000286831,286.83,2630,0.0,434.01,197.48,1630,1,Arah 12,44,21,4,0,2,71,0,874,0
1700000286898,286.9,2655,59.99,377.91,166.18,1556,1,Arah 12,3,52,2,0,4,61,0,875,0
1700000286965,286.97,2622,7.5,322.35,12.76,1601,1,Arah 12,36,56,4,0,4,100,0,875,0
1700000287031,287.03,2654,749.92,386.48,99.57,1636,1,Arah 12,36,72,4,0,1,113,0,875,0
1700000287098,287.1,2522,404.96,389.25,82.77,1657,1,Arah 12,21,29,2,0,1,53,1,875,0
1700000287165,287.17,2600,0.0,330.87,160.75,1473,1,Arah 12,43,68,3,0,2,116,0,875,0
1700000287231,287.23,2692,0.0,281.24,121.16,1418,1,Arah 12,44,47,5,0,1,97,0,876,0
1700000287298,287.3,2658,1154.87,412.28,126.43,1658,0,,11,35,2,0,4,52,1,876,0
1700000287365,287.37,2538,104.99,366.19,150.34,1550,0,,7,12,6,0,2,27,0,876,0
1700000287431,287.43,2644,0.0,311.26,62.5,1532,0,,19,24,4,0,2,49,0,876,0
1700000287498,287.5,2698,397.46,324.19,90.84,1529,0,,18,53,2,0,1,74,0,876,0
1700000287565,287.57,2591,644.93,372.3,82.24,1626,0,,11,55,4,0,2,72,0,876,0
1700000287631,287.63,2612,419.95,379.45,30.54,1689,0,,30,37,5,0,3,75,0,876,0
1700000287698,287.7,2535,194.98,351.78,119.71,1552,0,,20,42,5,0,4,71,0,877,0
1700000287765,287.77,2586,0.0,299.01,39.81,1531,0,,8,17,3,0,4,32,0,877,0
1700000287831,287.83,2560,472.45,325.03,12.08,1606,0,,34,60,6,0,1,101,1,877,0
1700000287898,287.9,2523,97.49,290.9,115.73,1442,0,,27,18,3,0,3,51,0,877,0
1700000287965,287.97,2547,0.0,247.26,120.13,1355,0,,9,54,5,0,2,70,0,877,0
1700000288032,288.03,2609,0.0,210.17,154.02,1251,0,,40,69,3,0,2,114,0,877,0
1700000288098,288.1,2641,1147.37,350.75,305.01,1370,0,,8,42,3,0,3,56,0,877,0
1700000288165,288.17,2456,779.91,415.13,3.13,1779,0,,5,19,5,0,4,33,0,878,0
1700000288232,288.23,2537,0.0,352.86,171.44,1504,0,,2,25,6,0,2,35,0,880,0
1700000288298,288.3,2542,0.0,299.93,162.3,1413,0,,42,63,2,0,4,111,1,880,0
1700000288365,288.37,2649,1379.85,461.92,137.96,1738,0,,18,16,5,0,3,42,0,880,0
1700000288432,288.43,2358,0.0,392.63,190.76,1560,0,,29,74,6,0,4,113,0,880,0
1700000288498,288.5,2672,0.0,333.73,259.71,1382,0,,39,47,4,0,2,92,0,880,0
1700000288565,288.57,2599,1889.79,567.14,347.98,1731,0,,22,27,6,0,2,57,0,880,0
1700000288632,288.63,2420,569.94,567.56,126.07,1936,0,,28,66,3,0,2,99,0,880,1
1700000288698,288.7,2523,0.0,482.43,234.39,1684,0,,33,13,3,0,3,52,0,880,0
1700000288765,288.77,2613,0.0,410.06,8.35,1765,0,,29,64,5,0,1,99,0,880,0
1700000288832,288.83,2740,929.9,488.04,25.51,1888,0,,17,40,3,0,3,63,0,880,0
1700000288898,288.9,2489,82.49,427.21,185.9,1629,0,,2,39,4,0,4,49,0,880,0
1700000288965,288.97,2729,0.0,363.13,16.09,1673,0,,32,58,2,0,2,94,0,881,0
1700000289032,289.03,2604,862.4,438.02,13.68,1811,0,,10,66,4,0,1,81,0,881,1
1700000289098,289.1,2614,0.0,372.31,85.28,1624,0,,36,44,6,0,3,89,0,882,0
1700000289165,289.17,2656,1192.37,495.32,109.32,1824,0,,40,22,3,0,4,69,0,882,0
1700000289232,289.23,2455,164.98,445.77,173.25,1675,0,,43,63,3,0,3,112,0,882,0
1700000289298,289.3,2634,0.0,378.91,87.1,1634,0,,30,12,3,0,1,46,0,882,0
1700000289365,289.37,2504,1214.87,504.3,231.4,1727,0,,12,49,3,0,2,66,1,883,0
1700000289432,289.43,2472,704.92,534.39,74.51,1925,0,,24,24,5,0,2,55,0,883,0
1700000289498,289.5,2410,0.0,454.23,220.69,1645,0,,39,41,3,0,4,87,0,883,0
1700000289565,289.57,2566,0.0,386.1,78.78,1655,0,,3,13,4,0,3,23,1,884,0
1700000289632,289.63,2621,487.45,401.3,18.42,1740,0,,29,70,5,0,2,106,1,884,0
1700000289698,289.7,2501,382.46,398.47,93.16,1664,0,,17,12,4,0,1,34,1,884,0
1700000289765,289.77,2570,0.0,338.7,79.18,1567,0,,2,71,5,0,4,82,0,884,0
1700000289832,289.83,2574,382.46,345.27,252.44,1411,0,,32,53,6,0,1,92,0,884,0
1700000289898,289.9,2519,1432.34,508.33,129.19,1829,0,,29,51,2,0,3,85,0,884,0
1700000289965,289.97,2383,0.0,432.08,92.74,1726,0,,10,33,6,0,2,51,0,884,0
1700000290032,290.03,2564,524.94,446.01,70.16,1772,0,,30,32,3,0,2,67,1,885,0
1700000290098,290.1,2313,667.43,479.22,57.55,1843,0,,3,17,6,0,4,30,1,885,0
1700000290165,290.17,2475,0.0,407.34,110.86,1664,0,,12,74,5,0,1,92,0,885,0
1700000290232,290.23,2512,389.96,404.73,94.23,1675,0,,24,44,2,0,2,72,0,885,0
1700000290298,290.3,2423,0.0,344.02,167.14,1492,0,,16,22,6,0,3,47,0,885,0
1700000290365,290.37,2570,0.0,292.42,9.82,1548,0,,32,23,2,0,3,60,1,885,0
1700000290432,290.43,2546,592.43,337.42,301.35,1348,0,,37,40,6,0,2,85,0,885,0
1700000290498,290.5,2491,1387.35,494.91,204.25,1735,0,,4,44,6,0,3,57,0,887,0
1700000290565,290.57,2361,359.96,474.67,136.09,1762,0,,36,12,2,0,3,53,0,888,0
1700000290632,290.63,2443,0.0,403.47,72.15,1693,0,,14,50,6,0,2,72,1,888,0
1700000290698,290.7,2400,554.94,426.19,61.33,1745,0,,9,58,6,0,1,74,0,888,0
1700000290765,290.77,2369,0.0,362.26,176.01,1517,0,,6,33,6,0,1,46,0,888,0
1700000290832,290.83,2448,0.0,307.92,22.82,1564,0,,34,60,4,0,4,102,1,889,0
1700000290898,290.9,2473,772.41,377.59,124.86,1595,0,,33,32,6,0,4,75,0,890,0
1700000290965,290.97,2345,472.45,391.82,41.18,1701,0,,42,37,6,0,3,88,0,890,0
1700000291032,291.03,2410,112.49,349.92,86.9,1581,0,,22,33,2,0,2,59,0,890,0
1700000291099,291.1,2330,239.97,333.43,98.98,1538,0,,40,64,3,0,2,109,0,890,0
1700000291165,291.17,2378,0.0,283.42,137.7,1406,0,,16,63,5,0,1,85,0,891,0
1700000291232,291.23,2390,0.0,240.9,90.26,1372,0,,36,13,3,0,3,55,0,891,0
1700000291299,291.3,2447,119.99,222.77,53.86,1374,0,,15,58,4,0,3,80,0,892,0
1700000291365,291.37,2374,584.94,277.09,18.99,1510,0,,34,26,6,0,1,67,1,892,0
1700000291432,291.43,2369,0.0,235.53,114.43,1338,0,,41,42,2,0,2,87,0,893,0
1700000291499,291.5,2470,0.0,200.2,97.27,1288,0,,6,61,6,0,4,77,0,893,0
1700000291565,291.57,2413,0.0,170.17,14.04,1313,0,,39,45,3,0,4,91,0,893,0
1700000291632,291.63,2472,307.47,190.76,11.94,1354,0,,14,58,2,0,4,78,0,893,0
1700000291699,291.7,2372,0.0,162.15,72.08,1240,0,,7,12,3,0,3,25,0,893,0
1700000291765,291.77,2536,30.0,142.33,328.78,1000,0,,37,36,3,0,2,78,0,893,0
1700000291832,291.83,2368,1747.31,383.07,317.97,1418,0,,7,31,4,0,4,46,0,893,0
1700000291899,291.9,2303,202.48,355.98,119.78,1560,0,,16,43,2,0,3,64,0,893,0
1700000291965,291.97,2341,0.0,302.59,70.01,1509,0,,18,48,6,0,1,73,0,893,0
1700000292032,292.03,2366,344.96,308.94,59.51,1531,0,,42,24,2,0,3,71,0,894,0
1700000292099,292.1,2295,0.0,262.6,87.41,1416,0,,20,57,4,0,1,82,0,894,0
1700000292165,292.17,2401,179.98,250.21,29.1,1450,0,,22,32,3,0,1,58,0,894,0
1700000292232,292.23,2271,202.48,243.05,64.91,1401,0,,16,72,5,0,3,96,0,894,0
1700000292299,292.3,2374,0.0,206.59,93.68,1303,0,,38,49,3,0,4,94,2,894,1
1700000292365,292.37,2511,30.0,180.1,14.34,1331,0,,21,15,3,0,1,40,0,894,0
1700000292432,292.43,2370,292.47,196.96,18.88,1359,0,,41,70,2,0,3,116,0,894,0
1700000292499,292.5,2472,0.0,167.41,148.01,1174,0,,34,68,4,0,4,110,0,894,0
1700000292565,292.57,2438,1027.39,296.41,196.12,1373,0,,5,29,3,0,2,39,0,894,0
1700000292632,292.63,2335,314.97,299.19,62.65,1509,0,,28,68,5,0,1,102,0,894,0
1700000292699,292.7,2396,0.0,254.31,105.15,1383,0,,15,40,4,0,3,62,1,894,0
1700000292765,292.77,2499,82.49,228.54,190.19,1250,0,,8,47,2,0,4,61,0,894,0
1700000292832,292.83,2385,1252.36,382.11,180.08,1551,0,,12,47,5,0,3,67,0,894,0
1700000292899,292.9,2332,164.98,349.54,126.5,1542,0,,40,54,6,0,4,104,0,894,0
1700000292965,292.97,2363,0.0,297.11,109.2,1460,0,,9,13,3,0,1,26,1,894,0
1700000293032,293.03,2385,157.48,276.17,56.17,1472,0,,13,66,6,0,1,86,0,894,0
1700000293099,293.1,2342,667.43,334.86,44.4,1593,0,,26,61,4,0,3,94,1,895,0
1700000293165,293.17,2296,142.48,306.0,195.1,1393,0,,14,31,3,0,4,52,0,895,0
1700000293232,293.23,2323,1372.35,465.95,155.79,1728,0,,16,31,3,0,1,51,0,895,0
1700000293299,293.3,2113,97.49,410.68,173.93,1610,0,,32,28,4,0,2,66,1,896,0
1700000293365,293.37,2310,0.0,349.08,169.6,1499,0,,7,45,2,0,3,57,0,896,0
1700000293432,293.43,2277,0.0,296.72,144.16,1425,0,,16,68,5,0,2,91,0,897,0
1700000293499,293.5,2337,0.0,252.21,122.54,1362,0,,24,36,3,0,3,66,0,897,0
1700000293565,293.57,2327,0.0,214.38,104.16,1308,0,,33,53,6,0,3,95,0,897,0
1700000293632,293.63,2343,0.0,182.22,117.37,1233,0,,28,72,2,0,3,105,0,897,0
1700000293699,293.7,2426,922.4,293.25,173.43,1390,0,,10,27,2,0,4,43,0,897,0
1700000293765,293.77,2220,329.96,298.76,58.5,1513,0,,20,69,5,0,3,97,0,899,0
1700000293832,293.83,2382,0.0,253.94,28.96,1457,0,,20,63,2,0,4,89,0,899,0
1700000293899,293.9,2380,682.42,318.21,29.64,1577,0,,39,70,5,0,3,117,0,899,0
1700000293965,293.97,2291,22.5,273.86,127.15,1399,0,,33,67,5,0,2,107,1,899,0
1700000294032,294.03,2377,0.0,232.78,47.81,1399,0,,31,34,4,0,1,70,0,899,0
1700000294099,294.1,2387,292.47,241.73,173.64,1291,0,,15,17,4,0,3,39,0,899,0
1700000294166,294.17,2338,959.89,349.46,249.71,1421,0,,44,45,3,0,1,93,1,899,0
1700000294232,294.23,2259,749.92,409.53,2.02,1770,0,,21,69,6,0,3,99,1,899,0
1700000294299,294.3,2238,0.0,348.1,45.25,1617,0,,16,58,6,0,3,83,0,899,0
1700000294366,294.37,2311,554.94,379.12,72.03,1649,0,,41,40,3,0,2,86,1,899,0
1700000294432,294.43,2164,494.95,396.5,20.8,1729,0,,12,16,3,0,2,33,0,900,0
1700000294499,294.5,2245,187.48,365.14,128.17,1569,0,,30,45,5,0,3,83,0,900,0
1700000294566,294.57,2139,0.0,310.37,147.45,1448,0,,38,29,3,0,4,74,1,901,0
1700000294632,294.63,2261,15.0,266.07,39.95,1469,1,Arah 12,22,73,5,0,4,104,0,901,0
1700000294699,294.7,2137,382.46,283.52,37.31,1505,1,Arah 12,43,48,3,0,4,98,1,901,0
1700000294766,294.77,2210,0.0,241.0,117.09,1346,1,Arah 12,5,50,6,0,2,63,0,902,0
1700000294832,294.83,2206,0.0,204.85,99.53,1294,1,Arah 12,15,38,2,0,3,58,0,903,0
1700000294899,294.9,2301,0.0,174.12,35.93,1299,1,Arah 12,11,71,4,0,2,88,1,903,0
1700000294966,294.97,2417,539.94,228.99,487.56,1000,1,Arah 12,9,32,4,0,4,49,0,903,0
1700000295032,295.03,2229,2047.27,501.73,293.89,1663,1,Arah 12,10,58,3,0,3,74,0,903,0
1700000295099,295.1,2144,0.0,426.47,207.21,1607,1,Arah 12,28,64,5,0,4,101,1,903,1
1700000295166,295.17,2417,0.0,362.5,168.73,1525,1,Arah 12,27,51,3,0,4,85,0,903,0
1700000295232,295.23,2275,1544.83,539.85,260.6,1764,1,Arah 12,2,51,3,0,2,58,0,903,0
1700000295299,295.3,2211,524.94,537.62,56.38,1947,1,Arah 12,25,18,2,0,4,49,0,903,0
1700000295366,295.37,2205,299.97,501.97,113.21,1833,1,Arah 12,3,16,6,0,4,29,0,903,0
1700000295432,295.43,2171,232.47,461.54,163.19,1713,1,Arah 12,15,53,6,0,3,77,0,904,0
1700000295499,295.5,2174,0.0,392.31,175.54,1574,1,Arah 12,5,64,3,0,2,74,1,904,0
1700000295566,295.57,2269,67.49,343.59,149.21,1508,1,Arah 12,19,73,5,0,1,98,0,904,0
1700000295632,295.63,2165,0.0,292.05,59.87,1499,1,Arah 12,5,66,3,0,4,78,0,904,0
1700000295699,295.7,2285,367.46,303.36,5.69,1572,1,Arah 12,18,30,5,0,1,54,0,905,0
1700000295766,295.77,2116,202.48,288.23,13.58,1536,1,Arah 12,27,38,2,0,1,68,0,905,0
1700000295832,295.83,2258,449.95,312.49,33.66,1562,1,Arah 12,16,72,5,0,2,95,0,905,0
1700000295899,295.9,2056,0.0,265.61,129.05,1381,1,Arah 12,23,47,4,0,1,75,0,906,0
1700000295966,295.97,2300,0.0,225.77,72.86,1361,1,Arah 12,31,46,6,0,3,86,0,906,0
1700000296032,296.03,2198,164.98,216.65,38.5,1377,1,Arah 12,32,49,6,0,3,90,0,906,0
1700000296099,296.1,2278,104.99,199.9,101.2,1283,1,Arah 12,23,66,2,0,2,93,1,906,0
1700000296166,296.17,2184,764.92,284.66,62.58,1482,1,Arah 12,17,13,3,0,1,34,1,906,0
1700000296232,296.23,2176,0.0,241.96,117.56,1347,1,Arah 12,9,21,6,0,1,37,0,906,0
1700000296299,296.3,2218,0.0,205.66,203.08,1193,1,Arah 12,26,70,3,0,4,103,0,907,0
1700000296366,296.37,2289,1357.35,378.42,403.64,1325,1,Arah 12,30,70,3,0,1,104,0,907,0
1700000296432,296.43,2037,1034.89,476.89,40.09,1855,1,Arah 12,3,54,3,0,1,61,0,907,0
1700000296499,296.5,2151,0.0,405.35,196.94,1578,1,Arah 12,39,27,5,0,2,73,0,908,0
1700000296566,296.57,2204,0.0,344.55,167.4,1493,1,Arah 12,23,25,5,0,4,57,0,908,0
1700000296632,296.63,2157,0.0,292.87,142.29,1420,1,Arah 12,9,73,3,0,2,87,0,908,0
1700000296699,296.7,2248,0.0,248.94,182.05,1297,1,Arah 12,32,61,3,0,4,100,0,908,0
1700000296766,296.77,2306,1357.35,415.2,261.89,1533,1,Arah 12,28,53,3,0,2,86,0,908,0
1700000296832,296.83,2067,479.95,424.91,80.4,1725,1,Arah 12,17,68,6,0,3,94,3,909,0
1700000296899,296.9,2242,0.0,361.17,175.48,1516,1,Arah 12,10,70,3,0,1,84,1,909,0
1700000296966,296.97,2154,0.0,307.0,149.16,1440,1,Arah 12,27,67,4,0,4,102,0,909,1
1700000297033,297.03,2260,0.0,260.95,182.92,1319,1,Arah 12,16,46,5,0,3,70,1,910,0
1700000297099,297.1,2167,1387.35,429.91,227.46,1594,0,,25,53,4,0,4,86,0,910,0
1700000297166,297.17,2075,322.46,413.79,92.92,1692,0,,44,39,3,0,3,89,0,910,0
1700000297233,297.23,2124,104.99,367.47,150.97,1551,0,,44,28,3,0,2,77,0,910,0
1700000297299,297.3,2061,0.0,312.35,151.76,1447,0,,20,43,5,0,2,70,1,911,0
1700000297366,297.37,2313,0.0,265.5,170.66,1340,0,,25,33,5,0,1,64,0,912,0
1700000297433,297.43,2217,1342.35,427.03,145.06,1667,0,,10,68,3,0,3,84,0,912,1
1700000297499,297.5,2134,0.0,362.97,63.04,1628,0,,15,35,3,0,2,55,0,913,0
1700000297566,297.57,2228,1072.38,469.38,202.57,1690,0,,7,67,3,0,1,78,0,913,0
1700000297633,297.63,1991,667.43,499.09,67.2,1870,0,,18,43,6,0,2,69,0,913,1
1700000297699,297.7,2139,0.0,424.23,110.69,1695,0,,16,74,4,0,2,96,0,913,0
1700000297766,297.77,2144,427.45,424.71,94.09,1711,0,,7,55,5,0,4,71,1,913,0
1700000297833,297.83,2082,0.0,361.0,175.4,1516,0,,13,28,6,0,4,51,0,914,0
1700000297899,297.9,2178,0.0,306.85,13.49,1571,0,,37,61,4,0,2,104,0,915,0
1700000297966,297.97,2268,607.43,351.94,249.69,1426,0,,32,21,2,0,1,56,0,915,0
1700000298033,298.03,2097,1169.87,474.63,165.36,1735,0,,23,45,4,0,2,74,1,915,0
1700000298099,298.1,2112,397.46,463.05,9.98,1859,0,,40,48,5,0,4,97,0,916,0
1700000298166,298.17,2044,584.94,481.34,80.24,1826,0,,23,38,4,0,4,69,0,916,0
1700000298233,298.23,2034,0.0,409.14,198.78,1583,0,,43,71,2,0,3,119,0,916,0
1700000298299,298.3,2223,0.0,347.77,113.95,1550,0,,27,63,2,0,4,96,0,916,0
1700000298366,298.37,2114,1267.36,485.7,148.75,1770,0,,20,48,4,0,1,73,0,916,0
1700000298433,298.43,2054,232.47,447.72,151.45,1699,0,,6,44,4,0,1,55,0,916,0
1700000298499,298.5,2083,22.5,383.94,180.63,1553,0,,3,69,6,0,1,79,0,917,0
1700000298566,298.57,2051,0.0,326.35,68.16,1555,0,,29,70,2,0,4,105,0,917,0
1700000298633,298.63,2169,404.96,338.14,161.37,1486,0,,35,26,2,0,4,67,0,917,0
1700000298699,298.7,1997,982.39,434.78,46.76,1774,0,,17,72,2,0,1,92,0,917,0
1700000298766,298.77,2038,0.0,369.56,62.37,1640,0,,32,13,3,0,1,49,0,917,1
1700000298833,298.83,2105,524.94,392.87,107.69,1640,0,,38,51,6,0,4,99,0,917,1
1700000298899,298.9,1968,719.92,441.92,4.49,1826,0,,17,46,3,0,1,67,1,917,0
1700000298966,298.97,2009,134.99,395.88,156.89,1599,0,,21,73,6,0,2,102,0,917,0
1700000299033,299.03,1950,0.0,336.5,163.49,1481,0,,9,40,6,0,2,57,0,917,0
1700000299099,299.1,2173,0.0,286.03,155.67,1394,0,,22,47,5,0,2,76,0,917,0
1700000299166,299.17,2032,1319.85,441.1,304.74,1540,0,,18,14,2,0,2,36,0,917,0
1700000299233,299.23,1997,772.41,490.8,35.6,1884,0,,43,72,6,0,4,125,2,917,0
1700000299299,299.3,1929,0.0,417.18,202.69,1594,0,,5,27,5,0,3,40,0,917,0
1700000299366,299.37,2021,0.0,354.6,172.29,1507,0,,8,38,6,0,2,54,0,918,0
1700000299433,299.43,2143,0.0,301.41,126.35,1451,0,,11,40,4,0,4,59,0,919,0
1700000299499,299.5,2102,89.99,269.7,107.4,1410,0,,34,74,4,0,2,114,0,919,0
1700000299566,299.57,2131,0.0,229.24,30.91,1408,0,,22,72,4,0,3,101,0,919,0
1700000299633,299.63,2117,637.43,290.47,26.28,1528,0,,4,28,5,0,2,39,0,919,0
1700000299699,299.7,2046,0.0,246.9,7.27,1465,0,,42,32,6,0,1,81,0,919,0
1700000299766,299.77,2131,569.94,295.36,265.66,1303,0,,26,21,4,0,4,55,0,919,0
1700000299833,299.83,1970,1162.37,425.41,173.91,1637,0,,2,56,4,0,4,66,0,919,0
1700000299899,299.9,1976,337.46,412.22,66.45,1715,0,,10,36,4,0,4,54,0,919,0
1700000299966,299.97,1925,202.48,380.76,131.82,1595,0,,15,22,6,0,4,47,0,919,0
1700000300033,300.03,1949,0.0,323.64,157.24,1463,0,,36,54,5,0,1,96,1,919,0
1700000300100,300.1,2094,0.0,275.1,67.23,1460,0,,15,69,2,0,2,88,0,920,0
1700000300166,300.17,1963,899.9,368.82,105.69,1598,0,,7,67,6,0,3,83,0,921,0
1700000300233,300.23,1974,217.48,346.12,94.31,1566,0,,18,24,4,0,2,48,1,921,0
1700000300300,300.3,1934,74.99,305.45,55.05,1528,0,,22,20,6,0,2,50,0,921,0
1700000300366,300.37,1964,329.96,309.12,63.53,1527,0,,33,20,3,0,1,57,0,921,0
1700000300433,300.43,1890,0.0,262.76,127.66,1377,0,,5,55,5,0,2,67,0,921,0
1700000300500,300.5,2008,0.0,223.34,85.08,1344,0,,9,45,3,0,1,58,0,922,0
1700000300566,300.57,1970,104.99,205.59,72.31,1323,0,,37,66,2,0,2,107,0,922,0
1700000300633,300.63,1994,0.0,174.75,84.9,1251,0,,14,32,5,0,4,55,0,923,0
1700000300700,300.7,1981,0.0,148.54,16.92,1269,0,,18,51,3,0,1,73,0,923,0
1700000300766,300.77,2068,247.47,163.38,384.04,1000,0,,28,65,3,0,2,98,0,924,0
1700000300833,300.83,1948,1784.8,406.59,438.59,1344,0,,6,20,4,0,4,34,0,924,0
1700000300900,300.9,1830,749.92,458.09,25.62,1835,1,Arah 12,26,57,4,162,2,251,0,924,0
1700000300966,300.97,1848,0.0,389.38,189.18,1555,0,,37,12,2,0,3,54,0,925,0
1700000301033,301.03,2046,0.0,330.97,154.11,1480,0,,34,16,6,0,2,58,0,926,0
1700000301100,301.1,2030,30.0,285.82,160.29,1389,0,,20,22,2,0,1,45,0,926,0
1700000301166,301.17,2042,1304.86,438.68,201.54,1635,0,,38,70,5,0,1,114,0,926,0
1700000301233,301.23,1856,322.46,421.25,119.98,1680,0,,2,20,4,0,2,28,0,927,0
1700000301300,301.3,1999,0.0,358.06,150.53,1534,0,,11,42,4,0,2,59,1,927,0
1700000301366,301.37,1956,104.99,320.1,4.3,1605,0,,25,56,3,0,1,85,0,927,1
1700000301433,301.43,1985,592.43,360.95,216.26,1476,0,,31,72,4,0,1,108,0,927,0
1700000301500,301.5,1877,1057.38,465.41,108.49,1772,0,,42,20,4,0,3,69,0,927,0
1700000301566,301.57,1844,254.97,433.85,143.83,1681,0,,41,50,3,0,2,96,0,927,0
1700000301633,301.63,1843,0.0,368.77,28.51,1671,0,,42,18,4,0,4,68,0,927,0
1700000301700,301.7,1871,674.93,414.69,24.23,1759,0,,29,16,5,0,4,54,1,928,0
1700000301766,301.77,1753,0.0,352.49,171.26,1504,0,,11,59,3,0,1,74,0,928,0
1700000301833,301.83,1947,0.0,299.62,53.5,1519,0,,5,47,3,0,1,56,1,928,0
1700000301900,301.9,1914,412.45,316.54,45.47,1558,0,,4,68,4,0,4,80,2,928,0
1700000301966,301.97,1892,0.0,269.06,31.66,1483,0,,27,54,2,0,3,86,1,928,0
1700000302033,302.03,1942,727.42,337.81,321.54,1329,0,,42,21,5,0,3,71,0,928,0
1700000302100,302.1,1795,1319.85,485.12,110.93,1805,1,Arah 12,6,68,2,175,4,255,0,928,0
1700000302166,302.17,1766,0.0,412.35,200.34,1587,0,,11,33,2,0,1,47,0,928,0
1700000302233,302.23,1922,0.0,350.5,31.35,1635,0,,27,49,4,0,4,84,0,928,0
1700000302300,302.3,1859,622.43,391.29,26.64,1714,0,,36,39,4,0,2,81,0,928,0
1700000302366,302.37,1839,0.0,332.6,161.59,1476,0,,15,33,6,0,3,57,0,928,0
1700000302433,302.43,2001,0.0,282.71,51.81,1489,0,,37,16,5,0,2,60,0,928,0
1700000302500,302.5,1974,847.41,367.41,275.06,1431,0,,6,53,4,0,4,67,1,928,1
1700000302566,302.57,1888,1034.89,467.53,136.71,1749,0,,18,32,5,0,2,57,1,929,0
1700000302633,302.63,1836,412.45,459.27,37.52,1826,0,,25,22,5,0,3,55,0,929,0
1700000302700,302.7,1833,682.42,492.74,3.26,1917,1,Arah 12,35,55,6,195,3,294,1,929,0
1700000302766,302.77,1745,254.97,457.08,155.11,1713,0,,2,62,5,0,1,70,0,929,0
1700000302833,302.83,1799,0.0,388.52,188.76,1554,0,,11,26,5,0,2,44,0,929,0
1700000302900,302.9,1881,0.0,330.24,82.29,1548,0,,36,64,5,0,2,107,0,929,0
1700000302966,302.97,1840,1087.38,443.81,69.95,1769,0,,30,30,2,0,1,63,0,930,0
1700000303033,303.03,1736,0.0,377.24,183.28,1538,0,,26,28,5,0,3,62,0,930,0
1700000303100,303.1,1917,0.0,320.65,155.79,1459,0,,14,26,6,0,1,47,1,930,0
1700000303167,303.17,1865,0.0,272.55,125.73,1397,0,,38,26,3,0,2,69,0,930,0
1700000303233,303.23,1930,30.0,236.17,62.21,1391,0,,37,32,3,0,1,73,0,930,0
1700000303300,303.3,1861,757.42,314.36,191.83,1412,0,,5,31,6,0,3,45,0,930,0
1700000303367,303.37,1829,652.43,365.07,6.03,1686,0,,11,47,2,0,1,61,0,930,0
1700000303433,303.43,1774,0.0,310.31,150.77,1444,0,,3,68,2,0,2,75,0,930,0
1700000303500,303.5,1831,0.0,263.76,128.15,1378,0,,4,42,4,0,2,52,0,931,0
1700000303567,303.57,1829,0.0,224.2,108.93,1322,0,,14,44,5,0,2,65,0,932,0
1700000303633,303.63,1871,0.0,190.57,175.26,1192,0,,12,52,4,0,4,72,1,932,0
1700000303700,303.7,1923,1199.87,341.96,148.97,1506,0,,6,44,6,0,4,60,0,932,0
1700000303767,303.77,1711,0.0,290.67,141.22,1417,0,,17,71,4,0,2,94,0,932,0
1700000303833,303.83,2036,0.0,247.07,156.18,1319,0,,35,33,5,0,4,77,0,932,0
1700000303900,303.9,1862,1237.36,395.61,204.74,1552,0,,44,20,3,0,2,69,0,934,1
1700000303967,303.97,1871,322.46,384.64,21.69,1707,0,,25,47,6,0,1,79,0,934,0
1700000304033,304.03,1819,554.94,410.18,68.66,1709,0,,17,53,3,0,1,74,1,934,0
1700000304100,304.1,1797,547.44,430.77,65.52,1749,0,,3,72,4,0,2,81,0,934,0
1700000304167,304.17,1746,0.0,366.16,159.49,1541,0,,35,13,3,0,1,52,1,935,0
1700000304233,304.23,1824,82.49,323.61,53.61,1564,0,,2,58,2,0,2,64,0,935,0
1700000304300,304.3,1735,847.41,402.18,157.73,1609,0,,44,41,6,0,2,93,0,935,0
1700000304367,304.37,1711,584.94,429.59,38.36,1772,1,Arah 12,3,39,3,190,1,236,0,935,0
1700000304433,304.43,1657,74.99,376.4,163.18,1556,1,Arah 1,11,19,4,0,4,38,1,935,0
1700000304500,304.5,1701,0.0,319.94,155.45,1458,1,Arah 1,2,34,5,0,3,44,0,936,0
1700000304567,304.57,1695,0.0,271.95,132.13,1390,1,Arah 1,22,64,5,0,3,94,0,936,0
1700000304633,304.63,1867,0.0,231.16,63.47,1380,1,Arah 1,41,19,2,0,3,65,0,937,0
1700000304700,304.7,1787,787.41,314.6,120.91,1482,1,Arah 1,20,50,2,0,2,74,0,937,0
1700000304767,304.77,1762,299.97,312.4,73.0,1524,1,Arah 1,13,59,2,0,3,77,0,937,0
1700000304833,304.83,1747,0.0,265.54,129.01,1381,1,Arah 1,4,44,2,0,3,53,0,937,0
1700000304900,304.9,1914,0.0,225.71,195.01,1240,1,Arah 1,34,56,3,0,2,95,1,938,0
1700000304967,304.97,1822,1364.85,396.58,257.84,1502,1,Arah 1,23,24,6,0,2,55,0,938,0
1700000305033,305.03,1732,412.45,398.96,85.52,1672,1,Arah 1,20,41,4,0,1,66,0,938,0
1700000305100,305.1,1767,0.0,339.12,84.41,1563,1,Arah 1,33,60,6,0,1,100,0,938,0
1700000305167,305.17,1760,359.96,342.24,167.64,1488,1,Arah 1,25,69,5,0,2,101,0,938,1
1700000305233,305.23,1719,1072.38,451.76,62.14,1790,1,Arah 1,18,39,5,217,2,281,0,938,0
1700000305300,305.3,1617,0.0,384.0,186.57,1548,1,Arah 1,8,29,4,0,4,45,0,938,0
1700000305367,305.37,1755,0.0,326.4,60.72,1562,1,Arah 1,20,25,3,0,2,50,1,938,0
1700000305433,305.43,1720,982.39,424.8,51.61,1751,1,Arah 1,2,58,2,176,1,239,0,938,0
1700000305500,305.5,1624,0.0,361.08,146.97,1543,1,Arah 1,19,68,5,0,4,96,0,939,0
1700000305567,305.57,1734,127.49,326.04,124.93,1499,1,Arah 1,40,29,6,0,1,76,0,939,0
1700000305633,305.63,1607,0.0,277.13,134.65,1397,1,Arah 1,20,69,4,0,4,97,1,939,0
1700000305700,305.7,1902,0.0,235.56,295.69,1158,1,Arah 1,6,16,2,0,4,28,1,939,1
1700000305767,305.77,1752,1837.3,475.82,328.34,1582,1,Arah 1,15,62,2,0,1,80,0,939,0
1700000305833,305.83,1657,344.96,456.19,131.05,1734,1,Arah 1,37,60,4,120,4,225,0,939,0
1700000305900,305.9,1706,0.0,387.77,188.4,1553,1,Arah 1,44,14,5,0,1,64,0,939,0
1700000305967,305.97,1851,0.0,329.6,102.69,1527,1,Arah 1,34,20,3,0,4,61,0,940,0
1700000306034,306.03,1714,1177.37,456.77,87.28,1776,1,Arah 1,23,59,5,91,3,181,0,940,0
1700000306100,306.1,1694,0.0,388.25,26.25,1709,1,Arah 1,42,41,4,196,3,286,1,940,0
1700000306167,306.17,1743,727.42,439.13,113.28,1719,1,Arah 1,4,58,3,0,4,69,0,940,0
1700000306234,306.23,1597,607.43,464.37,66.09,1809,1,Arah 1,12,41,2,212,4,271,0,942,0
1700000306300,306.3,1662,0.0,394.72,164.99,1589,1,Arah 1,26,34,3,0,4,67,1,943,0
1700000306367,306.37,1727,119.99,353.51,23.06,1648,1,Arah 1,42,50,2,0,1,95,0,944,0
1700000306434,306.43,1646,524.94,379.22,46.38,1673,1,Arah 1,19,74,3,224,3,323,0,944,0
1700000306500,306.5,1657,0.0,322.34,136.52,1481,1,Arah 1,6,37,2,0,4,49,0,944,0
1700000306567,306.57,1790,89.99,287.49,207.05,1346,1,Arah 1,5,15,4,0,2,26,0,944,1
1700000306634,306.63,1645,1447.34,461.46,330.0,1554,1,Arah 1,42,46,4,0,3,95,0,944,0
1700000306700,306.7,1597,779.91,509.23,42.59,1910,1,Arah 1,28,73,5,207,4,317,2,944,0
1700000306767,306.77,1541,0.0,432.85,210.3,1616,1,Arah 1,35,22,5,114,3,179,1,944,0
1700000306834,306.83,1712,0.0,367.92,13.03,1684,1,Arah 1,31,15,6,0,4,56,0,945,0
1700000306900,306.9,1582,742.42,424.09,11.07,1788,1,Arah 1,3,51,4,208,2,268,1,945,0
1700000306967,306.97,1613,0.0,360.48,175.14,1515,0,,43,42,4,0,3,92,0,946,0
1700000307034,307.03,1651,0.0,306.41,148.87,1439,0,,37,39,4,0,4,84,0,946,0
1700000307100,307.1,1696,0.0,260.45,5.71,1492,0,,32,46,6,0,1,85,0,946,0
1700000307167,307.17,1678,592.43,310.25,4.85,1586,0,,7,25,5,0,2,39,0,946,0
1700000307234,307.23,1617,0.0,263.71,128.12,1378,0,,7,35,2,0,3,47,0,946,0
1700000307300,307.3,1708,0.0,224.15,41.76,1388,0,,9,70,3,0,2,84,0,946,0
1700000307367,307.37,1732,674.93,291.77,35.49,1522,0,,4,73,4,0,1,82,1,946,0
1700000307434,307.43,1618,0.0,248.0,120.49,1356,0,,6,45,5,0,2,58,0,946,0
1700000307500,307.5,1768,0.0,210.8,162.08,1244,0,,38,15,2,0,2,57,0,946,0
1700000307567,307.57,1628,1184.87,356.91,420.68,1267,0,,12,41,4,0,2,59,0,946,0
1700000307634,307.63,1610,1267.36,493.48,171.76,1763,1,Arah 12,27,53,5,101,2,188,0,946,0
1700000307700,307.7,1459,352.46,472.33,136.92,1757,1,Arah 12,24,50,3,224,1,302,0,947,0
1700000307767,307.77,1563,0.0,401.48,195.06,1572,1,Arah 12,30,41,6,204,4,285,0,947,0
1700000307834,307.83,1565,0.0,341.26,130.65,1522,0,,29,58,3,0,4,94,0,947,0
1700000307900,307.9,1663,157.48,313.69,14.5,1583,0,,41,73,5,0,2,121,0,947,0
1700000307967,307.97,1544,562.44,351.0,22.83,1644,1,Arah 12,43,69,5,200,3,320,0,947,0
1700000308034,308.03,1588,0.0,298.35,27.77,1542,0,,25,13,4,0,4,46,0,947,0
1700000308100,308.1,1559,524.94,332.34,23.61,1609,1,Arah 12,20,55,5,177,2,259,0,947,0
1700000308167,308.17,1518,0.0,282.49,137.25,1405,0,,40,71,2,0,2,115,0,947,0
1700000308234,308.23,1665,0.0,240.12,12.24,1447,0,,19,51,6,0,3,79,0,948,1
1700000308300,308.3,1558,577.44,290.71,10.4,1544,0,,20,44,4,0,1,69,0,948,0
1700000308367,308.37,1588,0.0,247.11,111.69,1363,0,,39,13,2,0,4,58,0,948,0
1700000308434,308.43,1581,37.5,215.67,129.39,1285,0,,11,66,4,0,4,85,0,949,0
1700000308500,308.5,1583,1004.89,334.05,280.73,1362,0,,11,29,4,0,4,48,0,950,0
1700000308567,308.57,1447,802.41,404.3,14.3,1749,1,Arah 12,9,41,3,216,2,271,0,950,0
1700000308634,308.63,1476,0.0,343.66,61.5,1593,1,Arah 12,17,48,3,182,3,253,0,950,0
1700000308700,308.7,1457,472.45,362.98,52.28,1638,1,Arah 12,29,55,2,225,1,312,0,950,0
1700000308767,308.77,1413,0.0,308.53,149.9,1442,1,Arah 12,2,55,3,201,3,264,0,950,0
1700000308834,308.83,1517,0.0,262.25,127.42,1376,0,,19,48,4,0,1,72,0,950,0
1700000308900,308.9,1520,0.0,222.91,108.3,1320,0,,7,50,2,0,3,62,0,950,0
1700000308967,308.97,1561,0.0,189.48,48.56,1315,0,,22,12,5,0,3,42,0,951,0
1700000309034,309.03,1591,629.93,255.54,190.27,1301,0,,2,19,2,0,1,24,0,951,0
1700000309101,309.1,1477,667.43,317.33,21.11,1583,1,Arah 12,33,26,2,120,4,185,0,951,1
1700000309167,309.17,1502,0.0,269.73,131.05,1387,0,,23,57,6,0,3,89,0,951,1
1700000309234,309.23,1562,0.0,229.27,106.37,1334,0,,27,24,5,0,1,57,0,951,0
1700000309301,309.3,1528,22.5,198.25,90.41,1291,0,,32,50,2,0,4,88,0,951,0
1700000309367,309.37,1559,0.0,168.51,76.85,1247,0,,37,38,2,0,1,78,1,951,0
1700000309434,309.43,1539,22.5,146.61,58.63,1223,0,,29,62,5,0,3,99,1,951,0
1700000309501,309.5,1556,30.0,129.12,212.99,1036,0,,16,19,2,0,1,38,0,951,0
1700000309567,309.57,1535,1199.87,289.73,204.48,1353,0,,36,61,2,0,3,102,0,951,1
1700000309634,309.63,1396,134.99,266.52,94.04,1417,1,Arah 12,30,67,2,119,3,221,0,951,0
1700000309701,309.7,1517,0.0,226.54,48.97,1386,0,,10,43,5,0,1,59,1,952,0
1700000309767,309.77,1454,712.42,299.42,41.62,1530,1,Arah 12,18,48,6,168,2,242,0,952,0
1700000309834,309.83,1422,0.0,254.51,123.66,1365,0,,13,71,5,0,2,91,0,952,0
1700000309901,309.9,1603,0.0,216.33,1791.59,1000,0,,3,53,4,0,2,62,0,952,0
1700000309967,309.97,1436,8496.56,1458.37,3185.18,1000,0,,11,50,3,0,4,68,0,952,0
1700000310034,310.03,470,7446.67,2356.61,810.71,3541,1,Arah 12,40,32,3,97,3,175,0,952,0
1700000310101,310.1,443,0.0,2003.12,973.23,3238,1,Arah 12,18,70,5,200,2,295,0,953,0
1700000310167,310.17,571,0.0,1702.65,827.25,3024,1,Arah 12,26,19,3,126,4,178,0,954,0
1700000310234,310.23,529,0.0,1447.25,652.94,2838,1,Arah 12,32,50,6,159,2,249,0,954,0
1700000310301,310.3,603,224.98,1263.91,290.5,2843,1,Arah 12,40,68,3,163,1,275,0,954,0
1700000310367,310.37,499,1184.87,1252.06,297.14,2825,1,Arah 12,44,55,4,92,1,196,1,955,0
1700000310434,310.43,445,0.0,1064.25,517.07,2415,1,Arah 12,38,24,3,214,1,280,1,955,0
1700000310501,310.5,577,0.0,904.61,439.51,2229,1,Arah 12,8,59,6,168,1,242,1,955,0
1700000310567,310.57,586,0.0,768.92,214.55,2198,1,Arah 12,32,33,3,117,1,186,0,955,0
1700000310634,310.63,647,712.42,760.44,117.29,2265,1,Arah 12,32,65,3,200,3,303,0,955,0
1700000310701,310.7,491,1342.35,847.73,59.34,2446,1,Arah 12,4,44,3,140,3,194,0,955,0
1700000310767,310.77,468,0.0,720.57,350.09,2000,1,Arah 12,10,69,4,105,2,190,0,956,0
1700000310834,310.83,536,0.0,612.49,264.1,1890,1,Arah 12,29,58,3,94,4,188,0,956,0
1700000310901,310.9,528,149.98,543.11,184.31,1840,1,Arah 12,29,32,6,213,1,281,0,956,0
1700000310967,310.97,516,179.98,488.64,108.11,1814,1,Arah 12,10,48,3,162,4,227,0,956,0
1700000311034,311.03,504,367.46,470.46,132.07,1759,1,Arah 12,8,40,5,182,1,236,0,957,0
1700000311101,311.1,467,0.0,399.89,194.29,1570,1,Arah 12,20,12,6,117,2,157,0,959,0
1700000311167,311.17,507,0.0,339.91,165.15,1486,1,Arah 12,33,33,5,106,3,180,0,959,0
1700000311234,311.23,674,0.0,288.92,361.84,1195,1,Arah 12,28,21,4,105,4,162,0,959,0
1700000311301,311.3,602,2249.75,583.05,501.75,1614,1,Arah 12,38,50,2,171,3,264,0,959,0
1700000311367,311.37,374,869.9,626.08,75.72,2081,1,Arah 12,13,72,4,203,4,296,0,959,0
1700000311434,311.43,486,0.0,532.16,258.56,1752,1,Arah 12,36,64,2,125,3,230,0,960,0
1700000311501,311.5,509,0.0,452.34,219.77,1643,1,Arah 12,20,16,4,225,1,266,0,960,0
1700000311567,311.57,505,0.0,384.49,186.81,1548,1,Arah 12,13,46,3,219,1,282,0,960,0
1700000311634,311.63,616,0.0,326.82,123.63,1502,1,Arah 12,40,32,6,159,3,240,0,960,0
1700000311701,311.7,545,157.48,301.42,53.95,1522,1,Arah 12,33,34,3,100,4,174,0,960,0
1700000311767,311.77,595,712.42,363.07,35.81,1654,1,Arah 12,44,30,5,142,4,225,0,960,0
1700000311834,311.83,450,112.49,325.48,128.59,1495,1,Arah 12,16,54,2,170,2,244,0,960,0
1700000311901,311.9,580,0.0,276.66,134.42,1397,1,Arah 12,31,52,5,153,1,242,0,960,0
1700000311967,311.97,545,0.0,235.16,92.49,1359,1,Arah 12,8,19,3,214,3,247,0,961,0
1700000312034,312.03,677,97.49,214.51,113.9,1299,1,Arah 12,27,49,6,193,4,279,0,961,0
1700000312101,312.1,532,862.4,311.69,75.05,1521,1,Arah 12,23,61,3,128,2,217,1,961,0
1700000312168,312.17,562,0.0,264.94,128.72,1380,1,Arah 12,44,58,6,135,1,244,0,961,0
1700000312234,312.23,632,0.0,225.2,54.64,1377,1,Arah 12,36,62,2,181,4,285,0,961,0
1700000312301,312.3,638,734.92,301.66,153.59,1425,1,Arah 12,2,20,2,213,2,239,0,962,0
1700000312368,312.37,534,479.95,328.4,41.82,1584,1,Arah 12,30,39,6,100,4,179,0,962,0
1700000312434,312.43,574,337.46,329.76,71.59,1558,1,Arah 12,42,15,3,203,1,264,0,962,0
1700000312501,312.5,489,0.0,280.3,136.18,1402,1,Arah 12,39,37,6,99,2,183,0,962,0
1700000312568,312.57,581,0.0,238.25,72.23,1385,1,Arah 12,17,43,5,165,2,232,0,962,0
1700000312634,312.63,682,194.98,231.76,211.47,1235,1,Arah 12,5,73,3,166,2,249,0,962,0
1700000312701,312.7,555,1222.36,380.35,136.23,1590,1,Arah 12,16,18,2,198,1,235,0,962,0
1700000312768,312.77,519,0.0,323.3,157.08,1463,1,Arah 12,35,46,4,189,2,276,1,962,0
1700000312834,312.83,641,0.0,274.8,8.78,1516,1,Arah 12,12,37,3,178,1,231,0,962,0
1700000312901,312.9,546,637.43,329.2,99.54,1530,1,Arah 12,13,73,6,145,2,239,0,962,0
1700000312968,312.97,556,412.45,341.69,143.2,1511,1,Arah 12,36,67,3,99,3,208,0,962,1
1700000313034,313.03,491,899.9,425.42,29.64,1773,1,Arah 12,26,35,4,152,1,218,0,962,0
1700000313101,313.1,436,0.0,361.61,175.69,1516,1,Arah 12,19,63,5,221,2,310,0,962,0
1700000313168,313.17,561,0.0,307.36,124.22,1465,1,Arah 12,6,19,2,192,3,222,0,962,0
1700000313234,313.23,473,112.49,278.13,105.59,1428,1,Arah 12,30,44,2,119,2,197,0,962,0
1700000313301,313.3,546,0.0,236.41,114.86,1339,1,Arah 12,21,18,5,184,4,232,0,962,0
1700000313368,313.37,672,0.0,200.95,74.2,1312,1,Arah 12,6,44,3,97,4,154,0,962,0
1700000313434,313.43,611,104.99,186.56,37.96,1320,1,Arah 12,7,70,4,104,4,189,0,962,0
1700000313501,313.5,658,112.49,175.45,161.93,1176,1,Arah 12,38,22,2,134,4,200,0,962,0
1700000313568,313.57,596,974.89,295.36,119.22,1447,1,Arah 12,2,66,4,127,3,202,0,962,0
1700000313634,313.63,528,30.0,255.56,116.29,1374,1,Arah 12,30,66,6,208,1,311,0,962,0
1700000313701,313.7,592,0.0,217.22,105.54,1312,1,Arah 12,37,26,4,222,4,293,0,962,0
1700000313768,313.77,529,0.0,184.64,89.71,1265,1,Arah 12,5,63,2,107,4,181,0,962,0
1700000313834,313.83,592,0.0,156.94,76.25,1226,1,Arah 12,34,50,4,219,2,309,0,962,0
1700000313901,313.9,662,0.0,133.4,64.81,1192,1,Arah 12,35,59,5,203,2,304,1,963,0
1700000313968,313.97,737,0.0,113.39,26.94,1191,1,Arah 12,20,49,5,90,3,167,1,963,0
1700000314034,314.03,730,367.46,151.5,78.14,1213,1,Arah 12,40,56,4,227,4,331,1,965,0
1700000314101,314.1,688,247.47,165.9,26.24,1293,1,Arah 12,9,34,6,212,1,262,0,965,0
1700000314168,314.17,697,187.48,169.14,32.94,1292,1,Arah 12,14,60,5,207,4,290,0,965,0
1700000314234,314.23,663,0.0,143.76,7.16,1269,1,Arah 12,27,64,2,182,4,279,0,965,0
1700000314301,314.3,714,344.96,173.94,6.08,1328,1,Arah 1,29,28,4,226,3,290,0,965,0
1700000314368,314.37,617,0.0,147.85,71.84,1213,1,Arah 1,4,13,5,215,1,238,0,965,0
1700000314434,314.43,719,0.0,125.67,10.84,1231,1,Arah 1,28,59,2,178,2,269,0,965,0
1700000314501,314.5,681,224.98,140.57,9.21,1261,1,Arah 1,23,60,3,221,4,311,0,965,0
1700000314568,314.57,689,0.0,119.48,58.05,1172,1,Arah 1,31,69,3,117,1,221,0,966,0
1700000314634,314.63,715,0.0,101.56,260.35,1000,1,Arah 1,42,42,5,209,4,302,0,966,0
1700000314701,314.7,715,1387.35,294.43,380.34,1187,1,Arah 1,4,13,3,146,3,169,0,967,0
1700000314768,314.77,530,712.42,357.13,13.59,1664,1,Arah 1,39,12,6,105,2,164,0,967,0
1700000314834,314.83,620,0.0,303.56,105.63,1476,1,Arah 1,28,39,5,114,2,188,0,968,0
1700000314901,314.9,555,187.48,286.15,89.79,1458,1,Arah 1,7,31,2,160,4,204,0,968,0
1700000314968,314.97,595,0.0,243.22,118.17,1349,1,Arah 1,24,69,5,152,3,253,0,968,0
1700000315035,315.04,699,0.0,206.74,58.59,1338,1,Arah 1,17,13,4,176,1,211,0,969,0
1700000315101,315.1,680,712.42,282.59,156.94,1386,1,Arah 1,40,36,2,101,3,182,0,969,0
1700000315168,315.17,604,479.95,312.2,25.64,1569,1,Arah 1,34,13,6,212,3,268,0,969,0
1700000315235,315.24,616,0.0,265.37,128.93,1381,1,Arah 1,15,12,5,127,2,161,0,969,0
1700000315301,315.3,660,0.0,225.56,109.59,1324,1,Arah 1,38,37,6,220,4,305,0,969,0
1700000315368,315.37,892,0.0,191.73,424.13,1000,1,Arah 1,25,47,6,158,1,237,0,969,0
1700000315435,315.44,676,2317.24,510.55,360.51,1615,1,Arah 1,28,36,2,185,2,253,0,969,0
1700000315501,315.5,583,0.0,433.97,210.85,1617,1,Arah 1,11,42,6,191,3,253,1,969,0
1700000315568,315.57,726,0.0,368.88,179.22,1527,1,Arah 1,40,62,2,216,4,324,0,969,0
1700000315635,315.64,719,0.0,313.54,0.0,1597,1,Arah 1,25,25,5,216,4,275,0,971,0
1700000315701,315.7,788,682.42,368.88,0.0,1698,1,Arah 1,5,52,3,137,4,201,0,971,0
1700000315768,315.77,628,0.0,313.54,152.34,1449,1,Arah 1,5,56,6,112,4,183,0,971,0
1700000315835,315.84,856,0.0,266.51,230.43,1283,1,Arah 1,33,51,6,150,1,241,1,971,0
1700000315901,315.9,727,1612.32,468.38,224.33,1668,1,Arah 1,19,58,4,160,1,242,1,971,0
1700000315968,315.97,641,127.49,417.25,169.24,1626,1,Arah 1,2,50,6,101,4,163,0,971,0
1700000316035,316.04,710,0.0,354.66,172.31,1507,1,Arah 1,19,50,5,146,1,221,0,971,0
1700000316101,316.1,729,0.0,301.46,146.47,1432,1,Arah 1,33,64,3,94,3,197,0,971,0
1700000316168,316.17,717,0.0,256.24,124.5,1368,1,Arah 1,27,54,4,104,2,191,0,971,0
1700000316235,316.24,852,0.0,217.81,150.31,1269,1,Arah 1,39,15,4,93,2,153,0,971,0
1700000316301,316.3,741,1147.37,357.24,152.87,1530,1,Arah 1,12,18,5,219,4,258,0,972,0
1700000316368,316.37,699,112.49,320.53,64.25,1548,1,Arah 1,31,15,3,199,2,250,0,973,0
1700000316435,316.44,726,277.47,314.07,34.11,1565,1,Arah 1,32,73,2,116,3,226,0,973,0
1700000316501,316.5,662,509.94,343.45,32.94,1620,1,Arah 1,5,60,6,183,2,256,0,973,0
1700000316568,316.57,658,0.0,291.93,141.84,1418,1,Arah 1,2,66,6,141,1,216,1,973,0
1700000316635,316.64,728,0.0,248.14,26.82,1448,1,Arah 1,30,62,6,211,4,313,1,973,0
1700000316701,316.7,754,419.95,273.91,146.29,1380,1,Arah 1,39,49,5,121,1,215,0,973,0
1700000316768,316.77,672,757.42,346.44,159.5,1504,1,Arah 12,5,64,3,191,1,264,0,974,0
1700000316835,316.84,653,577.44,381.09,33.51,1689,1,Arah 12,27,35,5,98,4,169,1,974,0
1700000316901,316.9,595,0.0,323.93,157.38,1464,1,Arah 12,10,20,3,168,2,203,0,975,0
1700000316968,316.97,831,0.0,275.34,13.24,1513,1,Arah 12,38,68,4,224,2,336,0,975,0
1700000317035,317.04,659,539.94,315.03,57.38,1544,1,Arah 12,39,54,5,108,1,207,0,975,0
1700000317101,317.1,759,307.47,313.89,71.76,1528,1,Arah 12,23,39,2,225,1,290,0,976,0
1700000317168,317.17,618,0.0,266.81,39.45,1471,1,Arah 12,18,42,5,209,3,277,0,977,0
1700000317235,317.24,820,757.42,340.4,139.0,1512,1,Arah 12,6,38,4,111,4,163,0,977,0
1700000317301,317.3,517,472.45,360.21,50.93,1634,1,Arah 12,32,61,6,224,1,324,0,978,0
1700000317368,317.37,757,0.0,306.18,22.0,1562,1,Arah 12,30,12,3,152,3,200,0,978,0
1700000317435,317.44,717,764.92,374.99,18.7,1692,1,Arah 12,33,70,2,171,2,278,0,978,0
1700000317501,317.5,655,0.0,318.74,154.86,1456,1,Arah 12,11,59,6,116,4,196,0,978,0
1700000317568,317.57,762,0.0,270.93,16.12,1502,1,Arah 12,25,52,2,144,4,227,0,979,0
1700000317635,317.64,731,517.44,307.91,138.63,1452,1,Arah 12,24,25,4,184,1,238,0,979,0
1700000317701,317.7,693,682.42,364.08,2.33,1687,1,Arah 12,6,54,3,189,1,253,0,979,0
1700000317768,317.77,640,0.0,309.47,150.36,1443,1,Arah 12,28,40,3,95,1,167,0,979,0
1700000317835,317.84,813,0.0,263.05,14.49,1488,1,Arah 12,36,31,2,187,1,257,0,979,0
1700000317901,317.9,697,637.43,319.21,12.32,1595,1,Arah 12,30,58,4,116,2,210,0,979,0
1700000317968,317.97,728,0.0,271.33,131.83,1389,1,Arah 12,33,65,6,204,4,312,0,979,0
1700000318035,318.04,786,0.0,230.63,112.05,1331,1,Arah 12,42,40,2,124,3,211,0,980,0
1700000318102,318.1,781,0.0,196.03,95.24,1282,1,Arah 12,35,71,4,217,2,329,0,980,0
1700000318168,318.17,856,0.0,166.63,80.96,1240,1,Arah 12,42,53,5,224,3,327,0,981,0
1700000318235,318.24,874,0.0,141.63,20.27,1252,1,Arah 12,27,26,6,110,4,173,0,981,0
1700000318302,318.3,877,217.48,153.01,44.71,1250,1,Arah 12,29,45,5,145,3,227,0,981,0
1700000318368,318.37,845,277.47,171.68,397.93,1000,1,Arah 12,29,64,5,148,2,248,0,981,0
1700000318435,318.44,840,1829.8,420.4,455.42,1354,1,Arah 12,11,42,5,120,3,181,0,981,0
1700000318502,318.5,601,802.41,477.7,21.36,1874,1,Arah 12,19,39,5,208,2,273,0,982,0
1700000318568,318.57,733,0.0,406.04,197.28,1579,1,Arah 12,27,47,3,96,3,176,0,982,0
1700000318635,318.64,776,0.0,345.14,15.35,1640,1,Arah 12,3,23,2,153,1,182,0,982,0
1700000318702,318.7,757,682.42,395.73,194.54,1562,1,Arah 12,38,67,6,105,3,219,0,982,0
1700000318768,318.77,685,929.9,475.86,13.02,1878,1,Arah 12,5,71,4,184,2,266,0,982,0
1700000318835,318.84,633,0.0,404.48,196.52,1576,1,Arah 12,32,27,2,192,4,257,1,982,0
1700000318902,318.9,743,0.0,343.81,111.8,1545,1,Arah 12,37,38,3,150,3,231,0,982,1
1700000318968,318.97,699,247.47,329.36,95.03,1534,1,Arah 12,27,58,3,150,2,240,0,982,0
1700000319035,319.04,710,0.0,279.95,136.02,1401,1,Arah 12,21,17,6,141,3,188,0,982,0
1700000319102,319.1,737,0.0,237.96,115.61,1342,1,Arah 12,31,40,6,227,3,307,0,982,0
1700000319168,319.17,734,0.0,202.27,11.22,1377,1,Arah 12,39,37,4,156,3,239,0,982,0
1700000319235,319.24,766,389.96,230.42,9.54,1432,1,Arah 12,2,37,4,136,2,181,0,982,0
1700000319302,319.3,682,0.0,195.86,95.16,1282,1,Arah 12,36,32,2,151,3,224,0,982,0
1700000319368,319.37,887,0.0,166.48,94.89,1225,1,Arah 12,5,37,6,183,1,232,0,982,0
1700000319435,319.44,841,787.41,259.62,338.46,1162,1,Arah 12,7,72,6,119,4,208,0,982,0
1700000319502,319.5,782,1154.87,393.91,111.92,1638,1,Arah 12,31,16,6,154,2,209,1,982,0
1700000319568,319.57,687,0.0,334.82,162.67,1479,1,Arah 12,24,71,3,146,3,247,0,982,0
1700000319635,319.64,800,0.0,284.6,26.11,1517,1,Arah 12,38,21,2,193,1,255,0,982,0
1700000319702,319.7,694,502.44,317.27,22.2,1582,1,Arah 12,27,34,5,178,2,246,0,982,0
1700000319768,319.77,733,0.0,269.68,131.03,1387,1,Arah 12,37,35,3,168,2,245,0,982,0
1700000319835,319.84,703,0.0,229.23,111.37,1329,1,Arah 12,11,26,5,217,1,260,0,982,0
1700000319902,319.9,880,0.0,194.85,97.85,1277,1,Arah 12,8,46,4,114,2,174,0,982,0
1700000319968,319.97,875,862.4,294.98,83.17,1481,1,Arah 12,42,23,3,94,2,164,0,984,0
1700000320035,320.04,765,0.0,250.73,121.82,1360,1,Arah 12,39,35,2,146,4,226,0,984,0
1700000320102,320.1,887,0.0,213.12,258.05,1153,1,Arah 12,15,19,4,142,1,181,0,984,0
1700000320168,320.17,777,1619.82,424.13,378.38,1437,1,Arah 12,12,24,5,91,3,135,0,984,1
1700000320235,320.24,671,712.42,467.37,39.98,1839,1,Arah 12,16,66,2,122,4,210,0,984,0
1700000320302,320.3,682,0.0,397.27,193.01,1566,1,Arah 12,42,69,3,177,1,292,0,984,0
1700000320368,320.37,794,0.0,337.68,164.06,1483,1,Arah 12,21,73,4,180,3,281,0,984,0
1700000320435,320.44,896,0.0,287.02,23.94,1524,1,Arah 12,18,37,6,220,1,282,0,984,0
1700000320502,320.5,836,517.44,321.59,60.0,1554,1,Arah 12,18,24,4,173,3,222,0,984,1
1700000320568,320.57,827,359.96,327.34,76.11,1549,1,Arah 12,3,50,2,218,1,274,0,984,0
1700000320635,320.64,788,629.93,372.73,22.84,1684,1,Arah 12,31,72,4,122,4,233,1,984,0
1700000320702,320.7,743,172.48,342.69,121.2,1534,1,Arah 12,28,12,3,212,3,258,0,985,0
1700000320768,320.77,765,0.0,291.29,141.52,1417,1,Arah 12,33,42,3,166,1,245,0,985,0
1700000320835,320.84,830,0.0,247.6,120.3,1355,1,Arah 12,33,24,2,168,4,231,0,985,0
1700000320902,320.9,1021,0.0,210.46,274.41,1131,1,Arah 12,35,29,4,202,1,271,0,985,0
1700000320968,320.97,845,1687.31,431.99,246.64,1579,1,Arah 12,7,48,2,157,3,217,1,985,0
1700000321035,321.04,796,59.99,376.19,167.02,1552,1,Arah 12,9,37,6,136,2,190,1,985,0
1700000321102,321.1,837,0.0,319.76,93.42,1518,1,Arah 12,18,36,2,184,4,244,0,985,1
1700000321169,321.17,811,277.47,313.41,79.4,1520,1,Arah 12,39,17,4,200,2,262,0,985,0
1700000321235,321.24,800,0.0,266.4,129.43,1382,1,Arah 12,5,24,4,133,3,169,0,985,0
1700000321302,321.3,956,0.0,226.44,290.08,1146,1,Arah 12,44,24,4,142,4,218,0,985,0
1700000321369,321.37,858,1792.3,461.32,246.57,1634,1,Arah 12,44,49,6,198,3,300,1,985,0
1700000321435,321.44,717,0.0,392.12,190.52,1559,1,Arah 12,4,13,5,128,2,152,1,985,0
1700000321502,321.5,957,0.0,333.3,46.43,1589,1,Arah 12,4,33,4,142,4,187,0,985,0
1700000321569,321.57,912,517.44,360.93,193.23,1498,1,Arah 12,37,68,4,93,4,206,0,985,0
1700000321635,321.64,888,1042.38,463.14,119.04,1758,1,Arah 12,17,26,4,177,1,225,0,985,0
1700000321702,321.7,773,314.97,440.92,131.5,1705,1,Arah 12,30,50,3,153,4,240,0,985,1
1700000321769,321.77,846,0.0,374.78,50.6,1661,1,Arah 12,10,61,5,129,4,209,1,985,0
1700000321835,321.84,895,1042.38,474.92,43.01,1849,1,Arah 12,13,45,3,170,4,235,1,985,0
1700000321902,321.9,707,0.0,403.68,196.13,1575,1,Arah 12,14,15,4,101,1,135,0,985,0
1700000321969,321.97,990,0.0,343.13,64.59,1589,1,Arah 12,33,54,2,98,1,188,0,985,0
1700000322035,322.04,820,457.45,360.28,54.91,1630,1,Arah 12,10,53,5,198,1,267,0,985,0
1700000322102,322.1,929,0.0,306.24,148.79,1439,1,Arah 12,26,40,3,119,2,190,0,986,0
1700000322169,322.17,854,0.0,260.3,126.47,1373,1,Arah 12,33,42,3,140,3,221,0,986,0
1700000322235,322.24,976,0.0,221.26,53.21,1371,1,Arah 12,17,70,4,172,2,265,0,986,0
1700000322302,322.3,916,719.92,296.06,373.34,1197,1,Arah 12,19,26,6,201,2,254,0,986,0
1700000322369,322.37,880,1469.84,472.12,287.21,1615,1,Arah 12,5,48,5,198,1,257,0,986,0
1700000322435,322.44,720,584.94,489.04,83.99,1837,1,Arah 12,15,55,4,155,3,232,0,986,0
1700000322502,322.5,802,0.0,415.69,201.96,1592,1,Arah 12,12,18,6,152,3,191,0,986,0
1700000322569,322.57,741,0.0,353.33,171.67,1505,1,Arah 12,23,29,6,93,1,152,0,988,0
1700000322635,322.64,891,0.0,300.33,145.92,1430,1,Arah 12,16,58,5,217,4,300,0,990,0
1700000322702,322.7,794,0.0,255.28,124.03,1366,1,Arah 12,9,30,3,161,3,206,0,990,0
1700000322769,322.77,1002,0.0,216.99,92.11,1325,1,Arah 12,4,31,4,150,1,190,0,990,0
1700000322835,322.84,883,884.9,317.18,78.29,1528,1,Arah 12,44,20,3,103,2,172,1,991,0
1700000322902,322.9,884,0.0,269.6,15.48,1500,1,Arah 12,17,47,5,175,2,246,0,991,0
1700000322969,322.97,992,517.44,306.78,152.57,1436,1,Arah 12,15,16,2,191,3,227,0,991,0
1700000323035,323.04,815,742.42,372.12,14.18,1691,1,Arah 12,2,56,2,126,1,187,0,993,0
1700000323102,323.1,893,0.0,316.31,153.68,1453,1,Arah 12,38,44,4,106,1,193,0,993,0
1700000323169,323.17,883,0.0,268.86,78.73,1437,1,Arah 12,23,18,6,124,1,172,0,993,0
1700000323235,323.24,987,232.47,263.4,179.16,1327,1,Arah 12,33,32,6,224,3,298,0,993,0
1700000323302,323.3,852,1102.38,389.25,100.39,1640,1,Arah 12,15,41,6,139,4,205,1,993,0
1700000323369,323.37,840,0.0,330.86,38.46,1592,1,Arah 12,5,35,3,196,3,242,1,994,0
1700000323435,323.44,870,892.4,415.09,32.69,1752,1,Arah 12,38,61,6,150,2,257,0,994,0
1700000323502,323.5,721,0.0,352.83,171.42,1504,1,Arah 12,16,62,6,118,4,206,0,994,0
1700000323569,323.57,890,0.0,299.9,67.03,1506,1,Arah 12,6,63,3,123,3,198,0,995,0
1700000323635,323.64,947,352.46,307.79,88.67,1500,1,Arah 12,20,42,3,213,3,281,0,995,0
1700000323702,323.7,843,652.43,359.48,3.31,1678,1,Arah 12,17,55,4,214,1,291,0,995,0
1700000323769,323.77,860,0.0,305.56,148.46,1438,1,Arah 12,39,22,5,99,1,166,0,995,0
1700000323835,323.84,849,0.0,259.73,126.19,1373,1,Arah 12,42,32,6,192,1,273,0,995,0
1700000323902,323.9,920,0.0,220.77,107.26,1317,1,Arah 12,22,49,6,118,4,199,0,995,0
1700000323969,323.97,1057,0.0,187.65,549.99,1000,0,,26,56,5,0,1,88,0,995,0
1700000324036,324.04,1003,2872.18,590.33,571.28,1561,1,Arah 12,23,51,6,228,4,312,0,995,0
1700000324102,324.1,674,464.95,571.52,155.57,1917,1,Arah 1,18,39,6,129,1,193,0,995,0
1700000324169,324.17,941,0.0,485.8,150.65,1769,1,Arah 1,26,22,5,126,3,182,0,995,0
1700000324236,324.24,852,382.46,470.29,118.01,1771,1,Arah 1,2,21,6,217,1,247,1,995,0
1700000324302,324.3,890,45.0,406.5,158.9,1616,1,Arah 1,4,71,6,167,3,251,0,995,0
1700000324369,324.37,846,119.99,363.52,145.11,1550,1,Arah 1,24,44,2,227,2,299,0,995,0
1700000324436,324.44,874,0.0,308.99,48.01,1542,1,Arah 1,43,69,2,118,4,236,0,995,0
1700000324502,324.5,903,457.45,331.26,40.81,1590,1,Arah 1,3,37,4,93,2,139,0,995,0
1700000324569,324.57,813,0.0,281.57,136.8,1404,1,Arah 1,4,46,3,111,1,165,0,995,0
1700000324636,324.64,917,0.0,239.34,40.95,1418,1,Arah 1,25,44,3,119,4,195,0,995,0
1700000324702,324.7,943,337.46,254.06,34.81,1452,1,Arah 1,12,17,5,224,2,260,0,995,0
1700000324769,324.77,872,0.0,215.95,102.66,1312,1,Arah 1,29,20,6,195,4,254,0,995,0
1700000324836,324.84,1049,929.9,323.04,360.13,1262,1,Arah 1,15,57,4,168,2,246,0,995,0
1700000324902,324.9,748,1222.36,457.94,98.53,1767,1,Arah 1,31,28,6,149,4,218,1,995,0
1700000324969,324.97,886,0.0,389.25,189.12,1555,1,Arah 1,3,66,6,107,2,184,0,995,0
1700000325036,325.04,1039,0.0,330.86,160.75,1473,1,Arah 1,22,49,6,98,1,176,0,995,0
1700000325102,325.1,935,0.0,281.23,96.46,1443,1,Arah 1,2,63,4,126,1,196,0,995,0
1700000325169,325.17,1075,179.98,266.04,72.02,1438,1,Arah 1,18,45,3,188,1,255,0,995,0
1700000325236,325.24,911,689.92,329.63,96.37,1534,1,Arah 1,38,32,4,197,2,273,0,996,0
1700000325302,325.3,983,337.46,330.8,72.1,1559,1,Arah 1,16,67,6,185,4,278,0,996,0
1700000325369,325.37,866,0.0,281.18,136.61,1403,1,Arah 1,20,21,3,104,1,149,0,996,0
1700000325436,325.44,988,0.0,239.0,47.49,1411,1,Arah 1,39,44,3,209,4,299,0,997,0
1700000325502,325.5,1019,307.47,249.27,56.73,1421,1,Arah 1,5,35,2,215,3,260,1,997,0
1700000325569,325.57,947,434.95,277.12,155.36,1377,1,Arah 1,42,74,6,108,3,233,0,998,0
1700000325636,325.64,961,787.41,353.67,194.0,1484,1,Arah 1,31,12,5,100,1,149,0,998,0
1700000325702,325.7,842,712.42,407.48,10.88,1758,1,Arah 1,38,44,3,117,3,205,0,998,0
1700000325769,325.77,866,0.0,346.36,168.28,1495,1,Arah 1,33,59,4,159,3,258,1,998,0
1700000325836,325.84,1022,0.0,294.41,96.17,1468,1,Arah 1,43,62,5,97,4,211,0,998,0
1700000325902,325.9,1079,209.98,281.74,81.74,1458,1,Arah 1,13,19,5,94,4,135,0,998,0
1700000325969,325.97,994,0.0,239.48,116.35,1344,1,Arah 1,29,49,5,198,1,282,0,998,0
1700000326036,326.04,1185,0.0,203.56,143.84,1248,1,Arah 1,17,59,6,168,2,252,0,998,0
1700000326102,326.1,1161,1087.38,336.13,411.87,1236,1,Arah 1,13,14,3,149,4,183,0,998,0
1700000326169,326.17,1040,1297.36,480.31,328.33,1590,1,Arah 1,3,63,5,178,2,251,0,998,0
1700000326236,326.24,988,989.89,556.75,10.53,2021,1,Arah 1,17,73,4,182,4,280,0,998,0
1700000326302,326.3,908,0.0,473.24,229.93,1671,1,Arah 1,19,15,4,147,2,187,0,999,0
1700000326369,326.37,1025,0.0,402.25,195.44,1573,1,Arah 1,22,47,3,148,2,222,0,999,0
1700000326436,326.44,1111,0.0,341.91,166.12,1489,1,Arah 1,34,52,2,199,3,290,1,999,0
1700000326502,326.5,1074,0.0,290.63,88.14,1468,1,Arah 1,41,46,4,207,3,301,0,999,0
1700000326569,326.57,1141,1027.39,401.14,503.48,1269,1,Arah 1,5,19,5,208,1,238,0,1000,1
1700000326636,326.64,937,1919.79,628.94,242.14,1939,1,Arah 12,9,21,2,133,2,167,0,1000,0
1700000326702,326.7,885,194.98,563.84,222.74,1842,1,Arah 12,37,42,2,110,2,193,0,1000,0
1700000326769,326.77,911,0.0,479.27,209.42,1702,1,Arah 12,20,27,3,99,1,150,0,1000,0
1700000326836,326.84,1061,104.99,423.13,114.39,1689,1,Arah 12,32,51,6,177,1,267,0,1000,0
1700000326902,326.9,897,284.97,402.4,120.67,1645,1,Arah 12,10,38,4,107,1,160,0,1000,0
1700000326969,326.97,1023,0.0,342.04,69.86,1582,1,Arah 12,10,62,2,90,3,167,0,1000,0
1700000327036,327.04,949,1057.38,449.34,59.38,1788,1,Arah 12,3,15,2,196,1,217,1,1000,0
1700000327103,327.1,882,0.0,381.94,185.57,1545,1,Arah 12,24,25,2,156,1,208,0,1000,0
1700000327169,327.17,1097,0.0,324.65,12.09,1606,1,Arah 12,22,40,4,204,2,272,0,1000,0
1700000327236,327.24,1008,652.43,373.82,46.64,1663,1,Arah 12,39,58,3,128,1,229,0,1000,0
1700000327303,327.3,1010,254.97,355.99,67.49,1610,1,Arah 12,44,24,4,108,3,183,0,1000,0
1700000327369,327.37,974,172.48,328.46,114.29,1514,1,Arah 12,22,73,4,159,2,260,0,1000,0
1700000327436,327.44,987,0.0,279.19,135.65,1400,1,Arah 12,41,35,6,179,3,264,1,1001,0
1700000327503,327.5,1139,0.0,237.31,6.49,1448,1,Arah 12,29,30,3,108,2,172,0,1002,0
1700000327569,327.57,996,487.45,274.83,5.51,1519,1,Arah 12,8,52,6,127,3,196,0,1003,0
1700000327636,327.64,1074,0.0,233.61,113.5,1335,1,Arah 12,10,23,5,209,1,248,0,1003,0
1700000327703,327.7,1057,0.0,198.57,96.48,1285,1,Arah 12,9,17,3,224,2,255,0,1003,0
1700000327769,327.77,1287,0.0,168.78,396.77,1000,0,,43,24,5,0,1,73,1,1003,0
1700000327836,327.84,1176,2144.76,465.18,683.79,1213,1,Arah 12,30,60,6,174,1,271,0,1003,0
1700000327903,327.9,1001,1552.33,628.25,102.44,2062,1,Arah 12,41,66,5,156,3,271,0,1003,0
1700000327969,327.97,969,0.0,534.01,259.45,1754,1,Arah 12,11,47,5,96,3,162,0,1003,0
1700000328036,328.04,1140,0.0,453.91,82.47,1775,1,Arah 12,17,64,6,160,3,250,0,1003,0
1700000328103,328.1,1132,1357.35,589.43,317.86,1799,1,Arah 12,31,53,2,200,2,288,0,1003,0
1700000328169,328.17,959,1109.88,667.49,32.83,2186,1,Arah 12,18,60,2,204,1,285,0,1003,0
1700000328236,328.24,984,0.0,567.37,275.66,1799,1,Arah 12,31,53,6,112,4,206,0,1004,0
1700000328303,328.3,979,0.0,482.27,234.31,1684,1,Arah 12,15,64,6,157,4,246,1,1004,0
1700000328369,328.37,1038,0.0,409.93,199.16,1584,1,Arah 12,38,37,3,188,2,268,0,1004,0
1700000328436,328.44,1054,0.0,348.44,139.16,1527,1,Arah 12,19,42,6,160,4,231,0,1004,0
1700000328503,328.5,1071,134.99,316.42,108.24,1497,1,Arah 12,36,23,2,166,1,228,0,1004,0
1700000328569,328.57,1036,45.0,275.71,122.14,1407,1,Arah 12,5,19,6,169,1,200,1,1004,0
1700000328636,328.64,1065,0.0,234.35,66.94,1383,1,Arah 12,27,46,6,166,1,246,0,1004,0
1700000328703,328.7,1042,809.91,320.68,56.9,1555,1,Arah 12,13,51,6,167,4,241,0,1004,0
1700000328769,328.77,957,0.0,272.58,132.44,1391,1,Arah 12,30,58,3,97,4,192,0,1005,0
1700000328836,328.84,1146,0.0,231.69,33.07,1411,1,Arah 12,17,74,5,221,2,319,0,1005,0
1700000328903,328.9,1150,652.43,294.8,28.11,1535,1,Arah 12,16,66,6,118,1,207,1,1005,0
1700000328969,328.97,1059,0.0,250.58,121.75,1360,1,Arah 12,38,34,3,223,2,300,0,1006,0
1700000329036,329.04,1178,0.0,213.0,169.38,1241,1,Arah 12,22,46,3,172,1,244,1,1006,0
1700000329103,329.1,1097,1222.36,364.4,143.98,1552,1,Arah 12,41,20,6,155,1,223,0,1006,0
1700000329169,329.17,1015,0.0,309.74,150.49,1444,1,Arah 12,33,66,5,173,2,279,0,1007,0
1700000329236,329.24,1137,0.0,263.28,74.35,1430,1,Arah 12,6,64,2,173,1,246,0,1007,0
1700000329303,329.3,1164,239.97,259.78,55.66,1442,1,Arah 12,26,32,2,198,3,261,1,1007,0
1700000329369,329.37,1105,532.44,300.68,6.26,1567,1,Arah 12,16,41,6,186,2,251,1,1007,0
1700000329436,329.44,1093,0.0,255.58,124.18,1367,1,Arah 12,19,54,2,107,1,183,0,1007,0
1700000329503,329.5,1256,0.0,217.24,237.63,1181,0,,9,14,6,0,2,31,0,1007,0
1700000329569,329.57,1174,1537.33,415.26,278.99,1517,1,Arah 12,38,40,4,139,3,224,0,1007,0
1700000329636,329.64,1051,344.96,404.71,106.04,1663,1,Arah 12,33,49,6,111,4,203,1,1007,0
1700000329703,329.7,1128,0.0,344.01,102.38,1555,1,Arah 12,11,48,3,199,1,262,0,1007,0
1700000329769,329.77,1190,1207.37,473.51,172.4,1726,1,Arah 12,29,43,6,178,2,258,1,1007,0
1700000329836,329.84,967,382.46,459.85,27.69,1837,1,Arah 12,32,21,6,120,2,181,1,1008,0
1700000329903,329.9,1139,674.93,492.11,61.84,1862,1,Arah 12,19,15,2,203,2,241,0,1008,0
1700000329969,329.97,877,0.0,418.3,203.23,1596,1,Arah 12,42,13,2,195,2,254,0,1009,1
1700000330036,330.04,1182,0.0,355.55,172.75,1508,1,Arah 12,18,68,2,165,3,256,0,1009,0
1700000330103,330.1,1188,0.0,302.22,22.96,1553,1,Arah 12,28,64,4,216,3,315,1,1009,0
1700000330170,330.17,1287,554.94,340.13,246.66,1407,1,Arah 12,21,44,3,109,1,178,0,1009,0
1700000330236,330.24,1114,1192.37,467.96,85.78,1797,1,Arah 12,40,74,2,105,4,225,0,1009,0
1700000330303,330.3,1128,0.0,397.77,193.26,1567,1,Arah 12,42,44,4,156,3,249,0,1010,0
1700000330370,330.37,1199,0.0,338.1,56.7,1588,1,Arah 12,6,30,4,122,1,163,0,1010,0
1700000330436,330.44,1181,989.89,435.87,287.59,1547,1,Arah 12,42,56,3,195,3,299,0,1011,0
1700000330503,330.5,1067,1072.38,531.35,23.48,1966,1,Arah 12,38,28,2,111,1,180,0,1011,0
1700000330570,330.57,1038,0.0,451.65,134.06,1723,1,Arah 12,11,51,6,176,2,246,0,1012,0
1700000330636,330.64,1265,382.46,441.27,319.63,1526,1,Arah 12,36,67,5,221,3,332,0,1012,0
1700000330703,330.7,987,1942.28,666.42,186.31,2053,1,Arah 12,40,17,5,153,2,217,2,1012,0
1700000330770,330.77,1006,0.0,566.46,275.22,1798,1,Arah 12,25,41,5,193,3,267,0,1012,0
1700000330836,330.84,1199,0.0,481.49,73.23,1833,1,Arah 12,6,22,2,170,4,204,0,1014,0
1700000330903,330.9,1106,719.92,517.25,18.72,1946,1,Arah 12,4,68,4,172,2,250,0,1014,0
1700000330970,330.97,1103,194.98,468.91,176.62,1714,1,Arah 12,39,16,5,151,3,214,0,1014,0
1700000331036,331.04,1080,0.0,398.58,193.65,1568,1,Arah 12,32,59,6,144,1,242,0,1014,0
1700000331103,331.1,1234,0.0,338.79,119.99,1528,1,Arah 12,26,20,4,110,3,163,0,1014,0
1700000331170,331.17,1153,1274.86,479.2,101.99,1802,1,Arah 12,6,67,4,203,1,281,0,1014,0
1700000331236,331.24,1064,0.0,407.32,197.9,1580,1,Arah 12,12,63,3,206,3,287,0,1014,1
1700000331303,331.3,1162,0.0,346.22,51.03,1608,1,Arah 12,35,20,6,173,2,236,0,1014,0
1700000331370,331.37,1169,524.94,373.03,125.7,1586,1,Arah 12,20,47,4,112,2,185,0,1015,0
1700000331436,331.44,1092,757.42,430.69,29.84,1782,1,Arah 12,36,35,4,111,3,189,0,1015,0
1700000331503,331.5,1068,179.98,393.08,143.71,1606,1,Arah 12,27,55,5,205,2,294,0,1015,0
1700000331570,331.57,1068,0.0,334.12,162.33,1478,1,Arah 12,11,37,2,101,3,154,1,1015,0
1700000331636,331.64,1146,0.0,284.0,137.98,1407,1,Arah 12,17,42,4,202,3,268,0,1015,1
1700000331703,331.7,1155,0.0,241.4,117.29,1347,1,Arah 12,22,34,5,120,4,185,0,1015,0
1700000331770,331.77,1250,0.0,205.19,87.8,1307,1,Arah 12,26,18,4,103,1,152,0,1015,0
1700000331836,331.84,1223,839.91,300.4,431.2,1148,0,,40,34,4,0,4,82,0,1015,1
1700000331903,331.9,1138,1597.32,494.94,179.03,1759,1,Arah 12,32,58,3,158,1,252,0,1015,0
1700000331970,331.97,1010,0.0,420.7,204.4,1599,1,Arah 12,31,31,5,114,4,185,0,1015,0
1700000332036,332.04,1244,0.0,357.59,126.87,1556,1,Arah 12,21,56,4,133,3,217,0,1016,0
1700000332103,332.1,1099,209.98,335.45,107.84,1533,1,Arah 12,12,58,6,226,2,304,0,1016,0
1700000332170,332.17,1216,0.0,285.13,72.4,1473,1,Arah 12,35,23,5,171,3,237,0,1016,1
1700000332236,332.24,1149,944.9,384.1,61.54,1668,1,Arah 12,14,51,5,92,4,166,0,1016,0
1700000332303,332.3,1090,0.0,326.48,158.62,1467,1,Arah 12,11,19,5,119,2,156,0,1016,0
1700000332370,332.37,1169,0.0,277.51,134.83,1398,1,Arah 12,25,36,6,227,4,298,0,1016,0
1700000332436,332.44,1180,0.0,235.88,39.41,1413,1,Arah 12,42,32,2,199,3,278,0,1016,0
1700000332503,332.5,1198,689.92,303.99,229.36,1355,1,Arah 12,28,50,6,127,3,214,0,1016,0
1700000332570,332.57,1088,877.4,390.0,40.94,1698,1,Arah 12,21,36,4,91,3,155,0,1016,0
1700000332636,332.64,1081,0.0,331.5,161.06,1474,1,Arah 12,40,61,6,223,3,333,0,1016,0
1700000332703,332.7,1159,0.0,281.78,88.36,1452,1,Arah 12,19,18,6,146,3,192,0,1016,0
1700000332770,332.77,1146,217.48,272.13,1.9,1518,1,Arah 12,3,35,4,151,3,196,0,1016,0
1700000332836,332.84,1130,344.96,283.06,73.6,1468,1,Arah 12,43,70,4,127,2,246,1,1017,0
1700000332903,332.9,1100,539.94,321.59,20.71,1592,1,Arah 12,7,64,5,186,1,263,0,1017,0
1700000332970,332.97,1058,157.48,296.97,102.93,1466,1,Arah 12,32,24,3,91,1,151,1,1017,0
1700000333037,333.04,1079,0.0,252.43,122.64,1362,1,Arah 12,37,69,3,99,4,212,0,1017,0
1700000333103,333.1,1154,0.0,214.56,85.83,1326,1,Arah 12,5,21,6,208,1,241,0,1017,0
1700000333170,333.17,1263,82.49,194.75,37.8,1336,1,Arah 12,9,60,3,97,1,170,0,1017,0
1700000333237,333.24,1143,157.48,189.16,50.55,1313,1,Arah 12,5,23,3,128,1,160,0,1017,0
1700000333303,333.3,1242,0.0,160.79,78.12,1231,0,,22,34,5,0,2,63,0,1018,0
1700000333370,333.37,1197,0.0,136.67,126.11,1137,0,,24,27,2,0,2,55,0,1018,0
1700000333437,333.44,1313,862.4,245.53,107.2,1364,1,Arah 12,31,38,5,128,4,206,0,1018,0
1700000333503,333.5,1082,0.0,208.7,101.4,1300,1,Arah 12,41,47,2,169,3,262,0,1019,0
1700000333570,333.57,1346,0.0,177.39,57.78,1283,0,,42,18,6,0,3,69,1,1020,0
1700000333637,333.64,1203,644.93,247.52,219.87,1257,1,Arah 12,16,49,2,178,3,248,0,1020,0
1700000333703,333.7,1260,764.92,325.13,56.31,1564,1,Arah 12,25,30,6,211,3,275,0,1020,0
1700000333770,333.77,1101,59.99,285.36,122.89,1424,1,Arah 12,33,29,6,108,4,180,0,1021,0
1700000333837,333.84,1252,0.0,242.56,94.41,1371,1,Arah 12,20,55,6,99,4,184,0,1022,0
1700000333903,333.9,1280,104.99,221.92,30.24,1395,1,Arah 12,34,15,2,110,1,162,0,1023,0
1700000333970,333.97,1238,494.95,262.88,2.26,1500,1,Arah 1,27,69,3,115,3,217,0,1023,0
1700000334037,334.04,1214,0.0,223.44,108.56,1321,1,Arah 1,38,63,4,156,2,263,1,1023,0
1700000334103,334.1,1272,0.0,189.93,68.84,1296,1,Arah 1,44,27,3,134,1,209,0,1024,0
1700000334170,334.17,1320,104.99,177.19,110.56,1230,1,Arah 1,35,17,2,0,2,56,0,1024,0
1700000334237,334.24,1258,757.42,264.22,291.52,1218,1,Arah 1,20,73,4,0,4,101,1,1024,0
1700000334303,334.3,1219,989.89,373.07,195.89,1518,1,Arah 1,19,61,4,116,3,203,0,1024,0
1700000334370,334.37,1126,524.94,395.85,41.07,1709,1,Arah 1,34,74,3,216,1,328,0,1024,0
1700000334437,334.44,1149,59.99,345.47,147.07,1514,1,Arah 1,28,41,6,191,2,268,1,1024,0
1700000334503,334.5,1118,22.5,297.03,138.4,1431,1,Arah 1,20,12,4,163,3,202,0,1024,0
1700000334570,334.57,1146,0.0,252.47,122.67,1362,1,Arah 1,10,17,2,148,3,180,1,1025,0
1700000334637,334.64,1255,0.0,214.6,54.04,1358,1,Arah 1,40,35,6,204,4,289,1,1025,0
1700000334703,334.7,1233,224.98,216.16,45.94,1369,1,Arah 1,17,47,3,208,2,277,0,1025,0
1700000334770,334.77,1225,0.0,183.73,89.27,1264,1,Arah 1,22,71,4,91,3,191,1,1025,0
1700000334837,334.84,1339,0.0,156.17,351.0,1000,1,Arah 1,42,59,6,0,2,109,0,1025,0
1700000334903,334.9,1231,1912.29,419.59,331.83,1473,1,Arah 1,36,72,5,197,3,313,0,1025,0
1700000334970,334.97,1084,149.98,379.15,144.82,1579,1,Arah 1,33,48,4,97,4,186,1,1025,0
1700000335037,335.04,1211,0.0,322.28,139.84,1478,1,Arah 1,33,37,3,175,1,249,0,1025,0
1700000335103,335.1,1175,74.99,285.18,118.86,1428,1,Arah 1,19,52,5,201,4,281,0,1025,0
1700000335170,335.17,1201,0.0,242.41,102.71,1363,1,Arah 1,25,33,4,119,1,182,0,1025,0
1700000335237,335.24,1189,67.49,216.17,87.3,1328,1,Arah 1,32,70,5,226,3,336,1,1025,0
1700000335303,335.3,1192,0.0,183.74,89.27,1264,1,Arah 1,11,33,6,222,4,276,1,1025,0
1700000335370,335.37,1293,0.0,156.18,2.22,1298,1,Arah 1,19,62,6,206,2,295,0,1026,0
1700000335437,335.44,1261,329.96,182.25,1.89,1348,1,Arah 1,15,58,2,126,4,205,1,1026,0
1700000335503,335.5,1249,0.0,154.91,71.92,1226,1,Arah 1,33,31,3,0,4,71,1,1026,0
1700000335570,335.57,1324,15.0,133.93,61.13,1197,1,Arah 1,43,45,3,0,3,94,0,1027,0
1700000335637,335.64,1247,0.0,113.84,55.31,1164,1,Arah 1,41,46,3,0,4,94,0,1027,0
1700000335703,335.7,1346,0.0,96.76,152.2,1034,1,Arah 1,12,66,5,0,2,85,0,1028,0
1700000335770,335.77,1270,892.4,216.11,157.83,1258,1,Arah 1,5,27,2,0,4,38,1,1028,0
1700000335837,335.84,1227,127.49,202.81,65.06,1325,1,Arah 1,12,49,3,184,3,251,0,1028,0
1700000335903,335.9,1253,0.0,172.39,83.76,1248,1,Arah 1,26,34,6,0,3,69,0,1029,0
1700000335970,335.97,1267,0.0,146.53,71.19,1211,1,Arah 1,38,23,5,0,2,68,1,1029,1
1700000336037,336.04,1277,0.0,124.55,60.51,1179,1,Arah 1,11,13,2,0,2,28,0,1029,0
1700000336104,336.1,1354,0.0,105.87,82.49,1121,1,Arah 1,22,30,3,0,1,56,0,1029,0
1700000336170,336.17,1413,599.93,179.98,508.71,1000,1,Arah 1,38,31,4,0,1,74,0,1029,0
1700000336237,336.24,1274,1964.78,447.7,298.48,1558,1,Arah 1,35,30,2,205,2,274,0,1029,0
1700000336304,336.3,1151,0.0,380.54,184.89,1543,1,Arah 1,4,46,2,142,2,196,0,1029,0
1700000336370,336.37,1374,0.0,323.46,18.21,1597,1,Arah 1,15,37,5,157,1,215,0,1029,0
1700000336437,336.44,1418,622.43,368.31,15.48,1683,1,Arah 12,29,55,2,194,2,282,0,1029,0
1700000336504,336.5,1291,0.0,313.06,152.1,1448,1,Arah 12,22,43,5,147,2,219,0,1029,0
1700000336570,336.57,1426,0.0,266.1,53.96,1456,1,Arah 12,22,25,2,98,1,148,0,1029,0
1700000336637,336.64,1304,337.46,276.81,62.95,1467,1,Arah 12,24,24,6,155,1,210,1,1030,0
1700000336704,336.7,1381,487.45,308.4,197.48,1395,1,Arah 12,31,74,2,175,3,285,0,1031,0
1700000336770,336.77,1239,982.39,409.5,59.04,1717,1,Arah 12,19,63,3,135,1,221,0,1031,0
1700000336837,336.84,1250,0.0,348.08,73.69,1590,1,Arah 12,44,27,3,170,2,246,0,1031,0
1700000336904,336.9,1353,427.45,359.98,136.57,1551,1,Arah 12,2,20,6,185,2,215,0,1031,0
1700000336970,336.97,1193,892.4,439.85,20.67,1807,1,Arah 12,5,28,3,96,1,133,1,1031,0
1700000337037,337.04,1234,0.0,373.87,181.65,1534,1,Arah 12,36,64,4,159,3,266,0,1031,0
1700000337104,337.1,1268,0.0,317.79,154.4,1455,1,Arah 12,27,72,5,122,2,228,0,1032,0
1700000337170,337.17,1311,0.0,270.12,131.24,1387,1,Arah 12,36,33,6,162,2,239,0,1032,0
1700000337237,337.24,1331,0.0,229.6,11.11,1429,1,Arah 12,11,26,4,91,1,133,0,1032,0
1700000337304,337.3,1317,449.95,262.65,9.44,1492,1,Arah 12,19,21,6,199,3,248,1,1032,1
1700000337370,337.37,1271,0.0,223.26,108.47,1321,1,Arah 12,30,28,4,224,2,288,1,1032,0
1700000337437,337.44,1346,0.0,189.77,92.2,1273,0,,12,49,4,0,1,66,0,1032,0
1700000337504,337.5,1375,0.0,161.3,85.69,1225,0,,42,61,2,0,3,108,0,1032,0
1700000337570,337.57,1404,734.92,247.34,377.51,1099,0,,19,52,2,0,3,76,1,1032,0
1700000337637,337.64,1277,1364.85,414.97,156.83,1634,1,Arah 12,11,15,2,154,3,185,1,1032,0
1700000337704,337.7,1222,0.0,352.72,171.37,1504,1,Arah 12,20,43,5,201,4,273,0,1032,0
1700000337770,337.77,1277,0.0,299.82,145.67,1429,1,Arah 12,28,68,4,161,1,262,0,1032,1
1700000337837,337.84,1310,0.0,254.84,123.82,1366,1,Arah 12,9,66,4,186,3,268,0,1032,0
1700000337904,337.9,1403,0.0,216.62,80.13,1336,0,,18,60,2,0,3,83,0,1032,0
1700000337970,337.97,1403,112.49,201.0,52.42,1334,0,,17,44,5,0,1,67,0,1032,0
1700000338037,338.04,1388,539.94,251.84,359.28,1126,0,,3,48,5,0,4,60,1,1032,0
1700000338104,338.1,1331,1522.33,442.41,184.85,1658,1,Arah 12,22,42,5,94,2,165,0,1032,0
1700000338170,338.17,1185,0.0,376.05,182.71,1537,1,Arah 12,42,12,6,111,3,174,0,1032,0
1700000338237,338.24,1466,0.0,319.64,112.55,1499,1,Arah 12,43,24,2,166,3,238,0,1032,0
1700000338304,338.3,1302,1199.87,451.68,95.67,1759,1,Arah 12,30,51,6,152,2,241,2,1032,0
1700000338370,338.37,1306,0.0,383.93,176.49,1557,1,Arah 12,44,29,6,160,2,241,0,1032,0
1700000338437,338.44,1389,45.0,333.09,150.02,1488,1,Arah 12,32,73,6,226,2,339,0,1032,0
1700000338504,338.5,1300,0.0,283.12,137.56,1406,1,Arah 12,12,30,5,174,3,224,0,1032,0
1700000338570,338.57,1645,0.0,240.65,581.16,1000,0,,23,55,4,0,2,84,1,1033,0
1700000338637,338.64,1406,3127.15,673.63,589.4,1697,1,Arah 12,14,55,6,218,3,296,0,1033,1
1700000338704,338.7,1228,427.45,636.7,197.09,1992,1,Arah 12,13,30,6,168,1,218,0,1034,0
1700000338770,338.77,1349,0.0,541.2,130.69,1886,1,Arah 12,16,48,4,219,1,288,0,1035,0
1700000338837,338.84,1537,592.43,548.88,297.38,1745,1,Arah 12,9,26,4,210,4,253,1,1035,1
1700000338904,338.9,1270,1829.8,741.02,150.65,2207,1,Arah 12,23,44,2,228,2,299,0,1035,0
1700000338970,338.97,1293,134.99,650.11,280.41,1941,1,Arah 12,18,46,3,139,2,208,0,1035,0
1700000339037,339.04,1252,0.0,552.6,268.48,1779,1,Arah 12,7,18,5,208,1,239,0,1035,0
1700000339104,339.1,1370,0.0,469.71,228.21,1666,1,Arah 12,34,39,4,180,1,258,0,1035,0
1700000339171,339.17,1256,0.0,399.25,193.98,1569,1,Arah 12,25,18,4,206,2,255,0,1035,0
1700000339237,339.24,1518,0.0,339.36,27.63,1618,1,Arah 12,6,32,4,96,1,139,0,1035,0
1700000339304,339.3,1324,862.4,417.82,23.49,1765,1,Arah 12,39,26,2,136,3,206,0,1035,0
1700000339371,339.37,1403,0.0,355.15,172.55,1507,1,Arah 12,14,22,4,156,2,198,0,1035,0
1700000339437,339.44,1394,0.0,301.87,42.88,1533,1,Arah 12,3,47,2,164,1,217,0,1035,0
1700000339504,339.5,1410,464.95,326.34,36.45,1585,1,Arah 12,41,39,4,123,1,208,0,1035,0
1700000339571,339.57,1332,0.0,277.39,134.77,1398,1,Arah 12,21,62,4,162,4,253,0,1035,0
1700000339637,339.64,1415,0.0,235.78,27.5,1424,1,Arah 12,18,40,4,110,4,176,1,1036,0
1700000339704,339.7,1470,389.96,258.9,226.06,1272,0,,26,55,3,0,3,87,0,1036,0
1700000339771,339.77,1363,1117.38,387.68,105.1,1633,1,Arah 12,36,73,5,106,4,224,0,1037,0
1700000339837,339.84,1321,0.0,329.52,160.1,1471,1,Arah 12,24,39,3,121,3,190,0,1037,0
1700000339904,339.9,1504,0.0,280.1,136.09,1402,0,,11,31,2,0,3,47,0,1037,0
1700000339971,339.97,1478,0.0,238.08,42.02,1414,0,,29,30,5,0,2,66,0,1037,0
1700000340037,340.04,1526,329.96,251.86,35.71,1447,0,,34,46,5,0,4,89,0,1037,0
1700000340104,340.1,1434,0.0,214.08,4.8,1405,0,,35,46,6,0,4,91,0,1037,0
1700000340171,340.17,1526,487.45,255.09,248.49,1243,0,,36,19,6,0,2,63,0,1037,1
1700000340237,340.24,1369,1094.88,381.06,102.4,1623,1,Arah 12,28,33,6,103,2,172,0,1038,0
1700000340304,340.3,1380,0.0,323.9,157.37,1463,1,Arah 12,16,69,2,171,4,262,0,1038,0
1700000340371,340.37,1505,0.0,275.31,38.66,1488,0,,34,19,2,0,1,56,0,1038,0
1700000340437,340.44,1435,772.41,349.88,32.86,1632,1,Arah 12,12,19,4,143,2,180,0,1038,0
1700000340504,340.5,1402,0.0,297.4,144.49,1426,1,Arah 12,15,69,3,161,4,252,0,1039,0
1700000340571,340.57,1520,0.0,252.79,122.82,1363,0,,17,73,5,0,2,97,1,1040,0
1700000340637,340.64,1453,0.0,214.87,104.4,1309,0,,36,21,4,0,2,63,0,1040,0
1700000340704,340.7,1573,0.0,182.64,23.43,1327,0,,2,52,6,0,3,63,1,1040,0
1700000340771,340.77,1573,502.44,230.61,229.17,1215,0,,32,36,4,0,4,76,0,1040,0
1700000340837,340.84,1506,937.4,336.63,127.83,1516,1,Arah 12,5,59,3,189,1,257,1,1040,0
1700000340904,340.9,1448,202.48,316.51,25.27,1578,1,Arah 12,35,54,6,138,4,237,0,1040,0
1700000340971,340.97,1479,337.46,319.65,21.48,1587,1,Arah 12,18,68,4,139,2,231,1,1040,1
1700000341037,341.04,1403,202.48,302.07,93.59,1485,1,Arah 12,29,49,6,139,1,224,3,1040,0
1700000341104,341.1,1452,0.0,256.76,246.89,1248,0,,40,22,5,0,2,69,0,1040,0
1700000341171,341.17,1469,1664.82,467.97,424.13,1475,1,Arah 12,4,12,6,135,1,158,0,1040,0
1700000341237,341.24,1230,959.89,541.76,11.12,1995,1,Arah 12,12,55,2,126,4,199,0,1040,0
1700000341304,341.3,1341,0.0,460.49,223.73,1654,1,Arah 12,18,29,2,146,4,199,0,1040,0
1700000341371,341.37,1474,0.0,391.42,150.0,1597,1,Arah 12,26,29,6,149,2,212,0,1041,0
1700000341437,341.44,1434,179.98,359.7,23.17,1660,1,Arah 12,2,33,6,168,3,212,0,1041,0
1700000341504,341.5,1450,674.93,406.99,16.34,1752,1,Arah 12,36,38,5,129,4,212,0,1041,0
1700000341571,341.57,1344,164.98,370.69,136.77,1571,1,Arah 12,19,30,5,176,3,233,0,1041,0
1700000341637,341.64,1428,0.0,315.08,153.09,1451,1,Arah 12,20,58,5,214,1,298,0,1041,0
1700000341704,341.7,1538,0.0,267.82,125.1,1389,0,,40,48,3,0,3,94,0,1041,0
1700000341771,341.77,1552,22.5,231.02,15.87,1427,0,,44,33,2,0,4,83,1,1041,0
1700000341837,341.84,1535,547.44,278.49,139.04,1396,0,,37,21,5,0,1,64,1,1041,0
1700000341904,341.9,1479,584.94,324.45,4.02,1613,1,Arah 12,36,51,3,155,3,248,0,1041,0
1700000341971,341.97,1457,0.0,275.78,133.99,1395,0,,34,21,2,0,3,60,1,1042,1
1700000342038,342.04,1495,0.0,234.42,1.73,1447,0,,33,34,4,0,3,74,0,1042,0
1700000342104,342.1,1480,502.44,274.62,150.87,1377,0,,4,66,6,0,3,79,1,1042,0
1700000342171,342.17,1428,682.42,335.79,124.89,1517,1,Arah 12,2,26,2,112,3,145,0,1042,0
1700000342238,342.24,1389,487.45,358.54,46.18,1636,1,Arah 12,27,59,5,106,1,198,1,1042,0
1700000342304,342.3,1363,0.0,304.76,148.07,1436,1,Arah 12,30,66,4,182,2,284,0,1042,0
1700000342371,342.37,1464,0.0,259.04,33.79,1462,0,,4,32,2,0,2,40,0,1042,0
1700000342438,342.44,1544,412.45,282.06,346.27,1197,0,,41,43,4,0,3,91,1,1042,0
1700000342504,342.5,1409,1679.81,491.72,366.31,1575,1,Arah 12,19,25,3,130,3,180,0,1042,0
1700000342571,342.57,1320,734.92,528.2,63.62,1924,1,Arah 12,44,56,2,99,4,205,0,1042,0
1700000342638,342.64,1311,0.0,448.97,218.13,1638,1,Arah 12,7,69,4,204,2,286,0,1042,0
1700000342704,342.7,1604,0.0,381.62,316.8,1417,0,,4,62,5,0,4,75,0,1043,0
1700000342771,342.77,1552,2249.75,661.84,356.33,1893,1,Arah 12,28,35,6,99,2,170,0,1043,0
1700000342838,342.84,1304,389.96,621.06,199.33,1963,1,Arah 12,27,71,4,164,1,267,0,1043,0
1700000342904,342.9,1500,0.0,527.9,256.48,1746,1,Arah 12,35,44,5,132,2,218,0,1045,0
1700000342971,342.97,1494,0.0,448.72,218.01,1638,1,Arah 12,32,59,5,132,1,229,0,1045,0
1700000343038,343.04,1502,0.0,381.41,166.9,1562,1,Arah 12,5,12,4,127,4,152,0,1045,0
1700000343104,343.1,1532,82.49,336.57,141.86,1502,0,,19,16,4,0,4,43,0,1045,0
1700000343171,343.17,1491,0.0,286.09,125.5,1423,0,,8,62,6,0,1,77,0,1045,0
1700000343238,343.24,1609,1184.87,420.9,106.68,1692,1,Arah 12,5,54,6,148,4,217,0,1045,0
1700000343304,343.3,1333,0.0,357.77,173.82,1511,1,Arah 12,26,37,6,92,2,163,0,1045,0
1700000343371,343.37,1641,0.0,304.1,339.4,1246,0,,43,61,6,0,4,114,1,1045,0
1700000343438,343.44,1426,2182.26,585.83,288.49,1820,1,Arah 12,18,47,2,198,2,267,0,1045,0
1700000343504,343.5,1350,0.0,497.95,241.93,1705,1,Arah 12,21,69,4,182,4,280,0,1045,0
1700000343571,343.57,1501,0.0,423.26,205.64,1602,1,Arah 12,7,49,6,155,1,218,0,1045,0
1700000343638,343.64,1477,0.0,359.77,89.42,1596,1,Arah 12,14,14,6,112,2,148,0,1045,0
1700000343704,343.7,1508,382.46,363.17,57.92,1633,1,Arah 12,36,65,4,229,3,337,0,1045,0
1700000343771,343.77,1426,599.93,398.69,70.99,1686,1,Arah 1,8,50,3,199,1,261,0,1046,0
1700000343838,343.84,1428,479.95,410.88,73.58,1705,1,Arah 1,23,51,3,99,1,177,0,1046,0
1700000343904,343.9,1362,0.0,349.24,169.68,1499,1,Arah 1,34,64,3,120,1,222,0,1047,0
1700000343971,343.97,1496,0.0,296.86,144.23,1425,1,Arah 1,2,27,6,0,1,36,0,1047,0
1700000344038,344.04,1549,0.0,252.33,122.6,1362,1,Arah 1,19,34,5,0,3,61,0,1047,0
1700000344104,344.1,1584,0.0,214.48,104.21,1308,1,Arah 1,44,18,5,0,2,69,0,1047,1
1700000344171,344.17,1550,0.0,182.31,30.28,1320,1,Arah 1,30,38,4,0,1,73,0,1047,0
1700000344238,344.24,1692,532.44,234.83,350.51,1102,1,Arah 1,20,24,3,0,4,51,0,1047,0
1700000344304,344.3,1479,1454.84,417.83,179.07,1618,1,Arah 1,32,54,5,194,2,287,0,1047,0
1700000344371,344.37,1498,0.0,355.16,145.77,1533,1,Arah 1,24,41,5,125,4,199,0,1047,0
1700000344438,344.44,1513,119.99,319.88,45.22,1565,1,Arah 1,40,39,5,91,3,178,0,1047,0
1700000344504,344.5,1482,352.46,324.77,95.48,1525,1,Arah 1,12,58,3,100,3,176,0,1047,0
1700000344571,344.57,1466,719.92,384.04,2.48,1724,1,Arah 1,31,43,6,147,3,230,1,1048,0
1700000344638,344.64,1386,0.0,326.43,158.6,1467,1,Arah 1,6,19,6,135,2,168,0,1048,0
1700000344704,344.7,1514,0.0,277.47,81.24,1450,1,Arah 1,36,14,4,0,4,58,0,1048,0
1700000344771,344.77,1650,239.97,271.84,38.08,1482,1,Arah 1,22,30,3,0,2,57,0,1048,0
1700000344838,344.84,1482,479.95,303.06,21.2,1557,1,Arah 1,15,60,3,147,2,227,0,1048,0
1700000344904,344.9,1586,0.0,257.6,9.65,1483,1,Arah 1,5,61,4,0,2,72,0,1049,0
1700000344971,344.97,1557,517.44,296.58,8.2,1557,1,Arah 1,7,64,6,0,1,78,0,1049,0
1700000345038,345.04,1517,0.0,252.09,9.77,1472,1,Arah 1,36,27,5,0,2,70,1,1049,0
1700000345105,345.11,1572,592.43,303.14,8.3,1569,1,Arah 1,8,71,4,0,2,85,0,1049,0
1700000345171,345.17,1438,0.0,257.67,100.08,1394,1,Arah 1,37,25,5,0,1,68,0,1049,0
1700000345238,345.24,1594,112.49,235.89,105.77,1347,1,Arah 1,29,41,4,0,1,75,0,1049,0
1700000345305,345.31,1423,854.91,328.75,64.8,1562,1,Arah 1,13,26,6,227,4,276,0,1049,1
1700000345371,345.37,1480,0.0,279.43,135.76,1401,1,Arah 1,44,42,4,0,1,91,1,1049,0
1700000345438,345.44,1690,0.0,237.52,433.69,1024,1,Arah 1,17,40,2,0,3,62,1,1049,0
1700000345505,345.51,1509,2459.73,570.85,368.64,1718,1,Arah 1,23,38,5,139,1,206,0,1049,0
1700000345571,345.57,1362,0.0,485.22,235.75,1688,1,Arah 1,43,60,4,143,1,251,0,1049,0
1700000345638,345.64,1588,0.0,412.44,4.52,1773,1,Arah 1,11,60,3,189,3,266,0,1049,0
1700000345705,345.71,1593,877.4,482.18,187.0,1728,1,Arah 1,3,39,3,178,3,226,0,1049,0
1700000345771,345.77,1471,854.91,538.09,36.92,1965,1,Arah 1,43,46,5,157,4,255,0,1049,0
1700000345838,345.84,1479,0.0,457.38,11.29,1847,1,Arah 1,19,18,4,207,4,252,2,1049,0
1700000345905,345.91,1491,944.9,530.51,9.6,1977,1,Arah 1,15,68,3,217,4,307,0,1049,0
1700000345971,345.97,1353,0.0,450.93,219.09,1641,1,Arah 1,23,27,5,184,2,241,0,1049,0
1700000346038,346.04,1555,0.0,383.29,186.22,1547,1,Arah 1,21,21,4,0,1,47,0,1049,0
1700000346105,346.11,1593,0.0,325.8,131.51,1492,1,Arah 1,41,31,2,0,3,77,0,1049,0
1700000346171,346.17,1610,119.99,294.93,146.02,1420,1,Arah 1,27,63,5,0,2,97,0,1049,0
1700000346238,346.24,1577,1154.87,423.92,232.93,1577,1,Arah 1,14,50,5,0,3,72,0,1049,0
1700000346305,346.31,1456,607.43,451.44,59.81,1792,1,Arah 12,28,71,5,181,2,287,0,1049,0
1700000346371,346.37,1496,0.0,383.73,57.53,1671,1,Arah 12,29,72,6,175,4,286,0,1049,0
1700000346438,346.44,1587,577.44,412.78,110.13,1674,1,Arah 12,34,35,5,145,2,221,0,1050,0
1700000346505,346.51,1419,712.42,457.73,35.29,1826,1,Arah 12,41,15,6,186,3,251,0,1050,0
1700000346571,346.57,1492,0.0,389.07,147.18,1595,1,Arah 12,41,17,4,203,1,266,1,1050,0
1700000346638,346.64,1574,187.48,358.83,125.1,1560,0,,26,70,4,0,1,101,0,1051,0
1700000346705,346.71,1467,0.0,305.01,123.08,1461,0,,20,45,5,0,1,71,0,1051,0
1700000346771,346.77,1639,112.49,276.13,322.27,1210,0,,9,40,5,0,2,56,0,1051,0
1700000346838,346.84,1452,1912.29,521.55,248.82,1742,1,Arah 12,15,20,2,201,1,239,0,1051,0
1700000346905,346.91,1384,0.0,443.32,215.39,1630,1,Arah 12,35,52,2,222,4,315,1,1051,0
1700000346971,346.97,1586,0.0,376.82,139.56,1580,0,,3,16,3,0,3,25,0,1051,0
1700000347038,347.04,1687,194.98,349.55,196.1,1474,0,,44,24,2,0,1,71,0,1051,0
1700000347105,347.11,1560,1409.84,508.59,185.1,1778,1,Arah 12,44,49,5,194,2,294,0,1052,0
1700000347171,347.17,1499,277.47,473.92,157.39,1741,1,Arah 12,20,31,2,168,3,224,0,1052,0
1700000347238,347.24,1523,0.0,402.83,195.72,1574,1,Arah 12,8,36,4,162,2,212,0,1052,0
1700000347305,347.31,1664,0.0,342.41,116.14,1538,0,,30,54,4,0,1,89,0,1052,1
1700000347371,347.37,1621,224.98,324.79,98.72,1522,0,,29,65,2,0,3,99,0,1053,0
1700000347438,347.44,1634,0.0,276.07,52.1,1476,0,,29,54,3,0,3,89,0,1053,0
1700000347505,347.51,1644,367.46,289.78,12.48,1540,0,,32,28,3,0,4,67,0,1053,0
1700000347571,347.57,1585,142.48,267.69,92.64,1421,0,,26,69,6,0,2,103,0,1053,0
1700000347638,347.64,1625,0.0,227.53,267.79,1171,0,,21,73,2,0,3,99,0,1053,0
1700000347705,347.71,1623,1694.81,447.63,261.1,1594,0,,29,41,3,0,2,75,0,1053,0
1700000347771,347.77,1399,149.98,402.98,156.4,1612,1,Arah 12,5,41,6,103,4,159,0,1054,1
1700000347838,347.84,1603,0.0,342.53,19.4,1632,1,Arah 12,3,70,6,206,3,288,1,1054,0
1700000347905,347.91,1454,832.41,416.01,96.84,1693,1,Arah 12,19,58,4,195,3,279,0,1054,0
1700000347971,347.97,1492,359.96,407.61,13.68,1756,1,Arah 12,33,74,3,91,2,203,0,1054,0
1700000348038,348.04,1406,524.94,425.21,68.73,1736,1,Arah 12,9,60,6,107,2,184,0,1055,0
1700000348105,348.11,1422,0.0,361.43,157.19,1534,1,Arah 12,12,60,3,218,2,295,0,1055,0
1700000348172,348.17,1623,82.49,319.59,133.61,1479,0,,3,23,3,0,2,31,0,1055,0
1700000348238,348.24,1411,0.0,271.65,131.98,1390,0,,35,68,5,0,3,111,0,1056,0
1700000348305,348.31,1780,0.0,230.9,117.16,1327,0,,31,64,4,0,3,102,0,1056,0
1700000348372,348.37,1595,1027.39,350.37,99.59,1569,0,,2,22,6,0,2,32,0,1057,0
1700000348438,348.44,1643,0.0,297.82,54.3,1515,0,,11,58,4,0,3,76,0,1057,0
1700000348505,348.51,1695,404.96,313.89,308.75,1296,0,,36,43,3,0,1,83,1,1057,0
1700000348572,348.57,1589,1589.82,505.28,172.03,1784,1,Arah 12,6,27,6,213,1,253,1,1057,0
1700000348638,348.64,1483,0.0,429.49,208.67,1611,1,Arah 12,43,62,5,181,1,292,0,1057,0
1700000348705,348.71,1689,0.0,365.06,252.86,1448,0,,21,13,4,0,4,42,0,1057,0
1700000348772,348.77,1659,1927.29,599.4,425.86,1716,1,Arah 12,19,57,3,206,4,289,0,1057,0
1700000348838,348.84,1432,944.9,651.22,68.25,2130,1,Arah 12,35,57,4,93,4,193,0,1057,1
1700000348905,348.91,1533,0.0,553.54,268.94,1780,1,Arah 12,35,30,6,143,1,215,0,1057,0
1700000348972,348.97,1616,0.0,470.51,61.01,1825,1,Arah 12,18,58,2,151,1,230,1,1057,0
1700000349038,349.04,1619,1297.36,594.53,291.25,1833,1,Arah 12,6,70,5,226,2,309,0,1057,0
1700000349105,349.11,1443,1072.38,666.21,42.05,2177,1,Arah 12,5,29,4,167,1,206,1,1057,0
1700000349172,349.17,1476,0.0,566.28,275.13,1798,1,Arah 12,15,33,3,215,4,270,1,1057,0
1700000349238,349.24,1633,0.0,481.34,71.48,1834,1,Arah 12,27,12,2,215,4,260,0,1058,0
1700000349305,349.31,1496,727.42,518.25,60.76,1909,1,Arah 12,9,66,2,191,3,271,0,1058,0
1700000349372,349.37,1536,0.0,440.51,214.03,1626,1,Arah 12,34,22,5,122,2,185,0,1058,0
1700000349438,349.44,1679,0.0,374.44,41.3,1669,0,,37,35,4,0,1,77,0,1058,0
1700000349505,349.51,1555,629.93,412.76,35.11,1745,1,Arah 12,43,62,6,129,2,242,0,1058,0
1700000349572,349.57,1595,0.0,350.85,168.79,1503,0,,34,51,5,0,4,94,0,1058,0
1700000349638,349.64,1608,7.5,299.34,143.47,1431,0,,14,57,3,0,3,77,1,1058,0
1700000349705,349.71,1594,0.0,254.44,76.75,1411,0,,33,42,3,0,1,79,0,1059,0
1700000349772,349.77,1658,209.98,247.77,65.24,1410,0,,29,46,5,0,3,83,0,1059,0
1700000349838,349.84,1566,0.0,210.61,102.32,1303,0,,12,71,4,0,2,89,0,1059,0
1700000349905,349.91,1695,0.0,179.02,256.2,1089,0,,21,20,5,0,4,50,0,1059,0
1700000349972,349.97,1729,1537.33,382.76,586.06,1152,0,,34,68,3,0,4,109,0,1059,0
1700000350038,350.04,1490,1649.82,572.82,154.97,1919,1,Arah 12,37,62,3,171,4,277,0,1059,1
1700000350105,350.11,1509,0.0,486.9,236.56,1690,1,Arah 12,28,21,6,211,2,268,0,1059,0
1700000350172,350.17,1638,0.0,413.86,52.09,1731,1,Arah 12,15,31,5,165,1,217,0,1059,0
1700000350238,350.24,1821,667.43,451.9,79.61,1774,0,,7,55,2,0,1,65,0,1059,0
1700000350305,350.31,1549,554.94,467.35,81.33,1800,1,Arah 12,22,58,2,91,3,176,0,1059,0
1700000350372,350.37,1747,0.0,397.25,102.61,1653,0,,23,45,3,0,1,72,0,1059,0
1700000350438,350.44,1627,404.95,398.41,87.22,1670,1,Arah 12,24,22,4,196,2,248,0,1059,0
1700000350505,350.51,1693,0.0,338.65,77.48,1569,0,,13,44,4,0,2,63,0,1059,0
1700000350572,350.57,1752,389.96,346.34,208.68,1456,0,,23,50,5,0,4,82,0,1059,0
1700000350638,350.64,1641,1229.86,478.87,175.71,1733,1,Arah 12,32,66,4,214,3,319,0,1059,0
1700000350705,350.71,1588,382.46,464.41,125.19,1754,1,Arah 12,2,64,3,182,1,252,0,1059,0
1700000350772,350.77,1590,0.0,394.75,191.79,1563,0,,37,71,4,0,4,116,1,1060,0
1700000350838,350.84,1789,0.0,335.53,61.3,1578,0,,7,16,3,0,4,30,0,1060,0
1700000350905,350.91,1733,1004.89,435.94,189.38,1641,0,,25,52,4,0,3,84,0,1060,0
1700000350972,350.97,1655,614.93,462.79,54.98,1817,1,Arah 12,10,48,4,158,3,223,1,1060,0
1700000351039,351.04,1651,37.5,398.99,61.8,1695,1,Arah 12,44,68,5,121,4,242,0,1060,0
1700000351105,351.11,1650,547.44,421.26,11.08,1783,1,Arah 12,34,25,2,156,1,218,0,1060,0
1700000351172,351.17,1578,322.46,406.44,112.78,1660,1,Arah 12,32,57,5,183,2,279,0,1060,0
1700000351239,351.24,1607,0.0,345.47,129.35,1531,0,,9,27,2,0,2,40,0,1060,0
1700000351305,351.31,1640,172.48,319.53,162.92,1450,0,,29,28,4,0,1,62,0,1060,0
1700000351372,351.37,1584,1222.36,454.95,99.98,1761,1,Arah 12,7,31,4,120,3,165,0,1061,0
1700000351439,351.44,1477,0.0,386.71,187.88,1552,1,Arah 12,33,13,3,204,3,256,1,1061,0
1700000351505,351.51,1686,0.0,328.7,2.68,1622,0,,40,58,4,0,3,105,0,1061,0
1700000351572,351.57,1678,727.42,388.51,101.05,1638,0,,2,74,5,0,1,82,0,1061,0
1700000351639,351.64,1589,442.45,396.6,76.49,1677,1,Arah 12,12,31,6,92,2,143,0,1061,0
1700000351705,351.71,1619,0.0,337.11,163.79,1482,0,,17,43,3,0,4,67,0,1061,0
1700000351772,351.77,1732,0.0,286.54,8.64,1538,0,,17,61,2,0,3,83,0,1061,0
1700000351839,351.84,1633,584.94,331.3,9.39,1620,0,,22,72,6,0,2,102,0,1062,0
1700000351905,351.91,1654,74.99,292.86,122.59,1439,0,,13,52,4,0,2,71,0,1062,1
1700000351972,351.97,1623,0.0,248.93,120.94,1357,0,,2,61,3,0,3,69,0,1063,0
1700000352039,352.04,1669,0.0,211.59,29.14,1377,0,,24,26,5,0,3,58,0,1063,0
1700000352105,352.11,1772,329.96,229.34,125.89,1315,0,,8,56,3,0,4,71,0,1063,0
1700000352172,352.17,1625,674.93,296.18,45.07,1521,0,,29,73,4,0,2,108,0,1063,0
1700000352239,352.24,1682,52.49,259.63,112.36,1386,0,,33,13,3,0,2,51,0,1063,0
1700000352305,352.31,1618,0.0,220.68,38.42,1385,0,,27,34,4,0,2,67,0,1063,0
1700000352372,352.37,1766,652.43,285.45,250.28,1299,0,,43,31,3,0,1,78,1,1063,0
1700000352439,352.44,1531,974.89,388.86,67.1,1671,1,Arah 12,40,59,6,137,4,246,1,1064,0
1700000352505,352.51,1636,0.0,330.53,160.59,1473,0,,40,22,4,0,4,70,0,1064,0
1700000352572,352.57,1629,0.0,280.95,39.27,1498,0,,36,65,4,0,3,108,0,1064,0
1700000352639,352.64,1703,787.41,356.92,230.92,1454,0,,22,65,6,0,2,95,0,1064,0
1700000352705,352.71,1524,884.9,436.12,20.51,1801,1,Arah 12,7,71,5,100,2,185,0,1066,0
1700000352772,352.77,1585,0.0,370.7,180.11,1529,0,,14,69,5,0,3,91,0,1066,0
1700000352839,352.84,1693,0.0,315.1,106.39,1497,0,,5,58,2,0,1,66,0,1066,0
1700000352905,352.91,1720,1162.37,442.19,165.76,1675,0,,15,33,6,0,3,57,0,1066,0
1700000352972,352.97,1538,337.46,426.48,118.58,1691,1,Arah 12,10,52,3,101,2,168,1,1066,0
1700000353039,353.04,1675,0.0,362.51,176.13,1518,0,,42,66,4,0,3,115,0,1066,0
1700000353105,353.11,1741,0.0,308.13,231.98,1360,0,,25,59,5,0,3,92,0,1066,0
1700000353172,353.17,1781,1709.81,518.38,364.58,1626,0,,9,12,6,0,3,30,0,1066,0
1700000353239,353.24,1513,749.92,553.11,71.79,1960,1,Arah 12,12,47,4,115,2,180,0,1066,0
1700000353305,353.31,1681,0.0,470.15,101.2,1787,1,Arah 12,14,29,4,191,4,242,0,1066,0
1700000353372,353.37,1780,569.94,485.11,203.59,1718,0,,21,17,4,0,4,46,0,1066,0
1700000353439,353.44,1605,1297.36,606.95,45.83,2075,1,Arah 12,10,66,6,115,4,201,0,1066,0
1700000353505,353.51,1607,0.0,515.91,238.94,1741,1,Arah 12,27,69,2,137,4,239,0,1066,0
1700000353572,353.57,1707,52.49,446.4,203.1,1648,0,,38,24,6,0,2,70,0,1066,0
1700000353639,353.64,1600,0.0,379.44,184.35,1541,1,Arah 1,23,28,5,0,4,60,1,1066,0
1700000353705,353.71,1783,0.0,322.52,271.86,1349,1,Arah 1,16,56,3,0,3,78,0,1066,0
1700000353772,353.77,1622,1919.79,562.11,231.08,1831,1,Arah 1,5,66,6,187,3,267,0,1066,0
1700000353839,353.84,1527,0.0,477.79,232.14,1678,1,Arah 1,5,39,5,104,1,154,0,1066,0
1700000353905,353.91,1701,0.0,406.13,197.32,1579,1,Arah 1,16,21,3,0,4,44,0,1066,0
1700000353972,353.97,1702,0.0,345.21,154.33,1507,1,Arah 1,3,35,5,0,4,47,0,1066,0
1700000354039,354.04,1927,59.99,302.42,270.59,1311,1,Arah 1,37,41,3,0,1,82,0,1066,0
1700000354106,354.11,1694,1799.8,527.03,216.61,1782,1,Arah 1,23,22,4,168,1,218,0,1066,0
1700000354172,354.17,1687,0.0,447.98,164.08,1688,1,Arah 1,27,26,2,193,1,249,0,1066,0
1700000354239,354.24,1760,239.97,416.78,17.26,1769,1,Arah 1,42,52,6,114,2,216,0,1066,0
1700000354306,354.31,1655,547.44,436.38,68.24,1757,1,Arah 1,18,41,6,174,3,242,0,1066,0
1700000354372,354.37,1687,0.0,370.92,180.21,1530,1,Arah 1,7,12,6,0,1,26,0,1066,0
1700000354439,354.44,1780,0.0,315.28,81.19,1521,1,Arah 1,30,34,3,0,1,68,1,1067,0
1700000354506,354.51,1771,1049.88,425.47,206.28,1606,1,Arah 1,11,65,5,0,2,83,0,1067,0
1700000354572,354.57,1640,614.93,453.89,59.03,1797,1,Arah 1,33,54,4,113,1,205,0,1067,0
1700000354639,354.64,1689,0.0,385.81,187.45,1550,1,Arah 1,41,72,3,0,4,120,1,1067,0
1700000354706,354.71,1702,0.0,327.94,159.33,1469,1,Arah 1,6,14,4,0,2,26,0,1067,0
1700000354772,354.77,1711,0.0,278.75,135.43,1400,1,Arah 1,33,36,2,0,3,74,0,1067,0
1700000354839,354.84,1833,0.0,236.93,162.78,1293,1,Arah 1,44,56,6,0,4,110,0,1067,0
1700000354906,354.91,1760,1244.86,388.12,138.36,1602,1,Arah 1,40,38,3,0,2,83,0,1067,0
1700000354972,354.97,1667,0.0,329.9,123.46,1508,1,Arah 1,33,67,4,0,4,108,0,1067,0
1700000355039,355.04,1764,164.98,305.17,61.41,1522,1,Arah 1,39,58,3,0,2,102,1,1067,0
1700000355106,355.11,1645,194.98,288.64,89.03,1464,1,Arah 1,10,19,3,0,3,35,0,1067,0
1700000355172,355.17,1738,0.0,245.34,110.83,1360,1,Arah 1,11,15,3,0,4,33,0,1067,0
1700000355239,355.24,1645,37.5,214.17,94.21,1317,1,Arah 1,44,47,2,0,2,95,0,1067,0
1700000355306,355.31,1733,0.0,182.04,53.29,1297,1,Arah 1,24,25,4,0,2,55,0,1067,0
1700000355372,355.37,1788,157.48,178.36,20.19,1322,1,Arah 1,12,66,5,0,3,86,0,1067,0
1700000355439,355.44,1712,112.49,168.48,52.31,1272,1,Arah 1,30,65,2,0,1,98,0,1067,1
1700000355506,355.51,1773,0.0,143.2,69.58,1206,1,Arah 1,25,33,3,0,1,62,0,1067,0
1700000355572,355.57,1824,0.0,121.72,73.11,1161,1,Arah 1,36,59,2,0,4,101,0,1067,0
1700000355639,355.64,1874,592.43,192.33,175.98,1194,1,Arah 1,2,62,4,0,2,70,0,1067,0
1700000355706,355.71,1745,509.94,239.97,208.17,1254,1,Arah 1,3,50,4,0,2,59,1,1067,0
1700000355772,355.77,1806,854.91,332.21,330.96,1309,1,Arah 1,43,59,6,0,3,111,0,1067,0
1700000355839,355.84,1631,1199.87,462.36,184.22,1695,1,Arah 1,32,33,3,154,1,223,0,1067,0
1700000355906,355.91,1646,419.95,456.0,111.26,1752,1,Arah 1,25,71,3,133,4,236,0,1067,0
1700000355972,355.97,1575,0.0,387.6,188.32,1553,1,Arah 1,27,45,5,0,1,78,0,1067,0
1700000356039,356.04,1749,0.0,329.46,160.07,1471,1,Arah 1,33,63,5,0,1,102,0,1067,0
1700000356106,356.11,1673,0.0,280.04,136.06,1401,0,,11,41,5,0,2,59,0,1067,0
1700000356172,356.17,1873,0.0,238.03,60.41,1396,0,,29,48,5,0,4,86,1,1068,0
1700000356239,356.24,1721,247.47,239.45,39.63,1419,0,,4,50,2,0,4,60,1,1068,0
1700000356306,356.31,1840,52.49,211.41,162.18,1245,0,,7,71,5,0,4,87,0,1068,0
1700000356372,356.37,1714,1124.88,348.43,154.59,1512,0,,35,34,5,0,1,75,0,1068,0
1700000356439,356.44,1690,127.49,315.29,49.39,1552,0,,17,14,4,0,1,36,0,1068,0
1700000356506,356.51,1697,314.97,315.24,70.44,1532,0,,21,68,3,0,1,93,0,1070,0
1700000356572,356.57,1648,0.0,267.95,130.19,1384,0,,36,59,5,0,3,103,0,1071,0
1700000356639,356.64,1878,0.0,227.76,33.31,1403,0,,13,15,4,0,1,33,0,1072,0
1700000356706,356.71,1756,644.93,290.33,28.31,1526,0,,29,58,6,0,1,94,0,1072,0
1700000356772,356.77,1792,0.0,246.78,107.77,1366,0,,21,50,4,0,2,77,0,1073,0
1700000356839,356.84,1782,1019.89,362.75,91.6,1600,0,,20,62,3,0,2,87,0,1074,0
1700000356906,356.91,1656,0.0,308.34,149.81,1442,0,,22,31,6,0,2,61,0,1074,0
1700000356972,356.97,1832,0.0,262.09,1.78,1499,0,,7,42,2,0,2,53,0,1074,0
1700000357039,357.04,1812,562.44,307.14,108.97,1479,0,,20,14,3,0,4,41,0,1075,0
1700000357106,357.11,1757,494.95,335.31,32.93,1605,0,,29,69,4,0,2,104,0,1076,0
1700000357173,357.17,1746,0.0,285.01,138.48,1409,0,,38,42,4,0,3,87,0,1076,0
1700000357239,357.24,1872,0.0,242.26,63.09,1402,0,,4,65,3,0,2,74,0,1076,0
1700000357306,357.31,1849,809.91,327.41,246.14,1383,0,,4,35,3,0,4,46,0,1076,0
1700000357373,357.37,1764,862.4,407.66,204.2,1575,0,,23,58,6,0,1,88,0,1076,0
1700000357439,357.44,1734,787.41,464.62,17.88,1854,1,Arah 12,35,28,6,208,1,278,0,1076,0
1700000357506,357.51,1659,164.98,419.68,128.77,1669,1,Arah 12,4,22,6,149,4,185,0,1076,1
1700000357573,357.57,1712,142.48,378.1,146.28,1576,0,,26,17,2,0,1,46,0,1077,0
1700000357639,357.64,1640,0.0,321.38,156.15,1460,0,,33,63,6,0,4,106,0,1077,0
1700000357706,357.71,1726,0.0,273.17,27.26,1495,0,,33,46,5,0,1,85,0,1077,0
1700000357773,357.77,1741,472.45,303.07,23.17,1555,0,,39,12,5,0,4,60,1,1077,0
1700000357839,357.84,1663,0.0,257.61,125.16,1370,0,,18,13,5,0,4,40,0,1077,0
1700000357906,357.91,1850,0.0,218.97,5.78,1414,0,,25,50,2,0,2,79,0,1077,0
1700000357973,357.97,1718,502.44,261.49,4.91,1495,0,,6,67,2,0,2,77,0,1077,0
1700000358039,358.04,1783,0.0,222.26,54.42,1372,0,,15,59,4,0,4,82,0,1077,0
1700000358106,358.11,1819,239.97,224.92,109.43,1323,0,,8,28,6,0,1,43,0,1077,0
1700000358173,358.17,1751,697.42,295.8,72.93,1493,0,,16,62,2,0,2,82,0,1077,0
1700000358239,358.24,1726,149.98,273.92,93.7,1431,0,,38,46,6,0,2,92,0,1077,0
1700000358306,358.31,1731,0.0,232.84,113.12,1334,0,,37,54,6,0,3,100,0,1077,0
1700000358373,358.37,1814,0.0,197.91,96.16,1284,0,,28,32,4,0,4,68,0,1077,0
1700000358439,358.44,1834,0.0,168.22,48.25,1275,0,,13,65,6,0,3,87,2,1077,0
1700000358506,358.51,1925,149.98,165.49,66.13,1252,0,,26,14,5,0,2,47,1,1078,0
1700000358573,358.57,1814,479.95,212.66,211.89,1198,0,,11,40,4,0,1,56,0,1078,0
1700000358639,358.64,1861,847.41,307.87,133.24,1457,0,,38,43,6,0,3,90,0,1078,0
1700000358706,358.71,1701,269.97,302.18,75.92,1502,0,,34,54,4,0,4,96,1,1078,0
1700000358773,358.77,1825,0.0,256.86,124.8,1369,0,,7,53,5,0,1,66,0,1078,0
1700000358839,358.84,1775,0.0,218.33,106.08,1314,0,,10,73,3,0,1,87,0,1078,0
1700000358906,358.91,1867,0.0,185.58,1.91,1354,0,,32,31,5,0,3,71,0,1078,0
1700000358973,358.97,1856,412.45,219.61,1.62,1419,0,,16,49,3,0,1,69,0,1078,0
1700000359039,359.04,1812,0.0,186.67,90.69,1268,0,,34,34,5,0,1,74,0,1078,0
1700000359106,359.11,1881,0.0,158.67,309.62,1000,0,,27,27,5,0,2,61,0,1078,0
1700000359173,359.17,1894,1732.31,394.71,427.23,1333,0,,43,53,2,0,2,100,0,1078,0
1700000359239,359.24,1650,734.92,445.74,23.56,1815,1,Arah 12,18,51,6,216,1,292,0,1078,0
1700000359306,359.31,1796,0.0,378.88,11.66,1706,0,,22,52,6,0,2,82,0,1078,0
1700000359373,359.37,1783,772.41,437.91,6.83,1817,1,Arah 12,39,14,3,106,2,164,1,1078,0
1700000359439,359.44,1693,74.99,383.47,166.62,1566,0,,11,30,6,0,3,50,0,1080,0
1700000359506,359.51,1773,0.0,325.95,158.37,1466,0,,12,45,4,0,2,63,0,1081,0
1700000359573,359.57,1730,0.0,277.06,134.61,1397,0,,41,72,2,0,4,119,0,1081,0
1700000359639,359.64,1807,0.0,235.5,19.0,1432,0,,32,35,3,0,3,73,1,1081,0
1700000359706,359.71,1981,427.45,264.29,291.88,1217,0,,24,24,5,0,3,56,0,1081,0
1700000359773,359.77,1750,1379.85,431.63,278.23,1548,0,,13,12,2,0,3,30,0,1081,0
1700000359839,359.84,1797,562.44,451.25,71.53,1780,0,,38,22,2,0,1,63,0,1081,0
1700000359906,359.91,1675,0.0,383.56,186.36,1547,0,,24,61,3,0,1,89,0,1081,0
1700000359973,359.97,1805,0.0,326.03,158.4,1467,0,,31,59,5,0,3,98,1,1082,0
1700000360040,360.04,4506,0.0,277.12,111.21,1420,0,,43,66,6,0,4,119,1,1082,0
1700000360106,360.11,4530,104.99,251.3,173.32,1310,0,,8,34,2,0,1,45,0,1082,0
1700000360173,360.17,4492,1199.87,393.59,135.61,1615,0,,22,24,2,0,3,51,0,1082,0
1700000360240,360.24,4370,52.49,342.42,152.58,1503,0,,30,52,4,0,4,90,0,1082,0
1700000360306,360.31,4485,0.0,291.06,141.41,1417,0,,23,46,5,0,3,77,0,1083,0
1700000360373,360.37,4694,0.0,247.4,274.87,1202,0,,9,51,6,0,3,69,0,1083,0
1700000360440,360.44,4532,1769.8,475.76,476.38,1438,0,,6,37,3,0,2,48,0,1083,0
1700000360506,360.51,4458,1087.38,567.5,9.85,2040,0,,26,17,5,0,2,50,0,1083,0
1700000360573,360.57,4387,0.0,482.38,234.37,1684,0,,38,16,5,0,3,62,0,1083,0
1700000360640,360.64,4487,0.0,410.02,199.21,1584,0,,26,34,2,0,2,64,2,1083,0
1700000360706,360.71,4529,0.0,348.52,169.33,1498,0,,16,17,2,0,1,36,0,1083,0
1700000360773,360.77,4541,0.0,296.24,6.73,1558,0,,43,71,3,0,2,119,0,1084,0
1700000360840,360.84,4554,674.93,353.04,194.89,1482,0,,36,36,2,0,2,76,0,1085,0
1700000360906,360.91,4451,847.41,427.2,56.84,1751,0,,35,57,2,0,2,96,0,1085,0
1700000360973,360.97,4441,187.48,391.24,140.85,1605,0,,4,36,6,0,3,49,0,1085,0
1700000361040,361.04,4426,0.0,332.55,106.33,1529,0,,41,46,2,0,1,90,0,1085,0
1700000361106,361.11,4504,247.47,319.79,38.52,1571,0,,37,14,5,0,4,60,0,1085,0
1700000361173,361.17,4393,577.44,358.44,22.5,1658,0,,37,48,6,0,1,92,0,1086,0
1700000361240,361.24,4427,0.0,304.67,148.03,1436,0,,26,37,3,0,1,67,1,1086,0
1700000361306,361.31,4547,0.0,258.97,125.82,1372,0,,14,12,2,0,4,32,0,1086,0
1700000361373,361.37,4498,0.0,220.13,106.95,1316,0,,26,70,4,0,1,101,0,1086,0
1700000361440,361.44,4603,0.0,187.11,47.38,1312,0,,9,48,4,0,1,62,0,1086,0
1700000361506,361.51,4609,194.98,188.29,137.17,1225,0,,17,14,5,0,3,39,0,1087,0
1700000361573,361.57,4577,794.91,279.28,277.31,1261,0,,36,62,2,0,3,103,1,1087,0
1700000361640,361.64,4503,914.9,374.62,198.88,1518,0,,26,60,6,0,3,95,0,1087,0
1700000361706,361.71,4455,629.93,412.92,35.18,1745,0,,26,46,5,0,1,78,0,1089,0
1700000361773,361.77,4419,0.0,350.98,170.53,1502,0,,22,17,5,0,1,45,0,1089,0
1700000361840,361.84,4543,0.0,298.33,103.1,1468,0,,33,31,6,0,4,74,0,1089,0
1700000361906,361.91,4594,187.48,281.71,29.04,1509,0,,28,19,6,0,3,56,1,1089,0
1700000361973,361.97,4518,262.47,278.82,144.39,1391,0,,10,22,4,0,1,37,0,1089,0
1700000362040,362.04,4559,944.9,378.73,151.19,1572,0,,6,26,5,0,3,40,1,1089,0
1700000362106,362.11,4392,389.96,380.42,82.42,1641,0,,35,32,6,0,4,77,1,1090,0
1700000362173,362.17,4507,0.0,323.35,115.25,1503,0,,33,60,5,0,2,100,0,1090,0
1700000362240,362.24,4440,187.48,302.97,97.96,1482,0,,40,46,2,0,3,91,0,1091,0
1700000362306,362.31,4482,0.0,257.53,125.12,1370,0,,43,26,2,0,2,73,1,1091,0
1700000362373,362.37,4492,0.0,218.9,106.35,1314,0,,38,50,4,0,4,96,0,1091,1
1700000362440,362.44,4490,0.0,186.06,90.4,1267,0,,25,13,4,0,4,46,0,1092,0
1700000362506,362.51,4560,0.0,158.15,55.08,1249,0,,22,58,5,0,2,87,0,1092,0
1700000362573,362.57,4639,97.49,149.05,303.06,1000,0,,31,71,2,0,1,105,0,1095,0
1700000362640,362.64,4547,1567.33,361.79,270.99,1424,0,,11,60,3,0,3,77,0,1095,0
1700000362706,362.71,4430,157.48,331.15,119.53,1514,0,,2,28,4,0,1,35,0,1095,0
1700000362773,362.77,4526,0.0,281.48,26.27,1511,0,,31,26,4,0,3,64,0,1095,0
1700000362840,362.84,4512,494.95,313.5,12.28,1585,0,,33,20,6,0,2,61,0,1095,0
1700000362906,362.91,4460,45.0,273.22,120.93,1403,0,,3,23,2,0,2,30,1,1095,0
1700000362973,362.97,4506,0.0,232.24,66.29,1379,0,,43,74,2,0,2,121,0,1095,0
1700000363040,363.04,4539,802.41,317.76,200.31,1410,0,,44,38,2,0,2,86,0,1096,0
1700000363107,363.11,4399,644.93,366.84,8.86,1686,0,,23,62,6,0,4,95,0,1096,0
1700000363173,363.17,4453,0.0,311.81,151.5,1446,0,,40,67,3,0,2,112,1,1096,0
1700000363240,363.24,4598,0.0,265.04,98.9,1410,0,,20,55,4,0,2,81,0,1096,0
1700000363307,363.31,4542,1019.89,378.27,84.06,1636,0,,3,15,5,0,4,27,0,1096,0
1700000363373,363.37,4462,0.0,321.53,156.22,1460,0,,28,58,5,0,4,95,1,1096,0
1700000363440,363.44,4564,0.0,273.3,132.78,1392,1,aman,15,44,4,0,2,65,1,1096,0
1700000363507,363.51,4479,0.0,232.3,112.87,1334,1,aman,18,40,3,0,3,64,0,1096,0
1700000363573,363.57,4566,0.0,197.46,176.93,1203,1,aman,23,62,4,0,3,92,0,1096,0
1700000363640,363.64,4571,1222.36,351.19,175.5,1497,1,aman,38,31,3,0,1,73,1,1096,0
1700000363707,363.71,4403,112.49,315.39,123.69,1480,1,aman,23,15,3,0,1,42,0,1096,0
1700000363773,363.77,4556,0.0,268.08,96.77,1417,1,aman,13,67,5,0,1,86,0,1096,0
1700000363840,363.84,4533,149.98,250.37,103.57,1377,1,aman,39,26,6,0,3,74,0,1096,0
1700000363907,363.91,4536,832.41,337.67,54.55,1589,1,aman,31,31,4,0,4,70,1,1097,0
1700000363973,363.97,4422,0.0,287.02,139.45,1411,1,aman,22,31,2,0,1,56,0,1097,0
1700000364040,364.04,4537,0.0,243.97,118.53,1350,1,aman,19,30,6,0,3,58,0,1097,0
1700000364107,364.11,4441,0.0,207.37,48.86,1349,1,aman,16,60,4,0,2,82,0,1097,0
1700000364173,364.17,4569,232.47,211.14,129.22,1277,1,aman,3,22,3,0,1,29,0,1097,0
1700000364240,364.24,4410,764.92,294.2,57.94,1505,1,aman,12,55,4,0,4,75,0,1098,0
1700000364307,364.31,4467,0.0,250.07,7.66,1471,1,aman,4,48,2,0,1,55,0,1098,0
1700000364373,364.37,4530,509.94,289.05,0.18,1551,1,aman,9,50,4,0,4,67,0,1099,0
1700000364440,364.44,4399,30.0,250.2,113.68,1367,1,aman,24,65,6,0,3,98,1,1100,0
1700000364507,364.51,4526,0.0,212.67,49.01,1359,1,aman,5,41,5,0,1,52,0,1100,0
1700000364573,364.57,4410,682.42,283.13,41.66,1500,1,aman,11,59,2,0,4,76,0,1100,0
1700000364640,364.64,4435,0.0,240.66,116.93,1345,1,aman,39,34,4,0,3,80,0,1100,0
1700000364707,364.71,4413,0.0,204.56,99.39,1294,1,aman,37,49,4,0,4,94,0,1100,0
1700000364773,364.77,4530,0.0,173.88,84.48,1250,1,aman,36,36,6,0,1,79,0,1100,0
1700000364840,364.84,4535,0.0,147.8,71.81,1213,1,aman,14,70,5,0,3,92,0,1100,0
1700000364907,364.91,4548,0.0,125.63,265.4,1000,1,aman,19,31,4,0,4,58,1,1100,0
1700000364973,364.97,4546,1462.34,326.13,595.56,1033,1,aman,13,35,4,0,3,55,0,1101,0
1700000365040,365.04,4353,1657.32,525.81,179.78,1814,1,aman,7,44,3,0,4,58,2,1101,0
1700000365107,365.11,4325,0.0,446.94,217.15,1635,1,aman,34,14,5,0,1,54,0,1101,0
1700000365173,365.17,4421,0.0,379.9,184.58,1542,1,aman,25,18,4,0,1,48,1,1102,0
1700000365240,365.24,4551,0.0,322.91,85.85,1531,1,aman,4,27,4,0,3,38,0,1103,0
1700000365307,365.31,4576,1087.38,437.58,332.45,1507,1,aman,23,55,3,0,1,82,0,1103,0
1700000365373,365.37,4406,1162.37,546.3,39.84,1977,1,aman,30,71,5,0,3,109,1,1103,0
1700000365440,365.44,4421,0.0,464.36,225.61,1659,1,aman,20,24,4,0,1,49,0,1103,1
1700000365507,365.51,4625,0.0,394.7,31.06,1716,1,aman,36,33,5,0,2,76,0,1103,0
1700000365573,365.57,4818,719.92,443.49,385.42,1466,1,aman,14,28,6,0,3,51,0,1103,0
1700000365640,365.64,4529,1844.8,653.68,166.89,2048,1,aman,26,61,2,0,2,91,0,1103,0
1700000365707,365.71,4572,0.0,555.63,26.35,2005,1,aman,44,33,3,0,1,81,0,1103,0
1700000365773,365.77,4586,1327.35,671.39,107.77,2129,1,aman,24,22,6,0,4,56,0,1103,0
1700000365840,365.84,4395,382.46,628.05,204.7,1971,1,aman,16,40,4,0,3,63,0,1103,1
1700000365907,365.91,4535,0.0,533.84,259.37,1754,1,aman,29,67,6,0,1,103,0,1104,0
1700000365973,365.97,4478,0.0,453.76,76.5,1780,0,,24,73,6,0,1,104,0,1104,0
1700000366040,366.04,4545,644.93,482.44,177.72,1737,0,,21,35,6,0,4,66,0,1104,0
1700000366107,366.11,4392,1087.38,573.18,7.09,2052,0,,34,12,2,0,2,50,1,1104,0
1700000366174,366.17,4400,0.0,487.2,236.71,1690,0,,14,53,3,0,2,72,0,1104,0
1700000366240,366.24,4447,0.0,414.12,201.2,1590,0,,18,35,3,0,3,59,0,1104,0
1700000366307,366.31,4532,0.0,352.0,119.13,1553,0,,33,30,5,0,1,69,0,1105,0
1700000366374,366.37,4556,232.47,334.07,101.26,1537,0,,2,52,4,0,3,61,0,1105,0
1700000366440,366.44,4501,0.0,283.96,137.97,1407,0,,12,61,3,0,2,78,0,1105,0
1700000366507,366.51,4556,0.0,241.37,117.27,1347,0,,27,16,3,0,2,48,0,1105,0
1700000366574,366.57,4505,0.0,205.16,17.65,1376,0,,26,35,2,0,1,64,0,1105,0
1700000366640,366.64,4626,367.46,229.51,247.82,1194,0,,20,71,2,0,2,95,0,1105,0
1700000366707,366.71,4456,1177.37,371.69,128.62,1581,0,,30,30,2,0,2,64,0,1105,0
1700000366774,366.77,4469,0.0,315.93,16.23,1585,0,,36,58,2,0,1,97,0,1105,0
1700000366840,366.84,4489,614.93,360.78,195.46,1496,0,,37,42,6,0,4,89,0,1105,0
1700000366907,366.91,4387,937.4,447.28,28.87,1813,0,,29,38,3,0,4,74,0,1105,0
1700000366974,366.97,4364,0.0,380.18,184.72,1542,0,,8,36,5,0,4,53,1,1105,0
1700000367040,367.04,4578,0.0,323.16,157.01,1462,0,,22,35,4,0,1,62,1,1105,0
1700000367107,367.11,4527,0.0,274.68,0.47,1524,0,,18,28,6,0,1,53,0,1105,0
1700000367174,367.17,4585,599.93,323.47,90.8,1527,0,,31,37,4,0,2,74,0,1105,0
1700000367240,367.24,4447,404.96,335.69,56.75,1583,0,,26,13,3,0,4,46,0,1105,0
1700000367307,367.31,4531,0.0,285.34,75.64,1471,0,,33,18,4,0,4,59,1,1105,0
1700000367374,367.37,4535,959.89,386.52,64.3,1670,0,,9,40,3,0,4,56,1,1105,0
1700000367440,367.44,4403,0.0,328.54,159.63,1470,0,,22,57,4,0,3,86,0,1105,0
1700000367507,367.51,4544,0.0,279.26,58.51,1476,0,,3,36,6,0,4,49,0,1105,0
1700000367574,367.57,4468,869.9,367.86,49.73,1649,0,,21,48,3,0,1,73,0,1105,0
1700000367640,367.64,4428,0.0,312.68,151.92,1448,0,,5,37,4,0,2,48,0,1105,0
1700000367707,367.71,4514,0.0,265.78,145.41,1365,0,,4,60,5,0,4,73,0,1105,0
1700000367774,367.77,4609,1229.86,410.39,371.36,1417,0,,44,64,4,0,3,115,0,1105,0
1700000367840,367.84,4350,1109.88,515.31,41.11,1922,0,,16,44,3,0,4,67,0,1105,0
1700000367907,367.91,4461,0.0,438.02,212.81,1623,0,,26,17,6,0,3,52,0,1105,0
1700000367974,367.97,4482,0.0,372.31,180.89,1531,0,,31,53,3,0,2,89,0,1105,0
1700000368040,368.04,4606,0.0,316.47,14.81,1588,0,,26,31,3,0,1,61,0,1105,0
1700000368107,368.11,4490,622.43,362.36,39.31,1649,0,,31,54,6,0,4,95,1,1105,0
1700000368174,368.17,4523,232.47,342.88,87.12,1567,0,,38,70,6,0,3,117,0,1105,0
1700000368240,368.24,4459,82.49,303.82,125.95,1456,0,,39,40,5,0,4,88,0,1105,0
1700000368307,368.31,4512,0.0,258.25,125.47,1371,0,,42,60,6,0,4,112,0,1105,0
1700000368374,368.37,4463,0.0,219.51,106.65,1315,0,,36,24,5,0,1,66,1,1105,0
1700000368440,368.44,4619,0.0,186.58,75.08,1284,0,,23,42,3,0,2,70,0,1106,0
1700000368507,368.51,4577,742.42,269.96,345.06,1175,0,,41,58,3,0,2,104,0,1106,0
1700000368574,368.57,4520,1259.86,418.44,313.39,1489,0,,27,52,2,0,2,83,1,1107,0
1700000368640,368.64,4409,832.41,480.54,14.86,1885,0,,18,61,6,0,4,89,0,1108,0
1700000368707,368.71,4409,0.0,408.46,198.45,1582,0,,10,57,5,0,2,74,0,1108,0
1700000368774,368.77,4577,0.0,347.19,165.34,1500,0,,39,20,2,0,2,63,0,1108,0
1700000368840,368.84,4569,15.0,297.36,68.55,1500,0,,38,19,6,0,1,64,0,1108,0
1700000368907,368.91,4575,322.46,301.13,75.66,1500,0,,8,65,6,0,2,81,0,1108,0
1700000368974,368.97,4526,614.93,348.2,7.68,1653,0,,12,12,4,0,4,32,0,1108,0
1700000369041,369.04,4493,0.0,295.97,143.8,1424,0,,13,53,3,0,4,73,1,1108,0
1700000369107,369.11,4595,0.0,251.57,222.63,1262,0,,27,19,4,0,2,52,0,1108,0
1700000369174,369.17,4691,1544.83,445.56,564.22,1294,0,,11,68,6,0,1,86,1,1108,0
1700000369241,369.24,4389,1679.81,630.7,134.73,2037,0,,9,58,3,0,2,72,0,1108,0
1700000369307,369.31,4467,0.0,536.09,260.46,1757,0,,22,30,6,0,1,59,0,1108,0
1700000369374,369.37,4399,0.0,455.68,221.4,1647,0,,7,38,2,0,4,51,0,1108,0
1700000369441,369.44,4520,0.0,387.33,49.53,1685,0,,16,58,3,0,4,81,0,1109,0
1700000369507,369.51,4484,1064.88,488.96,87.3,1833,0,,25,53,3,0,2,83,0,1109,0
1700000369574,369.57,4378,202.48,445.99,163.51,1684,0,,8,50,2,0,3,63,0,1109,0
1700000369641,369.64,4457,0.0,379.09,43.56,1676,0,,15,12,4,0,4,35,1,1109,0
1700000369707,369.71,4544,629.93,416.72,28.66,1758,0,,44,37,2,0,4,87,0,1110,0
1700000369774,369.77,4373,37.5,359.83,164.98,1524,0,,44,37,3,0,4,88,0,1110,0
1700000369841,369.84,4539,0.0,305.86,6.31,1576,0,,16,38,3,0,1,58,0,1110,0
1700000369907,369.91,4517,637.43,355.59,168.74,1512,0,,42,39,5,0,1,87,0,1111,0
1700000369974,369.97,4454,779.91,419.24,46.33,1746,0,,15,23,6,0,3,47,1,1111,0
1700000370041,370.04,4413,202.48,386.73,134.72,1603,0,,42,30,2,0,2,76,0,1114,0
1700000370107,370.11,4427,0.0,328.72,159.71,1470,0,,36,34,4,0,4,78,0,1114,0
1700000370174,370.17,4530,0.0,279.41,1.83,1531,0,,23,67,3,0,1,94,0,1114,0
1700000370241,370.24,4496,599.93,327.49,102.24,1524,0,,3,48,2,0,1,54,0,1114,0
1700000370307,370.31,4450,464.95,348.11,152.19,1514,0,,25,49,2,0,2,78,0,1114,0
1700000370374,370.37,4434,892.4,429.75,25.57,1785,0,,6,17,5,0,2,30,0,1114,0
1700000370441,370.44,4331,0.0,365.29,177.48,1522,0,,5,63,2,0,3,73,0,1114,0
1700000370507,370.51,4486,0.0,310.5,42.04,1550,0,,44,32,2,0,4,82,0,1114,0
1700000370574,370.57,4550,487.45,337.04,35.74,1606,0,,16,67,6,0,2,91,0,1115,0
1700000370641,370.64,4421,0.0,286.48,139.19,1411,0,,12,14,4,0,4,34,1,1115,0
1700000370707,370.71,4555,0.0,243.51,45.75,1421,0,,8,53,2,0,3,66,0,1115,0
1700000370774,370.77,4522,734.92,317.22,367.0,1244,0,,34,61,3,0,2,100,0,1115,0
1700000370841,370.84,4457,1469.84,490.11,465.96,1475,0,,43,52,3,0,1,99,0,1115,0
1700000370907,370.91,4326,1424.84,630.32,67.95,2095,0,,13,20,6,0,3,42,0,1115,0
1700000370974,370.97,4267,0.0,535.77,260.31,1757,0,,3,58,3,0,2,66,1,1115,0
1700000371041,371.04,4372,0.0,455.41,221.26,1647,0,,13,29,5,0,3,50,0,1115,0
1700000371107,371.11,4422,0.0,387.1,188.07,1552,0,,20,66,6,0,2,94,0,1115,1
1700000371174,371.17,4440,0.0,329.03,191.69,1440,0,,16,69,5,0,3,93,0,1115,1
1700000371241,371.24,4465,1574.83,515.9,162.93,1812,0,,12,63,6,0,3,84,0,1115,0
1700000371307,371.31,4230,0.0,438.52,213.06,1624,0,,22,52,5,0,4,83,1,1115,0
1700000371374,371.37,4500,0.0,372.74,33.18,1674,0,,31,39,4,0,1,75,0,1116,0
1700000371441,371.44,4349,959.89,460.81,28.2,1838,0,,13,35,4,0,3,55,2,1116,0
1700000371507,371.51,4372,0.0,391.69,190.31,1559,0,,34,40,5,0,1,80,0,1116,0
1700000371574,371.57,4391,0.0,332.94,161.76,1476,0,,40,15,6,0,4,65,0,1116,0
1700000371641,371.64,4428,0.0,283.0,137.5,1406,0,,38,74,5,0,1,118,0,1116,0
1700000371707,371.71,4552,0.0,240.55,36.52,1424,0,,28,26,3,0,2,59,0,1116,0
1700000371774,371.77,4473,359.96,258.46,223.42,1274,0,,10,62,6,0,3,81,0,1117,0
1700000371841,371.84,4504,1139.87,390.67,322.15,1428,0,,35,32,4,0,1,72,0,1117,0
1700000371907,371.91,4321,952.39,474.93,153.3,1747,0,,38,23,4,0,1,66,0,1117,0
1700000371974,371.97,4377,599.93,493.68,82.3,1846,0,,42,47,3,0,1,93,0,1119,0
1700000372041,372.04,4241,0.0,419.63,203.88,1597,0,,41,15,3,0,2,61,0,1119,0
1700000372108,372.11,4494,0.0,356.68,129.77,1552,0,,17,61,2,0,1,81,0,1119,0
1700000372174,372.17,4404,194.98,332.43,61.76,1572,0,,11,70,5,0,3,89,1,1119,0
1700000372241,372.24,4468,217.48,315.19,39.1,1562,0,,26,16,2,0,3,47,0,1120,0
1700000372308,372.31,4375,254.97,306.15,81.78,1504,0,,5,62,6,0,1,74,0,1121,0
1700000372374,372.37,4434,0.0,260.23,24.23,1474,0,,19,30,3,0,3,55,0,1121,0
1700000372441,372.44,4429,674.93,322.43,151.17,1467,0,,34,32,4,0,4,74,0,1121,0
1700000372508,372.51,4344,584.94,361.81,111.76,1579,0,,14,50,4,0,2,70,0,1121,0
1700000372574,372.57,4351,599.93,397.53,33.91,1719,0,,29,66,3,0,3,101,1,1122,0
1700000372641,372.64,4264,7.5,339.02,162.75,1487,0,,10,21,2,0,1,34,0,1122,0
1700000372708,372.71,4350,0.0,288.17,19.48,1531,0,,18,13,5,0,1,37,0,1122,0
1700000372774,372.77,4325,539.94,325.94,16.56,1604,0,,33,62,6,0,3,104,1,1123,0
1700000372841,372.84,4278,0.0,277.05,134.6,1397,0,,21,52,5,0,4,82,0,1123,1
1700000372908,372.91,4379,0.0,235.49,114.41,1338,0,,20,60,4,0,4,88,0,1123,0
1700000372974,372.97,4474,0.0,200.17,29.98,1354,0,,4,25,5,0,4,38,1,1123,0
1700000373041,373.04,4659,569.94,255.63,479.15,1014,0,,40,25,6,0,3,74,1,1123,0
1700000373108,373.11,4398,2032.27,522.13,280.05,1713,0,,2,14,4,0,3,23,0,1123,0
1700000373174,373.17,4388,0.0,443.81,58.27,1779,0,,26,32,2,0,3,63,1,1124,0
1700000373241,373.24,4437,704.92,482.98,297.0,1625,0,,38,55,4,0,2,99,0,1124,0
1700000373308,373.31,4294,1552.33,643.38,95.09,2093,1,Arah 1,10,34,5,0,1,50,0,1124,0
1700000373374,373.37,4230,0.0,546.87,265.7,1772,1,Arah 1,2,41,2,0,4,49,0,1124,0
1700000373441,373.44,4319,0.0,464.84,225.85,1660,1,Arah 1,32,63,3,0,4,102,0,1124,0
1700000373508,373.51,4466,0.0,395.11,131.12,1622,1,Arah 1,7,51,3,0,1,62,0,1125,0
1700000373574,373.57,4483,1447.34,552.95,329.08,1723,1,Arah 1,40,19,2,0,3,64,1,1125,0
1700000373641,373.64,4273,974.89,616.24,43.37,2093,1,Arah 1,39,34,2,0,2,77,0,1125,0
1700000373708,373.71,4353,0.0,523.8,254.49,1740,1,Arah 1,44,24,3,0,4,75,0,1125,0
1700000373774,373.77,4288,0.0,445.23,122.57,1722,1,Arah 1,40,40,2,0,4,86,0,1126,0
1700000373841,373.84,4384,419.95,441.44,79.96,1755,1,Arah 1,32,31,6,0,1,70,1,1126,0
1700000373908,373.91,4232,824.91,498.96,25.78,1907,1,Arah 1,14,27,2,0,2,45,0,1126,0
1700000373974,373.97,4274,0.0,424.12,206.06,1604,1,Arah 1,13,56,3,0,4,76,0,1126,0
1700000374041,374.04,4319,0.0,360.5,175.15,1515,1,Arah 1,40,70,5,0,3,118,0,1126,0
1700000374108,374.11,4350,0.0,306.42,18.3,1566,1,Arah 1,41,64,6,0,4,115,0,1126,0
1700000374174,374.17,4435,584.94,348.2,151.85,1515,1,Arah 1,23,35,3,0,4,65,1,1126,0
1700000374241,374.24,4272,749.92,408.46,43.69,1729,1,Arah 1,40,13,6,0,3,62,0,1128,0
1700000374308,374.31,4335,202.48,377.56,18.1,1697,1,Arah 1,31,55,5,0,3,94,0,1129,0
1700000374374,374.37,4245,502.44,396.29,8.69,1740,1,Arah 1,2,43,2,0,4,51,0,1129,0
1700000374441,374.44,4268,232.47,371.72,119.55,1590,1,Arah 1,12,31,3,0,4,50,0,1129,0
1700000374508,374.51,4214,0.0,315.96,153.51,1452,1,Arah 1,14,64,4,0,3,85,0,1129,0
1700000374574,374.57,4356,0.0,268.57,16.83,1496,1,Arah 1,13,31,6,0,1,51,0,1129,0
1700000374641,374.64,4263,659.93,327.27,41.09,1583,1,Arah 1,34,34,2,0,1,71,1,1129,0
1700000374708,374.71,4268,119.99,296.18,21.99,1543,1,Arah 1,30,16,3,0,4,53,1,1129,0
1700000374774,374.77,4247,404.96,312.5,45.48,1551,1,Arah 1,17,26,6,0,1,50,0,1129,0
1700000374841,374.84,4214,0.0,265.62,129.05,1381,1,Arah 1,8,71,6,0,4,89,0,1130,0
1700000374908,374.91,4363,0.0,225.78,9.25,1423,1,Arah 1,37,26,6,0,4,73,0,1130,0
1700000374974,374.97,4244,449.95,259.4,268.35,1231,1,Arah 1,43,36,3,0,4,86,0,1130,0
1700000375041,375.04,4303,1237.36,406.1,204.66,1572,1,Arah 1,34,12,2,0,3,51,0,1130,0
1700000375108,375.11,4079,344.96,396.93,102.25,1653,1,Arah 1,3,21,6,0,4,34,1,1130,0
1700000375175,375.18,4257,0.0,337.39,163.92,1482,1,Arah 1,32,73,5,0,1,111,1,1130,0
1700000375241,375.24,4160,0.0,286.78,139.33,1411,1,Arah 1,3,44,4,0,3,54,1,1130,0
1700000375308,375.31,4313,0.0,243.76,218.05,1251,1,Arah 1,19,61,5,0,3,88,0,1130,0
1700000375375,375.38,4206,1507.33,433.3,185.34,1640,1,Arah 1,4,13,3,0,1,21,0,1130,0
1700000375441,375.44,4112,0.0,368.3,178.94,1526,1,Arah 1,17,13,4,0,2,36,0,1130,0
1700000375508,375.51,4322,0.0,313.06,49.98,1548,1,Arah 1,18,58,2,0,1,79,0,1130,1
1700000375575,375.58,4368,457.45,334.72,302.37,1342,1,Arah 1,17,53,4,0,1,75,0,1130,0
1700000375641,375.64,4261,1544.83,516.23,158.24,1816,1,Arah 1,23,56,3,0,4,86,0,1132,0
1700000375708,375.71,4162,15.0,441.05,210.35,1631,1,Arah 1,42,37,5,0,1,85,0,1133,0
1700000375775,375.78,4259,0.0,374.89,1.35,1708,0,,21,59,3,0,4,87,0,1134,0
1700000375841,375.84,4227,809.91,440.14,116.04,1719,0,,28,15,3,0,4,50,0,1134,0
1700000375908,375.91,4151,524.94,452.86,82.16,1773,0,,19,32,6,0,2,59,0,1134,0
1700000375975,375.98,4157,0.0,384.93,170.28,1565,0,,12,30,5,0,2,49,0,1136,0
1700000376041,376.04,4205,74.99,338.44,144.74,1503,0,,37,71,3,0,3,114,0,1136,0
1700000376108,376.11,4147,0.0,287.68,139.77,1412,0,,18,72,3,0,3,96,0,1136,0
1700000376175,376.18,4321,0.0,244.52,232.75,1238,0,,22,71,5,0,1,99,0,1136,0
1700000376241,376.24,4192,1574.83,444.07,239.69,1608,0,,9,52,2,0,1,64,1,1136,0
1700000376308,376.31,4111,187.48,405.58,147.82,1625,0,,2,69,6,0,3,80,1,1136,0
1700000376375,376.38,4167,0.0,344.74,35.25,1621,0,,11,25,5,0,1,42,0,1136,0
1700000376441,376.44,4208,592.43,381.9,29.96,1694,0,,6,54,6,0,3,69,1,1138,0
1700000376508,376.51,4088,0.0,324.61,157.72,1465,0,,23,27,5,0,4,59,0,1138,0
1700000376575,376.58,4215,0.0,275.92,108.95,1420,0,,39,71,5,0,2,117,0,1138,0
1700000376641,376.64,4158,112.49,251.41,202.03,1282,0,,28,36,2,0,2,68,0,1139,0
1700000376708,376.71,4200,1319.85,411.67,146.61,1638,0,,18,71,2,0,2,93,1,1139,0
1700000376775,376.78,3982,0.0,349.92,170.01,1500,0,,7,30,4,0,4,45,0,1140,0
1700000376841,376.84,4336,0.0,297.43,41.31,1527,0,,2,31,4,0,1,38,0,1140,0
1700000376908,376.91,4247,832.41,377.68,118.82,1601,0,,3,24,6,0,4,37,0,1140,0
1700000376975,376.98,4225,374.96,377.27,2.22,1712,0,,32,51,4,0,4,91,0,1140,0
1700000377041,377.04,4197,389.96,379.17,70.53,1650,0,,18,43,3,0,3,67,0,1140,0
1700000377108,377.11,4173,682.42,424.66,249.12,1563,0,,30,33,4,0,3,70,0,1140,0
1700000377175,377.18,4106,1237.36,546.57,59.41,1960,0,,11,28,5,0,4,48,0,1141,0
1700000377241,377.24,4008,0.0,464.58,225.72,1659,0,,31,30,3,0,3,67,0,1141,0
1700000377308,377.31,4184,0.0,394.89,39.52,1708,0,,35,60,6,0,1,102,0,1141,0
1700000377375,377.38,4126,682.42,438.02,33.6,1792,0,,43,70,5,0,2,120,0,1141,0
1700000377441,377.44,4093,0.0,372.32,180.89,1532,0,,35,52,4,0,2,93,1,1141,0
1700000377508,377.51,4129,0.0,316.47,153.76,1453,0,,32,48,2,0,2,84,0,1141,0
1700000377575,377.58,4102,0.0,269.0,6.82,1507,0,,24,62,5,0,1,92,0,1141,0
1700000377641,377.64,4333,554.94,311.89,462.94,1138,0,,10,52,2,0,1,65,0,1141,0
1700000377708,377.71,4028,2099.77,580.07,269.62,1827,0,,16,47,3,0,3,69,0,1141,0
1700000377775,377.78,4053,0.0,493.06,239.56,1698,0,,36,52,6,0,4,98,0,1141,0
1700000377841,377.84,4159,0.0,419.1,138.34,1659,0,,32,63,5,0,3,103,0,1142,0
1700000377908,377.91,4257,292.47,400.11,126.83,1635,0,,43,39,5,0,1,88,0,1143,0
1700000377975,377.98,4120,1094.88,504.32,42.51,1902,0,,9,32,4,0,3,48,0,1144,0
1700000378042,378.04,4111,0.0,428.67,122.9,1691,0,,15,39,4,0,2,60,0,1144,0
1700000378108,378.11,4205,382.46,421.74,89.4,1710,0,,7,12,2,0,3,24,0,1144,0
1700000378175,378.18,4060,67.49,368.6,161.36,1543,0,,38,38,2,0,1,79,0,1144,0
1700000378242,378.24,4196,0.0,313.31,160.82,1440,0,,27,28,2,0,2,59,0,1144,0
1700000378308,378.31,4060,1402.34,476.67,168.51,1736,0,,37,24,6,0,3,70,0,1144,0
1700000378375,378.38,4009,142.48,426.54,169.82,1643,0,,24,30,5,0,1,60,0,1145,0
1700000378442,378.44,4041,0.0,362.56,176.15,1518,0,,24,67,5,0,4,100,0,1146,0
1700000378508,378.51,4070,0.0,308.18,149.73,1441,0,,29,71,3,0,3,106,0,1146,0
1700000378575,378.58,4215,0.0,261.95,251.07,1253,0,,30,71,2,0,2,105,0,1146,0
1700000378642,378.64,4144,1694.81,476.88,387.51,1527,0,,15,19,2,0,4,40,0,1146,0
1700000378708,378.71,3989,779.91,522.33,48.95,1927,0,,44,72,6,0,2,124,0,1146,0
1700000378775,378.78,4040,0.0,443.98,182.23,1663,0,,42,36,4,0,2,84,0,1146,1
1700000378842,378.84,4104,149.98,399.88,154.9,1608,0,,40,51,5,0,1,97,1,1146,0
1700000378908,378.91,4020,0.0,339.9,165.14,1486,0,,32,60,4,0,2,98,0,1146,0
1700000378975,378.98,4107,0.0,288.92,52.14,1500,0,,38,16,2,0,1,57,0,1146,0
1700000379042,379.04,4058,862.4,374.94,139.74,1576,0,,32,32,4,0,2,70,0,1146,0
1700000379108,379.11,3992,427.45,382.82,73.73,1654,0,,4,61,6,0,3,74,0,1147,0
1700000379175,379.18,4001,0.0,325.39,158.09,1466,0,,8,73,4,0,2,87,0,1147,0
1700000379242,379.24,4022,0.0,276.58,134.38,1397,0,,32,55,6,0,1,94,0,1147,0
1700000379308,379.31,4035,0.0,235.1,114.22,1338,0,,40,74,2,0,4,120,0,1147,0
1700000379375,379.38,4022,0.0,199.83,105.47,1279,0,,17,19,2,0,3,41,0,1148,0
1700000379442,379.44,4097,907.4,305.97,131.5,1455,0,,29,71,6,0,3,109,0,1148,0
1700000379508,379.51,3901,187.48,288.19,90.78,1461,0,,31,15,2,0,1,49,0,1148,0
1700000379575,379.58,4072,0.0,244.97,57.08,1413,0,,24,50,6,0,3,83,0,1148,0
1700000379642,379.64,3938,277.47,249.84,48.52,1430,0,,2,67,6,0,2,77,0,1148,0
1700000379708,379.71,4035,0.0,212.36,103.18,1305,0,,5,73,5,0,2,85,0,1148,0
1700000379775,379.78,4070,0.0,180.51,47.52,1299,0,,19,57,3,0,1,80,0,1148,0
1700000379842,379.84,4058,179.98,180.43,214.06,1134,0,,42,50,2,0,1,95,0,1149,0
1700000379908,379.91,4046,1139.87,324.35,270.68,1353,0,,10,25,4,0,1,40,0,1149,0
1700000379975,379.98,3906,577.44,362.31,24.38,1663,0,,44,45,5,0,2,96,0,1150,0
1700000380042,380.04,3969,0.0,307.96,39.14,1548,0,,24,49,5,0,3,81,0,1150,0
1700000380108,380.11,4094,494.95,336.01,87.26,1554,0,,37,17,3,0,2,59,0,1150,0
1700000380175,380.18,3903,539.94,366.6,57.43,1640,0,,41,56,4,0,4,105,0,1151,0
1700000380242,380.24,4022,419.95,374.6,71.71,1641,0,,10,41,3,0,1,55,0,1151,0
1700000380308,380.31,3847,0.0,318.41,146.33,1464,0,,12,28,6,0,4,50,0,1151,1
1700000380375,380.38,4106,37.5,276.28,160.21,1371,0,,19,29,2,0,2,52,0,1151,0
1700000380442,380.44,3842,1274.86,426.06,127.8,1682,0,,36,19,6,0,2,63,0,1151,0
1700000380508,380.51,3936,0.0,362.15,175.95,1517,0,,33,46,6,0,1,86,0,1152,0
1700000380575,380.58,4049,0.0,307.83,64.72,1523,0,,22,72,2,0,4,100,1,1152,0
1700000380642,380.64,4040,959.89,405.64,235.81,1541,0,,9,68,4,0,3,84,1,1152,0
1700000380708,380.71,3921,809.91,466.28,13.84,1861,0,,32,36,6,0,1,75,0,1152,0
1700000380775,380.78,3932,0.0,396.34,192.56,1565,0,,2,18,6,0,1,27,1,1152,0
1700000380842,380.84,4013,0.0,336.89,26.41,1614,0,,29,33,6,0,2,70,0,1153,0
1700000380908,380.91,3983,614.93,378.59,22.45,1695,0,,36,59,6,0,2,103,0,1153,0
1700000380975,380.98,3931,0.0,321.81,101.11,1514,0,,38,24,3,0,3,68,0,1153,0
1700000381042,381.04,4017,247.47,310.66,30.7,1562,0,,17,64,5,0,3,89,0,1153,0
1700000381109,381.11,3898,247.47,301.18,81.34,1495,0,,35,43,5,0,3,86,0,1153,0
1700000381175,381.18,3984,0.0,256.0,124.38,1367,0,,27,67,2,0,1,97,0,1153,0
1700000381242,381.24,3948,0.0,217.6,28.2,1389,0,,39,14,3,0,3,59,0,1153,0
1700000381309,381.31,4031,599.93,274.95,357.11,1173,0,,25,73,4,0,2,104,1,1153,0
1700000381375,381.38,3868,1492.33,457.56,169.62,1700,0,,42,16,4,0,1,63,0,1153,0
1700000381442,381.44,3832,0.0,388.92,188.96,1555,0,,5,67,3,0,2,77,0,1153,0
1700000381509,381.51,3990,0.0,330.59,92.16,1539,0,,19,25,6,0,1,51,0,1153,0
1700000381575,381.58,3832,1132.37,450.85,78.34,1773,0,,6,72,4,0,3,85,0,1153,0
1700000381642,381.64,3839,0.0,383.23,186.19,1547,0,,10,66,4,0,1,81,1,1153,0
1700000381709,381.71,3918,0.0,325.74,133.15,1491,0,,36,59,4,0,3,102,1,1154,0
1700000381775,381.78,3883,112.49,293.75,20.74,1540,0,,29,29,4,0,2,64,0,1154,0
1700000381842,381.84,3903,599.93,339.68,44.42,1602,0,,14,62,3,0,2,81,1,1154,0
1700000381909,381.91,3803,232.47,323.6,96.17,1522,0,,23,45,2,0,2,72,0,1154,0
1700000381975,381.98,3872,0.0,275.06,133.64,1394,0,,44,64,5,0,3,116,0,1155,0
1700000382042,382.04,3981,0.0,233.8,276.46,1174,0,,23,67,4,0,2,96,1,1155,0
1700000382109,382.11,3921,1747.31,460.83,234.99,1644,0,,16,68,5,0,1,90,0,1156,0
1700000382175,382.18,3748,0.0,391.7,190.31,1559,0,,4,48,6,0,3,61,0,1158,0
1700000382242,382.24,3994,0.0,332.95,229.96,1410,0,,19,31,6,0,3,59,0,1158,0
1700000382309,382.31,4010,1754.81,546.23,418.12,1626,0,,29,62,3,0,2,96,0,1159,0
1700000382375,382.38,3760,997.39,613.9,37.33,2094,0,,33,31,5,0,3,72,0,1159,0
1700000382442,382.44,3877,329.96,571.31,179.2,1895,0,,25,53,6,0,4,88,0,1159,0
1700000382509,382.51,3716,52.49,493.49,225.98,1712,0,,44,73,3,0,1,121,1,1159,0
1700000382575,382.58,3870,0.0,419.46,3.78,1786,0,,24,26,6,0,3,59,0,1159,0
1700000382642,382.64,3955,929.9,496.03,140.49,1797,0,,30,72,2,0,2,106,0,1159,0
1700000382709,382.71,3746,614.93,513.86,88.17,1877,0,,2,26,4,0,3,35,1,1159,0
1700000382775,382.78,3873,0.0,436.78,140.23,1690,0,,4,35,5,0,4,48,0,1160,0
1700000382842,382.84,3812,322.46,419.64,119.2,1678,0,,7,54,6,0,2,69,1,1161,0
1700000382909,382.91,3830,0.0,356.69,149.86,1532,0,,11,56,2,0,4,73,1,1161,0
1700000382975,382.98,3812,104.99,318.94,107.3,1503,0,,2,24,4,0,2,32,1,1161,0
1700000383042,383.04,3816,89.99,284.59,114.64,1431,0,,39,42,6,0,3,90,0,1161,0
1700000383109,383.11,3800,0.0,241.9,117.53,1347,1,Arah 1,8,26,5,0,2,41,1,1162,0
1700000383175,383.18,3825,0.0,205.62,99.9,1295,1,Arah 1,34,43,5,0,2,84,0,1162,0
1700000383242,383.24,3842,0.0,174.78,84.92,1251,1,Arah 1,38,47,3,0,2,90,0,1162,0
1700000383309,383.31,3914,0.0,148.56,13.59,1272,1,Arah 1,30,55,3,0,3,91,0,1162,0
1700000383375,383.38,3877,262.47,165.65,15.24,1303,1,Arah 1,18,35,2,0,3,58,0,1163,0
1700000383442,383.44,3879,119.99,158.8,120.09,1186,1,Arah 1,20,70,3,0,3,96,3,1163,0
1700000383509,383.51,3861,742.42,246.34,75.29,1397,1,Arah 1,23,60,2,0,2,87,1,1163,0
1700000383575,383.58,3780,0.0,209.39,101.73,1301,1,Arah 1,26,13,4,0,2,45,0,1164,1
1700000383642,383.64,3909,0.0,177.98,251.68,1091,1,Arah 1,43,58,2,0,1,104,0,1165,0
1700000383709,383.71,3913,1514.83,378.51,570.5,1159,1,Arah 1,24,34,6,0,3,67,0,1165,0
1700000383775,383.78,3707,1597.32,561.33,146.77,1907,1,Arah 1,4,70,6,0,1,81,1,1165,0
1700000383842,383.84,3700,0.0,477.13,231.82,1677,1,Arah 1,42,40,4,0,1,87,0,1165,0
1700000383909,383.91,3828,0.0,405.56,197.04,1578,1,Arah 1,39,30,2,0,3,74,0,1165,0
1700000383975,383.98,3781,0.0,344.73,167.49,1493,1,Arah 1,35,33,3,0,3,74,0,1165,0
1700000384042,384.04,3947,0.0,293.02,107.07,1454,1,Arah 1,44,66,3,0,1,114,0,1165,0
1700000384109,384.11,3837,1117.38,416.67,285.2,1513,1,Arah 1,7,72,3,0,1,83,1,1165,0
1700000384176,384.18,3798,869.9,484.66,153.69,1764,1,Arah 1,17,72,2,0,2,93,0,1165,0
1700000384242,384.24,3721,719.92,519.95,63.55,1910,1,Arah 1,42,32,4,0,3,81,0,1165,0
1700000384309,384.31,3702,0.0,441.95,214.73,1628,1,Arah 1,4,31,5,0,1,41,0,1166,0
1700000384376,384.38,3837,0.0,375.66,95.47,1620,1,Arah 1,14,31,5,0,1,51,0,1166,0
1700000384442,384.44,3858,389.96,377.81,270.4,1455,1,Arah 1,14,70,2,0,3,89,0,1166,0
1700000384509,384.51,3785,1574.83,557.36,358.74,1703,1,Arah 1,24,26,6,0,2,58,0,1166,0
1700000384576,384.58,3648,967.39,618.86,46.62,2094,1,Arah 1,30,39,5,0,4,78,0,1167,0
1700000384642,384.64,3656,0.0,526.03,255.58,1743,1,Arah 1,23,26,4,0,4,57,0,1167,0
1700000384709,384.71,3767,0.0,447.13,192.13,1659,1,Arah 1,25,43,6,0,4,78,0,1167,0
1700000384776,384.78,3851,112.49,396.93,144.9,1612,1,Arah 1,5,28,6,0,1,40,1,1167,0
1700000384842,384.84,3752,82.49,349.77,84.66,1582,1,Arah 1,29,50,4,0,1,84,0,1167,0
1700000384909,384.91,3840,284.97,340.05,58.62,1589,1,Arah 1,3,19,2,0,1,25,0,1167,0
1700000384976,384.98,3714,667.43,389.15,13.79,1722,1,Arah 1,26,39,6,0,1,72,0,1167,0
1700000385042,385.04,3751,0.0,330.78,75.34,1556,1,Arah 1,20,18,4,0,3,45,0,1167,0
1700000385109,385.11,3812,382.46,338.53,96.67,1550,1,Arah 1,34,72,3,0,3,112,0,1167,0
1700000385176,385.18,3700,719.92,395.74,3.2,1744,1,Arah 1,35,17,5,0,1,58,0,1167,0
1700000385242,385.24,3716,0.0,336.38,163.43,1481,1,Arah 1,22,64,2,0,4,92,0,1167,0
1700000385309,385.31,3782,0.0,285.92,72.01,1475,1,Arah 1,18,14,3,0,2,37,0,1167,0
1700000385376,385.38,3739,944.89,384.77,61.21,1669,1,Arah 1,10,71,4,0,2,87,1,1167,0
1700000385442,385.44,3656,0.0,327.05,115.38,1510,1,Arah 1,22,24,6,0,3,55,0,1169,1
1700000385509,385.51,3796,194.98,307.24,42.55,1544,1,Arah 1,24,62,6,0,2,94,0,1169,0
1700000385576,385.58,3630,629.93,355.65,7.36,1667,1,Arah 1,38,71,3,0,4,116,0,1169,1
1700000385642,385.64,3712,0.0,302.3,89.96,1489,0,,3,29,6,0,1,39,0,1169,0
1700000385709,385.71,3831,254.97,295.2,189.71,1378,0,,32,29,2,0,2,65,0,1169,0
1700000385776,385.78,3678,1192.37,429.77,179.67,1639,0,,21,34,6,0,3,64,0,1169,0
1700000385842,385.84,3672,337.46,415.93,113.46,1677,0,,33,72,3,0,2,110,0,1169,0
1700000385909,385.91,3633,0.0,353.54,121.55,1554,0,,16,12,6,0,4,38,0,1169,0
1700000385976,385.98,3688,224.98,334.25,103.32,1535,0,,36,72,2,0,2,112,0,1170,0
1700000386042,386.04,3603,0.0,284.12,138.04,1407,0,,16,18,3,0,4,41,0,1171,0
1700000386109,386.11,3802,0.0,241.5,96.94,1367,0,,37,66,4,0,4,111,1,1172,0
1700000386176,386.18,3747,959.89,349.26,236.42,1434,0,,8,63,3,0,3,77,0,1172,0
1700000386242,386.24,3674,689.92,400.36,13.33,1743,0,,25,45,6,0,1,77,0,1172,0
1700000386309,386.31,3655,0.0,340.3,165.34,1487,0,,34,61,2,0,1,98,0,1172,0
1700000386376,386.38,3795,0.0,289.26,279.65,1277,0,,40,65,4,0,3,112,0,1172,0
1700000386442,386.44,3711,1882.29,528.21,363.25,1645,0,,38,57,4,0,4,103,0,1172,0
1700000386509,386.51,3544,562.44,533.35,111.42,1890,0,,2,12,3,0,2,19,0,1172,0
1700000386576,386.58,3636,0.0,453.34,154.97,1706,0,,3,42,5,0,3,53,0,1172,0
1700000386642,386.64,3699,292.47,429.21,127.75,1688,0,,17,61,6,0,4,88,0,1172,0
1700000386709,386.71,3597,1162.37,539.19,43.3,1962,0,,7,28,2,0,4,41,1,1172,0
1700000386776,386.78,3544,0.0,458.31,222.67,1651,0,,33,17,4,0,2,56,0,1174,0
1700000386842,386.84,3620,0.0,389.56,189.27,1556,0,,38,43,3,0,4,88,0,1174,0
1700000386909,386.91,3612,0.0,331.13,160.88,1474,0,,13,27,6,0,2,48,0,1174,0
1700000386976,386.98,3735,0.0,281.46,44.05,1494,0,,25,65,3,0,1,94,2,1175,0
1700000387043,387.04,3621,809.91,360.73,37.44,1648,0,,2,64,3,0,3,72,0,1175,0
1700000387109,387.11,3627,0.0,306.62,148.97,1439,0,,35,19,5,0,1,60,1,1176,0
1700000387176,387.18,3743,0.0,260.62,39.1,1460,0,,3,74,6,0,4,87,1,1176,0
1700000387243,387.24,3755,742.42,332.89,264.26,1376,0,,41,27,2,0,3,73,0,1176,0
1700000387309,387.31,3644,1034.89,438.19,58.89,1769,0,,25,17,3,0,3,48,0,1176,0
1700000387376,387.38,3617,0.0,372.46,155.85,1556,0,,23,47,4,0,2,76,1,1176,0
1700000387443,387.44,3662,112.49,333.47,70.54,1566,0,,12,52,5,0,3,72,0,1176,0
1700000387509,387.51,3602,277.47,325.07,26.47,1593,0,,12,58,6,0,3,79,0,1176,0
1700000387576,387.58,3625,262.47,315.68,24.18,1577,0,,7,63,3,0,3,76,0,1176,0
1700000387643,387.64,3567,269.97,308.82,79.14,1511,0,,7,55,6,0,2,70,0,1176,0
1700000387709,387.71,3589,0.0,262.5,127.54,1377,0,,14,40,4,0,1,59,0,1177,0
1700000387776,387.78,3669,0.0,223.12,50.63,1377,0,,6,23,5,0,3,37,0,1177,0
1700000387843,387.84,3617,712.42,296.52,43.03,1523,0,,37,71,6,0,3,117,0,1178,0
1700000387909,387.91,3574,0.0,252.04,82.28,1401,0,,30,26,5,0,2,63,0,1178,0
1700000387976,387.98,3662,179.98,241.23,9.67,1452,0,,18,13,6,0,3,40,0,1179,0
1700000388043,388.04,3550,269.97,245.54,3.5,1466,0,,37,56,5,0,3,101,0,1179,0
1700000388109,388.11,3626,232.47,243.58,57.29,1410,0,,29,25,4,0,3,61,0,1180,0
1700000388176,388.18,3519,0.0,207.04,100.59,1298,0,,7,70,6,0,4,87,0,1180,0
1700000388243,388.24,3764,0.0,175.99,190.71,1148,0,,35,49,4,0,1,89,2,1180,0
1700000388309,388.31,3547,1237.36,335.19,162.11,1480,0,,13,52,2,0,4,71,0,1181,0
1700000388376,388.38,3599,0.0,284.92,36.31,1508,0,,28,49,4,0,2,83,0,1181,0
1700000388443,388.44,3552,457.45,310.8,308.97,1289,0,,4,17,6,0,2,29,1,1181,0
1700000388509,388.51,3538,1522.33,492.53,160.51,1772,0,,7,74,4,0,4,89,0,1181,0
1700000388576,388.58,3349,0.0,418.65,203.4,1596,0,,13,61,3,0,4,81,0,1181,0
1700000388643,388.64,3707,0.0,355.85,112.63,1567,0,,23,26,6,0,4,59,0,1181,0
1700000388709,388.71,3465,269.97,342.97,95.73,1559,0,,35,63,3,0,3,104,1,1182,0
1700000388776,388.78,3671,0.0,291.52,136.25,1423,0,,7,74,3,0,2,86,0,1182,0
1700000388843,388.84,3634,1244.86,434.52,125.86,1699,0,,39,28,2,0,3,72,0,1183,0
1700000388909,388.91,3505,45.0,376.09,170.91,1548,0,,28,53,6,0,3,90,0,1183,0
1700000388976,388.98,3628,0.0,319.68,16.37,1592,0,,13,30,2,0,1,46,0,1183,0
1700000389043,389.04,3558,622.43,365.09,202.04,1497,0,,44,55,6,0,1,106,0,1184,1
1700000389109,389.11,3545,967.39,455.44,193.49,1673,0,,24,33,5,0,2,64,0,1184,0
1700000389176,389.18,3429,719.92,495.11,51.48,1877,0,,29,61,4,0,1,95,0,1184,0
1700000389243,389.24,3449,0.0,420.84,204.47,1599,0,,35,51,2,0,4,92,0,1184,0
1700000389309,389.31,3584,0.0,357.72,118.56,1565,0,,35,35,2,0,1,73,0,1185,0
1700000389376,389.38,3626,247.47,341.18,28.79,1620,0,,4,41,3,0,1,49,0,1185,1
1700000389443,389.44,3551,322.46,338.37,16.1,1627,0,,33,41,3,0,2,79,0,1185,1
1700000389509,389.51,3583,284.97,330.36,85.67,1545,0,,36,65,4,0,3,108,0,1185,0
1700000389576,389.58,3513,0.0,280.81,136.43,1403,0,,31,15,2,0,4,52,2,1185,0
1700000389643,389.64,3627,0.0,238.69,22.98,1434,0,,24,57,5,0,3,89,0,1185,0
1700000389709,389.71,3644,622.43,296.25,279.01,1291,0,,34,16,6,0,4,60,1,1185,0
1700000389776,389.78,3544,1162.37,426.17,103.23,1705,0,,35,63,4,0,3,105,0,1185,0
1700000389843,389.84,3489,22.5,365.62,171.73,1528,0,,8,27,4,0,1,40,0,1186,0
1700000389909,389.91,3541,0.0,310.77,12.05,1580,0,,26,70,2,0,3,101,1,1186,0
1700000389976,389.98,3490,622.43,357.52,76.81,1604,0,,28,17,5,0,1,51,0,1186,0
1700000390043,390.04,3458,389.96,362.39,73.66,1616,0,,3,35,6,0,1,45,0,1187,0
1700000390110,390.11,3438,0.0,308.03,149.66,1441,0,,5,34,5,0,4,48,0,1187,1
1700000390176,390.18,3519,0.0,261.83,66.98,1435,0,,4,48,3,0,4,59,0,1187,0
1700000390243,390.24,3462,869.9,353.04,56.93,1615,0,,21,72,5,0,1,99,0,1187,0
1700000390310,390.31,3403,0.0,300.08,145.8,1430,0,,7,55,3,0,1,66,1,1187,0
1700000390376,390.38,3481,0.0,255.07,115.56,1374,0,,17,32,4,0,3,56,0,1187,0
1700000390443,390.44,3440,37.5,222.43,37.96,1389,0,,22,43,3,0,2,70,0,1187,0
1700000390510,390.51,3476,269.97,229.56,73.2,1367,0,,23,22,6,0,2,53,0,1187,0
1700000390576,390.58,3404,509.94,271.62,1.96,1517,0,,24,66,6,0,1,97,0,1187,0
1700000390643,390.64,3408,0.0,230.88,112.17,1332,0,,26,57,3,0,1,87,0,1187,0
1700000390710,390.71,3511,0.0,196.25,28.53,1348,0,,17,13,3,0,4,37,0,1187,0
1700000390776,390.78,3461,554.94,250.05,158.18,1323,0,,36,47,6,0,2,91,0,1187,0
1700000390843,390.84,3437,599.93,302.53,10.57,1566,0,,33,41,6,0,4,84,1,1187,0
1700000390910,390.91,3381,0.0,257.15,124.94,1369,0,,8,42,5,0,1,56,0,1187,0
1700000390976,390.98,3444,0.0,218.58,61.0,1359,0,,24,72,6,0,4,106,1,1187,0
1700000391043,391.04,3382,202.48,216.16,51.85,1363,0,,8,44,5,0,3,60,0,1187,0
1700000391110,391.11,3417,0.0,183.74,89.27,1264,0,,40,67,4,0,4,115,0,1187,0
1700000391176,391.18,3634,0.0,156.18,416.29,1000,0,,15,44,2,0,1,62,1,1187,0
1700000391243,391.24,3424,2204.76,463.47,353.85,1534,0,,7,70,6,0,1,84,0,1187,0
1700000391310,391.31,3340,0.0,393.95,191.4,1562,0,,20,69,6,0,4,99,1,1188,0
1700000391376,391.38,3442,0.0,334.85,162.69,1479,0,,18,23,3,0,3,47,0,1188,0
1700000391443,391.44,3509,0.0,284.63,67.98,1477,0,,26,34,5,0,3,68,1,1188,0
1700000391510,391.51,3461,314.97,289.18,377.47,1180,0,,31,13,2,0,3,49,0,1190,0
1700000391576,391.58,3467,1949.78,538.27,486.58,1546,0,,32,63,3,0,2,100,1,1190,0
1700000391643,391.64,3201,1057.38,616.13,21.66,2111,0,,19,74,3,0,3,99,0,1190,0
1700000391710,391.71,3326,0.0,523.71,254.45,1740,0,,41,62,3,0,3,109,0,1192,0
1700000391776,391.78,3370,0.0,445.16,216.28,1633,0,,37,61,5,0,1,104,0,1192,0
1700000391843,391.84,3478,0.0,378.38,183.84,1540,0,,20,24,4,0,2,50,0,1192,0
1700000391910,391.91,3371,0.0,321.63,111.06,1504,0,,3,52,5,0,4,64,0,1192,0
1700000391976,391.98,3526,202.48,303.75,322.43,1263,0,,39,39,2,0,2,82,0,1192,0
1700000392043,392.04,3344,1867.29,538.28,228.87,1790,0,,5,65,2,0,2,74,1,1192,0
1700000392110,392.11,3277,0.0,457.54,222.3,1650,0,,16,27,4,0,3,50,1,1192,0
1700000392176,392.18,3476,0.0,388.91,188.95,1555,0,,13,45,6,0,2,66,0,1192,0
1700000392243,392.24,3413,0.0,330.57,143.87,1489,0,,43,34,4,0,3,84,0,1192,0
1700000392310,392.31,3492,74.99,292.24,33.4,1525,0,,14,52,3,0,1,70,0,1193,0
1700000392376,392.38,3403,697.42,353.01,11.65,1658,0,,32,42,6,0,1,81,0,1193,0
1700000392443,392.44,3399,0.0,300.06,145.79,1430,0,,15,55,6,0,1,77,0,1193,0
1700000392510,392.51,3415,0.0,255.05,25.15,1463,0,,3,56,5,0,1,65,0,1193,0
1700000392576,392.58,3422,442.45,283.16,415.55,1130,0,,12,28,3,0,1,44,0,1193,0
1700000392643,392.64,3356,1957.28,534.28,254.45,1759,0,,31,68,5,0,2,106,1,1193,0
1700000392710,392.71,3161,0.0,454.14,220.65,1645,0,,41,26,3,0,1,71,0,1194,0
1700000392776,392.78,3474,0.0,386.02,220.92,1518,0,,28,39,3,0,4,74,1,1194,0
1700000392843,392.84,3279,1829.8,602.58,231.31,1902,0,,30,53,6,0,1,90,0,1194,0
1700000392910,392.91,3230,194.98,541.44,211.86,1812,0,,8,70,4,0,4,86,0,1194,0
1700000392976,392.98,3253,0.0,460.23,223.6,1653,1,Arah 1,36,13,2,0,4,55,1,1194,0
1700000393043,393.04,3259,0.0,391.19,190.06,1558,1,Arah 1,13,52,6,0,4,75,0,1194,0
1700000393110,393.11,3394,0.0,332.51,27.61,1605,1,Arah 1,30,47,4,0,1,82,0,1195,0
1700000393177,393.18,3338,847.41,409.75,165.77,1616,1,Arah 1,36,45,6,0,2,89,0,1195,0
1700000393243,393.24,3281,637.43,443.9,48.27,1789,1,Arah 1,25,40,4,0,4,73,0,1196,0
1700000393310,393.31,3253,0.0,377.32,183.32,1538,1,Arah 1,10,30,2,0,4,46,0,1196,0
1700000393377,393.38,3394,0.0,320.72,40.31,1571,1,Arah 1,7,50,2,0,3,62,0,1196,0
1700000393443,393.44,3417,517.44,350.23,174.99,1496,1,Arah 1,7,44,2,0,3,56,1,1196,0
1700000393510,393.51,3325,937.4,438.3,33.23,1793,1,Arah 1,35,43,4,0,2,84,0,1197,0
1700000393577,393.58,3292,0.0,372.56,181.01,1532,1,Arah 1,7,16,4,0,2,29,0,1197,0
1700000393643,393.64,3349,0.0,316.67,153.86,1453,1,Arah 1,8,73,3,0,1,85,0,1197,0
1700000393710,393.71,3394,0.0,269.17,130.78,1386,1,Arah 1,28,38,5,0,1,72,0,1197,0
1700000393777,393.78,3384,0.0,228.8,111.16,1329,1,Arah 1,41,72,3,0,2,118,0,1197,0
1700000393843,393.84,3440,0.0,194.48,236.97,1138,1,Arah 1,37,14,6,0,1,58,0,1197,0
1700000393910,393.91,3399,1484.84,388.03,201.43,1541,1,Arah 1,10,38,2,0,3,53,0,1197,0
1700000393977,393.98,3242,0.0,329.83,123.42,1508,1,Arah 1,9,65,4,0,4,82,0,1197,0
1700000394043,394.04,3403,164.98,305.1,55.8,1527,1,Arah 1,2,17,4,0,2,25,1,1197,0
1700000394110,394.11,3220,719.92,367.32,10.6,1685,1,Arah 1,37,38,6,0,1,82,0,1197,0
1700000394177,394.18,3307,0.0,312.22,151.7,1447,1,Arah 1,28,54,3,0,4,89,0,1198,0
1700000394243,394.24,3303,0.0,265.39,61.9,1446,1,Arah 1,8,55,4,0,1,68,0,1198,0
1700000394310,394.31,3432,854.91,353.82,273.59,1406,1,Arah 1,10,36,5,0,4,55,0,1198,0
1700000394377,394.38,3189,989.89,449.23,41.71,1805,1,Arah 1,19,32,6,0,4,61,0,1198,0
1700000394443,394.44,3300,0.0,381.84,115.81,1612,1,Arah 1,42,14,5,0,2,63,0,1199,0
1700000394510,394.51,3297,1349.85,527.05,98.44,1891,1,Arah 1,12,67,5,0,1,85,1,1199,0
1700000394577,394.58,3120,0.0,447.99,217.66,1637,1,Arah 1,18,46,5,0,2,71,0,1199,0
1700000394643,394.64,3366,0.0,380.79,47.74,1675,1,Arah 1,18,35,3,0,4,60,0,1200,0
1700000394710,394.71,3187,614.93,415.91,40.58,1746,1,Arah 1,12,21,3,0,1,37,0,1200,0
1700000394777,394.78,3284,0.0,353.52,26.12,1645,1,Arah 1,20,30,3,0,2,55,1,1200,0
1700000394843,394.84,3477,652.43,398.36,248.99,1514,1,Arah 1,36,39,3,0,1,79,0,1200,0
1700000394910,394.91,3197,1214.87,520.84,198.25,1788,1,Arah 1,33,12,4,0,3,52,0,1200,0
1700000394977,394.98,3315,592.43,531.58,121.64,1877,1,Arah 1,2,68,2,0,2,74,0,1200,0
1700000395043,395.04,3118,1004.89,602.57,28.85,2083,1,Arah 1,40,68,2,0,4,114,1,1200,0
1700000395110,395.11,3181,0.0,512.19,248.85,1725,1,Arah 1,17,37,2,0,1,57,1,1200,0
1700000395177,395.18,3224,0.0,435.36,211.52,1619,1,Arah 1,30,52,5,0,2,89,0,1200,0
1700000395243,395.24,3397,0.0,370.05,76.0,1628,1,Arah 1,21,15,4,0,1,41,0,1200,0
1700000395310,395.31,3263,464.95,384.29,89.41,1642,1,Arah 1,36,42,6,0,2,86,0,1201,0
1700000395377,395.38,3335,689.92,430.13,40.84,1771,1,Arah 1,30,31,4,0,4,69,0,1201,0
1700000395443,395.44,3171,307.47,411.73,119.3,1664,0,,31,29,6,0,1,67,1,1201,0
1700000395510,395.51,3294,0.0,349.97,173.14,1497,0,,17,30,4,0,4,55,0,1201,0
1700000395577,395.58,3277,1537.33,528.08,235.9,1765,0,,5,63,4,0,4,76,0,1201,0
1700000395643,395.64,3089,397.46,508.48,137.65,1822,0,,12,18,3,0,3,36,0,1202,0
1700000395710,395.71,3224,22.5,435.59,53.39,1769,0,,38,15,5,0,1,59,0,1202,0
1700000395777,395.78,3086,682.42,472.61,50.4,1838,0,,34,63,2,0,1,100,0,1202,0
1700000395843,395.84,3133,0.0,401.72,195.18,1573,0,,22,45,2,0,1,70,0,1202,0
1700000395910,395.91,3150,0.0,341.46,165.9,1488,0,,14,59,6,0,4,83,0,1202,0
1700000395977,395.98,3151,0.0,290.24,141.02,1416,0,,22,16,2,0,1,41,0,1202,0
1700000396044,396.04,3182,0.0,246.71,119.86,1354,0,,16,43,3,0,4,66,0,1202,0
1700000396110,396.11,3180,0.0,209.7,60.5,1342,0,,28,57,4,0,3,92,0,1202,1
1700000396177,396.18,3238,727.42,287.36,81.56,1469,0,,39,39,4,0,4,86,0,1202,0
1700000396244,396.24,3083,134.99,264.5,93.06,1414,0,,5,47,3,0,2,57,1,1202,0
1700000396310,396.31,3220,0.0,224.83,109.23,1323,0,,36,66,2,0,2,106,0,1202,0
1700000396377,396.38,3173,0.0,191.1,19.19,1348,0,,5,43,3,0,2,53,0,1202,0
1700000396444,396.44,3236,329.96,211.93,119.29,1288,0,,43,68,5,0,1,117,1,1202,0
1700000396510,396.51,3129,607.43,271.26,27.74,1491,0,,34,41,3,0,1,79,0,1202,0
1700000396577,396.58,3155,0.0,230.57,110.35,1333,0,,5,15,5,0,1,26,0,1203,0
1700000396644,396.64,3214,7.5,197.11,93.8,1285,0,,12,45,2,0,1,60,1,1203,0
1700000396710,396.71,3154,0.0,167.54,80.98,1241,0,,26,18,4,0,4,52,0,1205,0
1700000396777,396.78,3218,727.42,251.52,132.45,1351,0,,6,16,5,0,1,28,0,1205,0
1700000396844,396.84,3057,284.97,256.54,49.8,1442,0,,37,29,5,0,3,74,0,1205,0
1700000396910,396.91,3180,0.0,218.06,12.2,1406,0,,19,29,6,0,2,56,1,1205,0
1700000396977,396.98,3065,419.95,248.34,10.37,1465,0,,42,67,3,0,1,113,0,1205,0
1700000397044,397.04,3124,0.0,211.09,54.01,1351,0,,34,67,6,0,2,109,0,1205,0
1700000397110,397.11,3268,217.48,212.05,111.45,1296,0,,41,65,5,0,1,112,1,1205,0
1700000397177,397.18,3095,704.92,285.98,46.18,1501,0,,41,51,4,0,4,100,0,1206,0
1700000397244,397.24,3174,0.0,243.08,94.67,1372,0,,24,74,4,0,3,105,0,1206,0
1700000397310,397.31,3212,104.99,222.37,50.33,1376,0,,3,51,2,0,1,57,0,1206,0
1700000397377,397.38,3160,134.99,209.26,151.41,1251,0,,36,52,4,0,1,93,0,1206,0
1700000397444,397.44,3194,974.89,324.11,158.83,1462,0,,35,74,3,0,3,115,0,1206,0
1700000397510,397.51,3030,269.97,315.99,82.62,1521,0,,25,30,4,0,2,61,0,1206,0
1700000397577,397.58,3158,0.0,268.59,8.29,1505,0,,8,59,3,0,2,72,0,1206,0
1700000397644,397.64,3168,547.44,310.42,7.05,1584,0,,34,48,6,0,1,89,0,1206,0
1700000397710,397.71,3085,0.0,263.85,128.19,1379,0,,3,74,3,0,3,83,0,1206,1
1700000397777,397.78,3178,0.0,224.28,4.87,1425,0,,9,14,6,0,3,32,0,1206,0
1700000397844,397.84,3126,509.94,267.13,29.25,1482,0,,42,48,5,0,3,98,0,1206,0
1700000397910,397.91,3110,112.49,243.93,80.6,1387,0,,33,43,6,0,4,86,0,1206,0
1700000397977,397.98,3111,37.5,212.96,75.21,1334,0,,36,53,6,0,2,97,0,1206,0
1700000398044,398.04,3105,82.49,193.39,18.1,1353,0,,28,36,4,0,4,72,0,1206,0
1700000398110,398.11,3100,404.96,225.13,167.72,1266,0,,4,64,4,0,1,73,1,1206,0
1700000398177,398.18,3051,764.92,306.1,52.17,1532,0,,12,52,2,0,4,70,0,1206,0
1700000398244,398.24,2998,0.0,260.18,126.41,1373,0,,4,12,5,0,3,24,0,1207,0
1700000398310,398.31,3177,0.0,221.15,259.17,1167,0,,31,36,6,0,3,76,0,1207,0
1700000398377,398.38,3126,1642.32,434.33,422.85,1412,0,,32,15,3,0,2,52,0,1207,0
1700000398444,398.44,2958,907.4,505.29,7.19,1935,0,,8,26,4,0,2,40,0,1207,0
1700000398510,398.51,3005,0.0,429.5,208.67,1611,0,,5,59,3,0,4,71,0,1207,0
1700000398577,398.58,3005,0.0,365.07,177.37,1521,0,,11,19,2,0,4,36,0,1207,1
1700000398644,398.64,3039,0.0,310.31,150.77,1444,0,,2,33,3,0,4,42,0,1207,0
1700000398710,398.71,3064,0.0,263.76,30.88,1474,0,,34,14,3,0,2,53,1,1207,0
1700000398777,398.78,3136,712.42,331.06,297.45,1340,0,,19,66,3,0,2,90,0,1207,0
1700000398844,398.84,2969,1214.87,463.63,93.8,1782,0,,44,45,6,0,3,98,0,1207,0
1700000398910,398.91,2974,0.0,394.09,191.47,1562,0,,13,54,6,0,4,77,0,1207,0
1700000398977,398.98,2998,0.0,334.97,162.75,1479,0,,23,34,4,0,4,65,0,1207,0
1700000399044,399.04,3042,0.0,284.73,129.97,1416,0,,4,65,6,0,3,78,0,1207,1
1700000399111,399.11,3034,37.5,247.64,83.69,1392,0,,2,54,4,0,4,64,0,1208,0
1700000399177,399.18,3037,119.99,228.5,79.5,1359,0,,3,30,5,0,1,39,0,1208,0
1700000399244,399.24,3018,0.0,194.22,37.45,1335,0,,43,23,2,0,3,71,0,1208,0
1700000399311,399.31,3105,254.97,203.33,113.81,1277,0,,43,56,3,0,2,104,0,1208,1
1700000399377,399.38,2984,652.43,270.7,133.57,1386,0,,14,25,4,0,1,44,0,1208,0
1700000399444,399.44,3018,419.95,293.09,32.11,1527,0,,31,59,5,0,4,99,0,1208,0
1700000399511,399.51,2928,0.0,249.12,121.04,1358,0,,41,68,5,0,2,116,0,1208,0
1700000399577,399.58,3073,0.0,211.75,44.43,1362,0,,23,41,6,0,3,73,0,1208,0
1700000399644,399.64,3073,659.93,278.98,136.54,1399,0,,31,35,4,0,1,71,1,1208,0
1700000399711,399.71,2985,442.45,303.5,31.26,1548,0,,25,31,5,0,2,63,0,1209,0
1700000399777,399.78,3014,0.0,257.98,39.96,1454,0,,4,66,6,0,3,79,0,1209,0
1700000399844,399.84,3046,382.46,276.65,33.97,1495,0,,5,46,6,0,3,60,0,1209,0
1700000399911,399.91,2963,0.0,235.15,114.25,1338,0,,3,65,3,0,1,72,0,1209,0
1700000399977,399.98,3098,0.0,199.88,97.11,1287,0,,8,18,3,0,3,32,0,1209,0
1700000400044,400.04,3094,0.0,169.9,34.0,1292,0,,14,50,2,0,3,69,0,1209,0
1700000400111,400.11,3127,217.48,177.03,210.49,1131,0,,4,37,6,0,2,49,0,1209,0
1700000400177,400.18,3065,1072.38,311.34,247.55,1351,0,,12,63,6,0,3,84,0,1209,0
1700000400244,400.24,2984,524.94,343.38,166.9,1491,0,,13,51,5,0,3,72,0,1209,0
1700000400311,400.31,2995,877.4,423.48,96.66,1707,0,,5,39,6,0,2,52,0,1209,0
1700000400377,400.38,2867,322.46,408.33,113.7,1663,0,,21,71,6,0,3,101,0,1209,0
1700000400444,400.44,2952,0.0,347.08,168.63,1496,0,,24,52,5,0,3,84,1,1210,0
1700000400511,400.51,2931,0.0,295.02,143.34,1423,0,,5,35,4,0,4,48,0,1211,0
1700000400577,400.58,3019,0.0,250.76,11.35,1468,0,,9,15,3,0,2,29,1,1213,0
1700000400644,400.64,2934,494.95,287.39,9.65,1539,0,,16,18,5,0,1,40,0,1213,0
1700000400711,400.71,2953,0.0,244.28,118.69,1351,0,,13,72,3,0,2,90,1,1213,0
1700000400777,400.78,3011,0.0,207.64,5.46,1393,0,,12,62,6,0,2,82,1,1213,1
1700000400844,400.84,2987,427.45,240.61,4.64,1456,0,,39,44,5,0,1,89,0,1213,0
1700000400911,400.91,2954,0.0,204.52,99.37,1294,0,,27,14,2,0,2,45,1,1214,0
1700000400977,400.98,2995,0.0,173.84,47.63,1287,0,,3,74,5,0,2,84,0,1214,0
1700000401044,401.04,3012,164.98,172.51,3.04,1328,0,,36,33,2,0,1,72,0,1214,0
1700000401111,401.11,2973,194.98,175.88,5.79,1332,0,,8,45,4,0,3,60,0,1214,0
1700000401177,401.18,2986,127.49,168.62,157.46,1167,0,,4,31,3,0,3,41,0,1215,0
1700000401244,401.24,2956,922.4,281.69,105.38,1435,0,,39,49,2,0,4,94,0,1215,0
1700000401311,401.31,2863,0.0,239.44,19.24,1439,0,,3,34,4,0,4,45,0,1216,0
1700000401377,401.38,3024,434.95,268.76,60.66,1454,0,,5,72,2,0,3,82,1,1216,1
1700000401444,401.44,2805,344.96,280.19,45.54,1490,0,,29,63,5,0,3,100,0,1217,0
1700000401511,401.51,2978,0.0,238.16,115.71,1342,0,,25,13,2,0,1,41,1,1218,0
1700000401577,401.58,2898,0.0,202.44,98.36,1291,0,,17,60,2,0,4,83,0,1218,0
1700000401644,401.64,3010,0.0,172.07,83.6,1247,0,,40,66,2,0,3,111,0,1219,0
1700000401711,401.71,2982,0.0,146.26,98.02,1184,0,,20,69,4,0,3,96,1,1219,1
1700000401777,401.78,3122,757.42,237.94,379.62,1079,0,,18,31,6,0,1,56,0,1219,0
1700000401844,401.84,2881,1327.35,401.35,153.6,1612,0,,39,50,4,0,2,95,0,1219,0
1700000401911,401.91,2945,0.0,341.15,165.75,1488,0,,41,37,5,0,4,87,0,1219,0
1700000401977,401.98,2967,0.0,289.97,67.23,1488,0,,3,56,4,0,4,67,1,1219,0
1700000402044,402.04,2959,329.96,295.97,91.85,1475,0,,25,48,2,0,1,76,0,1220,0
1700000402111,402.11,2923,667.43,351.69,4.41,1663,0,,39,64,2,0,1,106,0,1220,0
1700000402178,402.18,2870,0.0,298.94,145.24,1428,0,,16,55,3,0,3,77,0,1220,0
1700000402244,402.24,2933,0.0,254.1,69.06,1418,0,,5,70,6,0,4,85,0,1220,0
1700000402311,402.31,3004,862.4,345.34,331.57,1333,0,,35,37,2,0,3,77,0,1220,0
1700000402378,402.38,2818,1222.36,476.9,89.32,1810,0,,33,58,2,0,2,95,0,1220,0
1700000402444,402.44,2841,0.0,405.36,196.95,1578,0,,29,72,2,0,2,105,0,1220,0
1700000402511,402.51,2855,0.0,344.56,90.4,1567,0,,5,25,2,0,1,33,0,1220,0
1700000402578,402.58,2849,344.96,344.62,21.6,1633,0,,35,66,3,0,2,106,0,1221,0
1700000402644,402.64,2809,247.47,330.05,90.34,1540,0,,22,50,6,0,2,80,0,1221,0
1700000402711,402.71,2816,22.5,283.91,100.23,1444,0,,27,15,3,0,2,47,1,1221,0
1700000402778,402.78,2806,142.48,262.7,90.21,1414,1,Arah 2,39,71,4,0,4,118,0,1222,0
1700000402844,402.84,2797,0.0,223.29,7.02,1421,1,Arah 2,9,19,5,0,2,35,0,1222,0
1700000402911,402.91,2934,517.44,267.42,225.27,1289,1,Arah 2,27,38,3,0,1,69,0,1222,0
1700000402978,402.98,2728,982.39,374.66,75.97,1637,1,Arah 2,38,38,4,0,3,83,1,1223,0
1700000403044,403.04,2803,0.0,318.46,154.73,1456,1,Arah 2,33,13,2,0,1,49,1,1223,0
1700000403111,403.11,2810,0.0,270.69,131.52,1388,1,Arah 2,44,30,3,0,2,79,0,1223,0
1700000403178,403.18,2978,0.0,230.09,311.74,1132,1,Arah 2,14,27,2,0,1,44,0,1223,0
1700000403244,403.24,2891,1897.29,480.17,430.71,1491,1,Arah 2,34,66,6,0,3,109,0,1223,0
1700000403311,403.31,2725,742.42,519.51,57.43,1915,1,Arah 2,33,68,5,0,1,107,0,1223,0
1700000403378,403.38,2792,0.0,441.58,214.54,1628,1,Arah 2,3,38,5,0,3,49,1,1223,0
1700000403444,403.44,2827,0.0,375.34,182.36,1536,1,Arah 2,34,63,3,0,3,103,0,1223,0
1700000403511,403.51,2845,0.0,319.04,153.33,1458,1,Arah 2,27,42,3,0,1,73,0,1223,0
1700000403578,403.58,2833,7.5,272.31,83.46,1438,1,Arah 2,40,33,2,0,3,78,1,1224,0
1700000403644,403.64,2844,209.98,262.96,124.92,1380,1,Arah 2,23,35,6,0,1,65,0,1224,0
1700000403711,403.71,2805,884.9,356.25,59.31,1619,1,Arah 2,28,40,4,0,2,74,0,1224,0
1700000403778,403.78,2726,0.0,302.81,147.12,1434,1,Arah 2,27,58,6,0,1,92,0,1224,0
1700000403844,403.84,2841,0.0,257.39,61.44,1432,1,Arah 2,40,12,2,0,3,57,0,1224,0
1700000403911,403.91,2973,284.97,261.53,52.23,1449,1,Arah 2,26,20,6,0,2,54,0,1224,1
1700000403978,403.98,2803,0.0,222.3,15.87,1410,1,Arah 2,25,25,5,0,2,57,0,1224,0
1700000404044,404.04,2978,554.94,272.19,587.69,1000,1,Arah 2,12,72,6,0,4,94,0,1224,1
1700000404111,404.11,2729,2572.21,617.2,375.66,1796,1,Arah 2,39,23,5,0,4,71,0,1225,0
1700000404178,404.18,2635,0.0,524.62,254.89,1741,1,Arah 2,14,32,5,0,1,52,0,1225,0
1700000404244,404.24,2819,0.0,445.93,64.32,1778,1,Arah 2,23,14,2,0,1,40,0,1225,0
1700000404311,404.31,2736,682.42,481.4,54.67,1850,1,Arah 2,41,13,2,0,4,60,0,1225,0
1700000404378,404.38,2728,0.0,409.19,198.81,1583,1,Arah 2,29,37,2,0,2,70,1,1225,0
1700000404444,404.44,2810,0.0,347.81,168.99,1497,1,Arah 2,21,51,3,0,3,78,0,1225,0
1700000404511,404.51,2779,0.0,295.64,143.64,1424,1,Arah 2,37,23,4,0,2,66,0,1225,0
1700000404578,404.58,2816,0.0,251.29,122.09,1361,1,Arah 2,10,25,5,0,4,44,0,1225,0
1700000404644,404.64,2815,0.0,213.6,78.69,1332,1,Arah 2,23,38,5,0,2,68,0,1225,0
1700000404711,404.71,2946,817.41,304.17,567.43,1019,1,Arah 2,43,35,2,0,3,83,0,1225,0
1700000404778,404.78,2706,2242.25,594.88,299.84,1826,1,Arah 2,21,13,2,0,1,37,1,1226,0
1700000404844,404.84,2647,0.0,505.65,245.67,1716,1,Arah 2,22,19,5,0,1,47,0,1227,0
1700000404911,404.91,2758,0.0,429.8,208.82,1611,1,Arah 2,44,34,5,0,3,86,0,1227,0
1700000404978,404.98,2720,0.0,365.33,55.29,1639,1,Arah 2,3,48,5,0,3,59,1,1228,0
1700000405045,405.05,2879,547.44,392.65,110.36,1637,1,Arah 2,35,35,6,0,3,79,0,1228,0
1700000405111,405.11,2647,704.92,439.49,28.4,1799,1,Arah 2,43,31,6,0,3,83,0,1228,1
1700000405178,405.18,2785,0.0,373.57,181.5,1533,1,Arah 2,15,22,6,0,2,45,0,1228,0
1700000405245,405.25,2854,0.0,317.53,20.35,1584,1,Arah 2,24,67,5,0,2,98,1,1228,0
1700000405311,405.31,2832,599.93,359.89,253.9,1437,0,,36,36,3,0,1,76,0,1228,0
1700000405378,405.38,2774,1214.87,488.14,185.68,1740,0,,26,38,6,0,2,72,0,1228,0
1700000405445,405.45,2670,464.95,484.66,108.35,1806,0,,5,60,5,0,2,72,0,1228,0
1700000405511,405.51,2712,22.5,415.33,98.79,1690,0,,37,26,4,0,1,68,0,1228,0
1700000405578,405.58,2667,434.95,418.28,70.58,1722,0,,5,57,3,0,2,67,0,1228,0
1700000405645,405.65,2654,82.49,367.91,157.09,1546,0,,17,17,2,0,2,38,0,1228,0
1700000405711,405.71,2656,0.0,312.72,151.94,1448,0,,31,42,6,0,2,81,0,1228,0
1700000405778,405.78,2745,0.0,265.81,129.15,1381,0,,3,74,4,0,1,82,0,1229,0
1700000405845,405.85,2664,0.0,225.94,109.78,1325,0,,28,39,2,0,2,71,0,1229,0
1700000405911,405.91,2836,0.0,192.05,97.53,1272,0,,43,56,5,0,3,107,0,1229,0
1700000405978,405.98,2755,854.91,291.48,200.09,1360,0,,32,12,4,0,2,50,0,1229,0
1700000406045,406.05,2722,524.94,326.5,20.77,1601,0,,16,12,6,0,1,35,0,1229,0
1700000406111,406.11,2685,0.0,277.52,134.84,1398,0,,31,66,3,0,4,104,0,1229,0
1700000406178,406.18,2868,0.0,235.9,41.08,1411,0,,35,57,5,0,4,101,0,1231,0
1700000406245,406.25,2804,697.42,305.12,376.42,1212,0,,36,30,5,0,2,73,2,1232,0
1700000406311,406.31,2775,1529.83,488.83,519.17,1421,0,,22,59,2,0,2,85,0,1232,1
1700000406378,406.38,2600,1589.82,653.98,136.62,2075,0,,42,50,3,0,3,98,0,1232,0
1700000406445,406.45,2563,164.98,580.63,238.77,1857,0,,33,58,4,0,4,99,0,1232,0
1700000406511,406.51,2578,0.0,493.54,239.79,1699,0,,31,70,2,0,3,106,0,1232,0
1700000406578,406.58,2602,0.0,419.5,203.82,1597,0,,3,54,2,0,4,63,0,1232,0
1700000406645,406.65,2724,0.0,356.58,37.65,1640,0,,36,40,4,0,4,84,0,1232,0
1700000406711,406.71,2734,607.43,394.21,58.4,1689,0,,27,29,4,0,2,62,0,1232,0
1700000406778,406.78,2643,404.96,395.82,114.93,1639,0,,42,50,5,0,3,100,1,1232,0
1700000406845,406.85,2680,899.9,471.43,7.29,1876,0,,17,62,5,0,3,87,0,1232,0
1700000406911,406.91,2523,0.0,400.72,194.69,1571,0,,37,52,4,0,1,94,0,1232,0
1700000406978,406.98,2685,0.0,340.61,114.08,1537,0,,7,55,2,0,4,68,1,1232,0
1700000407045,407.05,2704,1252.36,477.37,130.45,1773,0,,14,57,6,0,2,79,0,1233,0
1700000407111,407.11,2518,149.98,428.26,168.69,1647,0,,43,53,5,0,3,104,1,1233,0
1700000407178,407.18,2684,0.0,364.02,176.86,1520,0,,41,56,6,0,2,105,1,1234,0
1700000407245,407.25,2569,0.0,309.42,150.33,1443,0,,8,63,5,0,4,80,1,1234,0
1700000407311,407.31,2712,0.0,263.01,37.39,1466,0,,29,62,6,0,3,100,0,1234,0
1700000407378,407.38,2768,404.96,284.3,388.41,1160,0,,3,12,3,0,2,20,0,1234,0
1700000407445,407.45,2658,1882.29,524.0,323.45,1676,0,,6,20,6,0,3,35,0,1234,0
1700000407511,407.51,2517,374.96,501.64,145.25,1802,0,,2,52,6,0,2,62,0,1234,0
1700000407578,407.58,2608,0.0,426.4,207.17,1607,0,,37,34,6,0,4,81,0,1234,0
1700000407645,407.65,2537,0.0,362.44,109.13,1582,0,,39,37,5,0,1,82,1,1234,0
1700000407711,407.71,2640,299.97,353.07,0.99,1668,0,,20,34,5,0,4,63,0,1234,0
1700000407778,407.78,2497,419.95,363.1,66.12,1625,0,,42,23,5,0,4,74,0,1234,0
1700000407845,407.85,2584,0.0,308.63,39.22,1550,0,,29,29,3,0,3,64,0,1234,0
1700000407911,407.91,2505,847.41,389.45,33.33,1704,0,,12,47,6,0,3,68,1,1234,0
1700000407978,407.98,2471,0.0,331.03,160.83,1474,0,,4,72,4,0,1,81,0,1234,0
1700000408045,408.05,2774,0.0,281.38,157.92,1383,0,,6,29,5,0,4,44,1,1234,0
1700000408112,408.11,2681,1319.85,437.15,134.24,1696,0,,44,55,5,0,4,108,0,1234,0
1700000408178,408.18,2598,0.0,371.58,121.94,1587,0,,33,32,3,0,3,71,0,1234,0
1700000408245,408.25,2734,262.47,355.21,274.69,1408,0,,18,42,2,0,2,64,0,1234,0
1700000408312,408.31,2563,1694.81,556.15,174.89,1872,0,,35,55,5,0,1,96,1,1234,0
1700000408378,408.38,2508,0.0,472.73,196.2,1702,0,,14,72,6,0,3,95,0,1235,0
1700000408445,408.45,2724,149.98,424.32,72.62,1731,0,,6,74,2,0,2,84,0,1235,0
1700000408512,408.51,2488,1072.38,521.53,28.25,1945,0,,29,38,2,0,2,71,0,1235,0
1700000408578,408.58,2581,0.0,443.3,73.08,1765,0,,9,45,6,0,4,64,0,1235,0
1700000408645,408.65,2529,637.43,472.42,62.12,1827,0,,26,63,5,0,3,97,0,1235,0
1700000408712,408.71,2496,0.0,401.55,195.1,1572,0,,8,20,6,0,3,37,1,1235,0
1700000408778,408.78,2603,0.0,341.32,165.83,1488,0,,12,46,3,0,1,62,0,1235,0
1700000408845,408.85,2559,0.0,290.12,99.11,1457,0,,12,70,4,0,4,90,0,1235,0
1700000408912,408.91,2635,187.48,274.73,166.87,1361,0,,18,73,4,0,3,98,0,1235,0
1700000408978,408.98,2534,1124.88,402.25,168.62,1599,0,,37,34,4,0,2,77,0,1235,0
1700000409045,409.05,2485,307.47,388.03,107.78,1631,0,,2,64,3,0,2,71,0,1235,0
1700000409112,409.11,2493,0.0,329.83,160.25,1472,0,,41,71,6,0,3,121,0,1235,0
1700000409178,409.18,2613,0.0,280.35,126.61,1411,0,,29,33,4,0,1,67,0,1235,0
1700000409245,409.25,2509,1177.37,414.91,107.62,1681,0,,42,42,3,0,3,90,0,1236,0
1700000409312,409.31,2456,0.0,352.67,171.35,1504,0,,16,35,5,0,2,58,0,1237,0
1700000409378,409.38,2579,0.0,299.77,145.64,1429,0,,27,57,6,0,4,94,0,1237,0
1700000409445,409.45,2537,0.0,254.8,36.75,1451,0,,3,22,4,0,4,33,0,1238,1
1700000409512,409.51,2736,389.96,275.08,109.38,1418,0,,21,59,4,0,4,88,1,1238,0
1700000409578,409.58,2485,629.93,328.3,334.04,1298,0,,3,53,3,0,2,61,0,1239,0
1700000409645,409.65,2652,1469.84,499.53,263.85,1687,0,,12,50,4,0,3,69,0,1240,0
1700000409712,409.71,2289,539.94,505.6,103.84,1848,0,,21,68,2,0,3,94,0,1240,0
1700000409778,409.78,2580,0.0,429.76,10.5,1799,0,,6,54,6,0,1,67,0,1240,0
1700000409845,409.85,2448,982.39,512.65,18.97,1937,0,,3,54,5,0,1,63,0,1241,0
1700000409912,409.91,2449,45.0,442.5,203.18,1640,0,,28,32,5,0,4,69,0,1241,0
1700000409978,409.98,2442,0.0,376.13,182.74,1537,0,,10,68,4,0,2,84,1,1242,0
1700000410045,410.05,2543,0.0,319.71,131.9,1480,0,,44,63,3,0,1,111,2,1242,0
1700000410112,410.11,2589,104.99,287.5,40.13,1509,0,,33,30,3,0,4,70,0,1242,0
1700000410178,410.18,2529,322.46,292.74,25.74,1533,0,,8,47,2,0,3,60,0,1242,0
1700000410245,410.25,2546,142.48,270.21,133.81,1385,0,,6,28,2,0,4,40,0,1242,0
1700000410312,410.31,2510,1019.89,382.66,256.03,1478,0,,33,61,6,0,1,101,0,1242,0
1700000410378,410.38,2410,779.91,442.25,10.04,1821,0,,13,28,5,0,4,50,1,1242,0
1700000410445,410.45,2406,0.0,375.91,93.91,1622,0,,29,26,4,0,1,60,0,1242,0
1700000410512,410.51,2431,397.46,379.14,79.83,1641,0,,29,30,4,0,4,67,1,1242,0
1700000410578,410.58,2353,0.0,322.27,156.58,1461,0,,3,21,4,0,3,31,0,1242,0
1700000410645,410.65,2489,0.0,273.93,133.09,1393,0,,28,26,6,0,1,61,0,1242,0
1700000410712,410.71,2562,0.0,232.84,174.81,1273,0,,44,56,5,0,2,107,1,1242,0
1700000410778,410.78,2536,1289.86,391.39,356.17,1396,0,,44,44,5,0,3,96,0,1244,0
1700000410845,410.85,2390,929.9,472.17,14.81,1870,0,,37,49,6,0,1,93,0,1244,0
1700000410912,410.91,2412,0.0,401.34,102.92,1660,0,,33,12,3,0,4,52,1,1244,0
1700000410978,410.98,2465,412.45,403.01,87.48,1678,0,,34,26,6,0,3,69,1,1244,0
1700000411045,411.05,2357,0.0,342.56,166.43,1490,0,,10,16,6,0,4,36,1,1244,0
1700000411112,411.11,2468,0.0,291.17,86.23,1471,0,,36,69,4,0,1,110,1,1244,0
1700000411179,411.18,2548,247.47,284.62,109.18,1437,0,,40,44,4,0,4,92,0,1244,0
1700000411245,411.25,2435,817.41,364.54,263.56,1436,0,,37,16,6,0,2,61,0,1244,0
1700000411312,411.31,2439,1012.39,461.72,177.15,1700,0,,25,53,2,0,3,83,0,1245,0
1700000411379,411.38,2300,607.43,483.57,75.42,1835,0,,31,39,6,0,3,79,0,1245,0
1700000411445,411.45,2358,0.0,411.04,199.7,1585,0,,40,44,3,0,3,90,0,1245,0
1700000411512,411.51,2418,0.0,349.38,169.75,1499,0,,18,41,4,0,4,67,0,1246,0
1700000411579,411.58,2500,0.0,296.97,11.4,1555,0,,16,71,3,0,4,94,0,1246,0
1700000411645,411.65,2460,697.42,357.04,270.84,1415,0,,44,47,4,0,4,99,0,1246,0
1700000411712,411.71,2407,1169.87,478.97,464.58,1456,0,,14,23,2,0,1,40,1,1246,0
1700000411779,411.78,2304,1747.31,669.22,133.74,2103,0,,4,32,6,0,3,45,0,1246,0
1700000411845,411.85,2174,0.0,568.83,276.37,1801,0,,32,51,5,0,1,89,1,1246,0
1700000411912,411.91,2410,0.0,483.51,72.53,1837,0,,18,23,6,0,3,50,0,1246,0
1700000411979,411.98,2331,727.42,520.1,61.65,1912,0,,2,18,2,0,4,26,2,1246,0
1700000412045,412.05,2313,0.0,442.08,214.79,1628,0,,34,34,6,0,4,78,0,1246,0
1700000412112,412.11,2351,0.0,375.77,182.57,1536,0,,37,67,5,0,1,110,0,1246,0
1700000412179,412.18,2497,0.0,319.4,80.86,1529,0,,44,32,2,0,4,82,0,1246,0
1700000412245,412.25,2487,1057.38,430.1,447.06,1380,0,,41,67,3,0,2,113,0,1246,0
1700000412312,412.31,2356,1694.81,619.81,143.96,2011,0,,28,16,5,0,3,52,0,1246,0
1700000412379,412.38,2261,0.0,526.84,255.97,1744,0,,26,20,2,0,1,49,0,1246,0
1700000412445,412.45,2437,0.0,447.81,217.57,1636,0,,10,74,2,0,2,88,1,1246,0
1700000412512,412.51,2425,0.0,380.64,180.01,1548,0,,18,21,6,0,2,47,0,1246,0
1700000412579,412.58,2464,1634.82,568.77,261.82,1814,0,,39,64,2,0,4,109,0,1246,0
1700000412645,412.65,2207,487.45,556.57,142.4,1902,1,Arah 2,8,21,5,0,3,37,0,1246,0
1700000412712,412.71,2399,0.0,473.08,49.05,1840,1,Arah 2,39,22,5,0,4,70,0,1246,0
1700000412779,412.78,2300,809.91,523.61,41.7,1936,1,Arah 2,21,16,6,0,3,46,0,1246,0
1700000412845,412.85,2291,0.0,445.07,160.99,1685,1,Arah 2,9,72,5,0,3,89,1,1246,0
1700000412912,412.91,2458,247.47,415.43,8.8,1775,1,Arah 2,33,68,4,0,4,109,0,1246,0
1700000412979,412.98,2258,652.43,450.98,47.77,1802,1,Arah 2,7,17,5,0,3,32,0,1246,0
1700000413045,413.05,2371,0.0,383.33,142.72,1589,1,Arah 2,30,25,3,0,1,59,0,1246,0
1700000413112,413.11,2330,194.98,355.08,2.57,1671,1,Arah 2,44,33,3,0,4,84,1,1246,0
1700000413179,413.18,2345,554.94,385.06,41.34,1689,1,Arah 2,37,73,2,0,1,113,0,1246,0
1700000413245,413.25,2256,0.0,327.3,132.24,1494,1,Arah 2,18,45,4,0,1,68,0,1246,1
1700000413312,413.31,2407,119.99,296.2,112.4,1455,1,Arah 2,43,58,4,0,3,108,0,1246,0
1700000413379,413.38,2240,0.0,251.77,98.89,1384,1,Arah 2,24,16,6,0,2,48,0,1246,0
1700000413445,413.45,2433,104.99,229.75,101.76,1340,1,Arah 2,42,55,5,0,3,105,0,1246,0
1700000413512,413.51,2226,832.41,320.15,63.06,1548,1,Arah 2,11,32,5,0,2,50,0,1246,0
1700000413579,413.58,2322,0.0,272.13,132.22,1390,1,Arah 2,18,15,4,0,4,41,0,1246,0
1700000413645,413.65,2408,0.0,231.31,147.09,1298,1,Arah 2,27,46,5,0,4,82,0,1247,0
1700000413712,413.71,2335,1162.37,370.97,272.35,1440,1,Arah 2,16,51,3,0,2,72,1,1247,0
1700000413779,413.78,2253,659.93,414.31,27.98,1755,1,Arah 2,21,66,4,0,4,95,1,1247,0
1700000413845,413.85,2247,0.0,352.17,171.1,1503,1,Arah 2,10,27,3,0,3,43,0,1247,0
1700000413912,413.91,2379,0.0,299.34,165.94,1409,1,Arah 2,19,49,6,0,2,76,0,1248,0
1700000413979,413.98,2397,1394.85,463.67,204.66,1678,1,Arah 2,38,19,2,0,4,63,0,1248,0
1700000414046,414.05,2193,284.97,436.86,137.41,1692,1,Arah 2,21,71,2,0,3,97,0,1248,0
1700000414112,414.11,2359,0.0,371.33,23.05,1681,1,Arah 2,8,47,2,0,3,60,0,1248,0
1700000414179,414.18,2278,704.92,421.37,203.05,1601,1,Arah 2,27,15,6,0,4,52,0,1249,0
1700000414246,414.25,2265,997.39,507.77,15.23,1932,1,Arah 2,34,70,3,0,3,110,0,1250,0
1700000414312,414.31,2145,0.0,431.61,209.7,1614,1,Arah 2,22,62,2,0,1,87,1,1250,0
1700000414379,414.38,2466,0.0,366.87,144.85,1556,1,Arah 2,7,16,5,0,4,32,0,1251,0
1700000414446,414.45,2382,1447.34,528.94,370.88,1639,1,Arah 2,30,30,3,0,1,64,0,1253,0
1700000414512,414.51,2273,1109.88,616.08,7.84,2123,1,Arah 2,4,45,6,0,2,57,0,1255,0
1700000414579,414.58,2234,0.0,523.67,254.43,1740,1,Arah 2,7,47,3,0,3,60,0,1255,0
1700000414646,414.65,2306,0.0,445.12,182.78,1665,1,Arah 2,25,51,4,0,3,83,0,1255,0
1700000414712,414.71,2303,149.98,400.85,58.27,1702,1,Arah 2,26,12,5,0,4,47,0,1256,0
1700000414779,414.78,2286,434.95,405.96,111.18,1661,1,Arah 2,25,54,3,0,2,84,0,1256,0
1700000414846,414.85,2245,869.9,475.55,230.1,1675,1,Arah 2,13,20,6,0,3,42,0,1256,0
1700000414912,414.91,2170,1042.38,560.58,1.4,2036,1,Arah 2,13,72,6,0,4,95,0,1256,0
1700000414979,414.98,2106,0.0,476.49,231.51,1676,1,Arah 2,32,45,2,0,1,80,0,1256,0
1700000415046,415.05,2284,0.0,405.02,193.43,1580,1,Arah 2,13,63,2,0,1,79,0,1256,1
1700000415112,415.11,2138,15.0,346.51,164.42,1499,1,Arah 2,23,73,4,0,1,101,0,1256,0
1700000415179,415.18,2282,0.0,294.54,116.37,1448,0,,5,71,2,0,3,81,0,1256,0
1700000415246,415.25,2330,1162.37,424.71,294.78,1519,0,,17,36,6,0,3,62,0,1256,0
1700000415312,415.31,2127,877.4,492.62,8.91,1912,0,,44,67,5,0,1,117,0,1256,0
1700000415379,415.38,2213,0.0,418.72,203.44,1596,0,,6,58,5,0,2,71,0,1257,0
1700000415446,415.45,2307,0.0,355.92,78.18,1600,0,,38,39,4,0,3,84,0,1259,1
1700000415512,415.51,2253,1124.88,471.26,344.35,1558,0,,5,37,3,0,1,46,0,1259,0
1700000415579,415.58,2157,1244.86,587.3,41.59,2046,0,,40,22,6,0,4,72,0,1259,0
1700000415646,415.65,2087,0.0,499.2,242.54,1707,0,,22,28,5,0,3,58,0,1259,0
1700000415712,415.71,2276,0.0,424.32,1.93,1797,0,,10,41,4,0,3,58,0,1260,0
1700000415779,415.78,2265,914.9,497.91,97.13,1840,0,,26,49,6,0,3,84,0,1261,0
1700000415846,415.85,2154,442.45,489.59,121.67,1803,0,,27,56,4,0,1,88,0,1262,0
1700000415912,415.91,2206,0.0,416.15,202.19,1593,0,,36,25,4,0,3,68,0,1262,0
1700000415979,415.98,2194,0.0,353.73,155.12,1522,0,,25,62,6,0,4,97,0,1262,0
1700000416046,416.05,2304,74.99,311.92,157.76,1441,0,,10,56,5,0,2,73,1,1262,0
1700000416112,416.11,2184,1297.36,459.73,139.12,1733,0,,21,41,2,0,3,67,0,1262,0
1700000416179,416.18,2131,97.49,405.4,171.36,1602,0,,34,40,3,0,3,80,0,1262,0
1700000416246,416.25,2171,0.0,344.59,167.42,1493,0,,7,17,5,0,1,30,0,1262,0
1700000416312,416.31,2190,0.0,292.9,142.31,1420,0,,6,72,2,0,2,82,0,1262,0
1700000416379,416.38,2278,0.0,248.96,50.65,1426,0,,10,32,5,0,2,49,0,1262,0
1700000416446,416.45,2306,314.97,258.86,179.6,1318,0,,38,67,4,0,3,112,0,1262,0
1700000416512,416.51,2236,997.39,369.64,172.74,1534,0,,9,13,6,0,1,29,0,1262,0
1700000416579,416.58,2173,404.96,374.94,75.82,1637,0,,4,20,2,0,3,29,0,1262,0
1700000416646,416.65,2182,0.0,318.7,154.84,1456,0,,13,65,5,0,1,84,1,1263,0
1700000416712,416.71,2283,0.0,270.89,72.62,1446,0,,37,64,6,0,3,110,0,1263,0
1700000416779,416.78,2221,914.9,367.49,302.79,1404,0,,10,71,5,0,2,88,0,1263,0
1700000416846,416.85,2161,1079.88,474.35,178.69,1722,0,,36,28,2,0,2,68,1,1264,0
1700000416912,416.91,2077,562.44,487.57,106.69,1813,0,,13,68,5,0,3,89,0,1264,0
1700000416979,416.98,2086,877.4,546.04,34.87,1981,0,,41,68,4,0,3,116,0,1264,0
1700000417046,417.05,1960,0.0,464.13,225.5,1659,0,,7,58,4,0,4,73,1,1264,0
1700000417113,417.11,2107,0.0,394.51,191.68,1562,0,,40,14,6,0,4,64,0,1265,0
1700000417179,417.18,2246,0.0,335.34,88.18,1552,0,,36,59,4,0,3,102,1,1266,0
1700000417246,417.25,2211,1124.88,453.77,91.69,1766,0,,33,21,4,0,1,59,1,1266,0
1700000417313,417.31,2096,74.99,396.95,173.17,1585,0,,14,13,5,0,2,34,0,1267,0
1700000417379,417.38,2201,0.0,337.41,163.93,1483,0,,27,14,3,0,2,46,0,1267,0
1700000417446,417.45,2151,0.0,286.8,139.34,1411,0,,10,63,6,0,2,81,0,1267,0
1700000417513,417.51,2239,0.0,243.78,28.88,1438,0,,36,16,3,0,2,57,0,1267,0
1700000417579,417.58,2193,659.93,306.2,426.32,1164,0,,6,23,5,0,4,38,0,1267,0
1700000417646,417.65,2151,1799.8,530.24,343.95,1668,0,,40,15,3,0,1,59,1,1267,0
1700000417713,417.71,1953,577.44,537.32,109.41,1899,0,,23,18,6,0,2,49,0,1267,0
1700000417779,417.78,2074,0.0,456.72,221.9,1649,0,,18,13,5,0,1,37,0,1267,0
1700000417846,417.85,2130,0.0,388.21,133.37,1607,0,,39,20,4,0,4,67,0,1267,0
1700000417913,417.91,2113,247.47,367.1,10.51,1685,0,,37,56,5,0,3,101,0,1267,0
1700000417979,417.98,2097,554.94,395.28,46.31,1703,0,,16,33,4,0,3,56,0,1268,0
1700000418046,418.05,2039,0.0,335.99,163.24,1481,0,,25,70,6,0,1,102,0,1269,0
1700000418113,418.11,2170,0.0,285.59,85.57,1461,0,,31,39,5,0,1,76,0,1269,0
1700000418179,418.18,2142,1004.89,393.48,161.46,1590,0,,13,38,2,0,2,55,0,1269,1
1700000418246,418.25,2036,397.46,394.08,87.08,1662,0,,27,17,3,0,2,49,0,1269,0
1700000418313,418.31,2089,0.0,334.97,162.75,1479,0,,39,18,3,0,2,62,0,1269,0
1700000418379,418.38,2069,0.0,284.72,138.33,1408,0,,20,18,4,0,2,44,1,1269,0
1700000418446,418.45,2180,0.0,242.01,25.51,1438,0,,42,25,4,0,2,73,0,1269,0
1700000418513,418.51,2070,412.45,267.58,21.68,1490,0,,37,46,2,0,3,88,0,1269,0
1700000418579,418.58,2125,0.0,227.44,55.23,1381,0,,17,59,6,0,1,83,0,1269,0
1700000418646,418.65,2118,742.42,304.69,107.21,1476,0,,37,38,6,0,2,83,0,1270,0
1700000418713,418.71,2026,269.97,299.48,74.6,1498,0,,32,26,2,0,4,64,0,1270,0
1700000418779,418.78,2082,0.0,254.56,123.68,1365,0,,27,19,2,0,3,51,0,1270,0
1700000418846,418.85,2171,0.0,216.38,63.95,1352,0,,17,56,3,0,3,79,0,1271,0
1700000418913,418.91,2112,757.42,297.53,263.62,1309,0,,25,18,3,0,3,49,0,1271,0
1700000418979,418.98,2070,937.4,393.51,105.22,1644,0,,6,50,2,0,2,60,0,1271,0
1700000419046,419.05,1987,224.98,368.23,119.82,1583,0,,38,68,4,0,1,111,0,1271,0
1700000419113,419.11,2040,0.0,313.0,152.07,1448,0,,43,52,5,0,3,103,0,1271,0
1700000419179,419.18,2096,0.0,266.05,34.8,1474,0,,37,24,3,0,3,67,0,1271,0
1700000419246,419.25,2151,734.92,336.38,180.24,1465,0,,6,17,4,0,2,29,0,1271,0
1700000419313,419.31,1998,674.93,387.16,10.85,1721,0,,36,40,5,0,4,85,0,1271,0
1700000419379,419.38,2061,0.0,329.09,69.46,1559,0,,10,54,6,0,3,73,0,1271,0
1700000419446,419.45,2051,1027.39,433.83,226.44,1602,0,,21,60,4,0,2,87,0,1271,0
1700000419513,419.51,1924,749.92,481.24,36.87,1866,0,,33,44,4,0,3,84,0,1271,0
1700000419579,419.58,1951,0.0,409.06,198.74,1583,0,,20,60,5,0,3,88,2,1271,1
1700000419646,419.65,2019,0.0,347.7,168.93,1497,0,,16,16,5,0,2,39,0,1271,0
1700000419713,419.71,2229,0.0,295.54,253.16,1316,0,,10,69,5,0,1,85,1,1271,0
1700000419779,419.78,2024,1777.3,517.81,215.18,1766,0,,13,19,4,0,4,40,0,1271,0
1700000419846,419.85,1992,0.0,440.14,51.46,1779,0,,19,40,5,0,1,65,0,1272,0
1700000419913,419.91,2044,727.42,483.23,83.49,1827,0,,16,39,3,0,1,59,0,1272,0
1700000419979,419.98,1895,569.94,496.23,91.42,1843,0,,32,57,6,0,2,97,0,1273,0
1700000420046,420.05,1968,0.0,421.8,204.93,1600,0,,26,15,2,0,2,45,0,1273,0
1700000420113,420.11,1977,0.0,358.53,103.88,1580,0,,3,16,5,0,1,25,0,1273,0
1700000420180,420.18,2003,314.97,352.0,23.86,1645,0,,38,44,3,0,2,87,0,1273,0
1700000420246,420.25,1935,502.44,374.56,50.03,1661,0,,11,46,2,0,4,63,0,1273,0
1700000420313,420.31,1936,0.0,318.38,136.27,1474,0,,9,23,3,0,4,39,0,1273,0
1700000420380,420.38,2028,82.49,282.99,115.83,1427,0,,29,12,6,0,1,48,1,1273,1
1700000420446,420.45,1925,0.0,240.55,116.87,1345,0,,26,38,6,0,2,72,0,1273,0
1700000420513,420.51,2036,0.0,204.46,99.34,1294,0,,14,30,6,0,3,53,0,1273,0
1700000420580,420.58,2012,0.0,173.79,176.71,1158,0,,40,66,5,0,4,115,0,1273,0
1700000420646,420.65,2055,1169.87,323.21,200.43,1420,0,,25,55,5,0,2,87,0,1273,0
1700000420713,420.71,1856,224.98,308.47,90.79,1499,0,,43,60,5,0,3,111,0,1273,0
1700000420780,420.78,2025,0.0,262.2,108.65,1395,0,,31,72,5,0,2,110,0,1273,0
1700000420846,420.85,1929,1057.38,381.48,92.35,1634,0,,41,62,4,0,4,111,0,1273,0
1700000420913,420.91,1884,0.0,324.26,157.54,1464,0,,27,59,6,0,4,96,0,1273,0
1700000420980,420.98,2103,0.0,275.62,170.77,1359,0,,17,40,5,0,4,66,0,1274,0
1700000421046,421.05,2019,1364.85,439.0,203.74,1633,0,,21,51,4,0,1,77,1,1274,0
1700000421113,421.11,1921,262.47,412.52,131.5,1654,0,,30,54,6,0,2,92,0,1274,0
1700000421180,421.18,1984,0.0,350.64,170.36,1501,0,,7,24,4,0,3,38,0,1274,0
1700000421246,421.25,1990,0.0,298.05,179.96,1393,0,,35,51,6,0,2,94,0,1274,0
1700000421313,421.31,2013,1454.84,471.57,186.44,1709,0,,25,31,4,0,4,64,1,1275,0
1700000421380,421.38,1796,149.98,423.33,166.29,1640,0,,11,30,5,0,3,49,0,1275,0
1700000421446,421.45,1993,0.0,359.83,36.1,1648,0,,13,30,4,0,3,50,0,1275,0
1700000421513,421.51,2007,944.9,447.59,39.06,1804,0,,40,27,4,0,1,72,0,1275,0
1700000421580,421.58,1867,37.5,386.08,129.18,1607,0,,6,54,3,0,2,65,0,1275,0
1700000421646,421.65,2002,217.48,360.79,263.51,1429,0,,4,48,6,0,1,59,0,1275,0
1700000421713,421.71,1838,1709.81,563.14,175.43,1884,1,Arah 1,11,49,5,168,3,236,0,1275,0
1700000421780,421.78,1774,0.0,478.67,232.56,1679,0,,5,20,5,0,1,31,0,1275,0
1700000421846,421.85,1896,0.0,406.87,20.23,1748,0,,17,61,6,0,1,85,1,1275,0
1700000421913,421.91,1894,794.91,465.07,17.2,1855,0,,26,29,3,0,3,61,0,1275,0
1700000421980,421.98,1790,0.0,395.31,111.71,1641,0,,27,54,5,0,1,87,0,1276,1
1700000422046,422.05,2000,359.96,390.01,69.84,1671,0,,10,74,6,0,3,93,0,1276,0
1700000422113,422.11,1742,112.49,348.38,139.72,1527,0,,14,55,2,0,3,74,0,1276,0
1700000422180,422.18,1985,0.0,296.12,137.18,1431,0,,2,22,4,0,2,30,0,1276,0
1700000422246,422.25,1900,30.0,256.21,39.59,1451,0,,37,65,3,0,2,107,0,1277,0
1700000422313,422.31,1981,344.96,269.52,297.81,1221,0,,44,12,2,0,4,62,0,1277,1
1700000422380,422.38,1854,1514.83,456.32,176.13,1691,0,,11,25,6,0,3,45,0,1277,0
1700000422446,422.45,1779,0.0,387.87,188.45,1553,0,,19,19,4,0,2,44,0,1277,0
1700000422513,422.51,1900,0.0,329.69,84.85,1545,1,Arah 2,23,62,3,0,3,91,0,1279,0
1700000422580,422.58,1802,337.46,330.85,72.12,1559,1,Arah 2,24,30,5,0,2,61,1,1279,0
1700000422646,422.65,1855,0.0,281.23,136.64,1403,1,Arah 2,26,73,4,0,4,107,0,1279,0
1700000422713,422.71,1913,0.0,239.04,116.14,1343,1,Arah 2,39,74,2,0,2,117,0,1280,0
1700000422780,422.78,1965,0.0,203.19,16.79,1373,1,Arah 2,35,26,2,0,3,66,0,1280,0
1700000422846,422.85,1923,517.44,250.32,267.05,1215,1,Arah 2,11,17,6,0,2,36,0,1280,0
1700000422913,422.91,1896,1132.37,382.63,332.46,1403,1,Arah 2,20,67,5,0,4,96,0,1280,0
1700000422980,422.98,1772,989.89,473.72,29.81,1859,1,Arah 2,13,23,6,161,4,207,0,1281,0
1700000423047,423.05,1764,0.0,402.66,195.64,1574,1,Arah 2,14,52,2,0,4,72,0,1281,0
1700000423113,423.11,1921,0.0,342.26,49.66,1602,1,Arah 2,32,59,4,0,1,96,0,1281,0
1700000423180,423.18,1867,967.39,436.03,109.17,1718,1,Arah 2,10,25,4,0,1,40,2,1281,0
1700000423247,423.25,1792,299.97,415.62,22.49,1762,1,Arah 2,13,18,5,0,2,38,0,1281,0
1700000423313,423.31,1827,652.43,451.14,41.15,1809,1,Arah 2,38,71,6,0,1,116,0,1281,0
1700000423380,423.38,1705,30.0,387.97,180.62,1561,1,Arah 2,3,12,2,0,3,20,0,1281,0
1700000423447,423.45,1823,0.0,329.78,160.22,1472,1,Arah 2,29,27,4,0,4,64,0,1281,0
1700000423513,423.51,1838,0.0,280.31,136.19,1402,1,Arah 2,14,24,4,0,1,43,1,1281,0
1700000423580,423.58,1886,0.0,238.26,85.12,1372,1,Arah 2,15,21,3,0,3,42,1,1281,0
1700000423647,423.65,1929,899.9,337.51,258.18,1390,1,Arah 2,24,72,2,0,4,102,0,1282,0
1700000423713,423.71,1766,832.41,411.74,18.56,1759,1,Arah 2,4,51,2,0,3,60,0,1283,0
1700000423780,423.78,1818,0.0,349.98,9.08,1655,1,Arah 2,29,52,5,0,1,87,0,1283,1
1700000423847,423.85,1847,802.41,417.85,161.73,1634,1,Arah 2,38,54,3,0,4,99,0,1283,0
1700000423913,423.91,1711,689.92,458.66,21.56,1840,1,Arah 2,18,24,3,176,2,223,1,1284,0
1700000423980,423.98,1755,89.99,403.36,172.34,1598,1,Arah 2,11,74,2,0,1,88,0,1284,0
1700000424047,424.05,1699,0.0,342.85,166.58,1490,1,Arah 2,24,69,3,0,1,97,1,1284,0
1700000424113,424.11,1819,0.0,291.43,141.59,1418,1,Arah 2,33,12,2,0,3,50,1,1284,0
1700000424180,424.18,1800,0.0,247.71,67.14,1408,1,Arah 2,5,28,6,0,3,42,0,1284,0
1700000424247,424.25,1912,839.91,336.54,319.9,1328,1,Arah 2,40,59,4,0,2,105,1,1285,0
1700000424313,424.31,1688,1177.37,462.67,84.42,1789,1,Arah 2,36,42,4,104,1,187,1,1286,0
1700000424380,424.38,1755,0.0,393.27,191.07,1561,1,Arah 2,44,19,6,0,3,72,0,1286,0
1700000424447,424.45,1728,0.0,334.28,162.41,1478,1,Arah 2,9,27,3,0,4,43,0,1286,1
1700000424513,424.51,1783,0.0,284.13,56.14,1487,1,Arah 2,9,70,4,0,4,87,0,1286,0
1700000424580,424.58,1783,869.9,372.0,72.83,1635,1,Arah 2,17,32,5,0,3,57,0,1286,0
1700000424647,424.65,1667,112.49,333.07,132.28,1505,1,Arah 2,32,41,6,0,1,80,1,1286,0
1700000424713,424.71,1768,0.0,283.11,119.14,1424,1,Arah 2,14,28,4,0,3,49,0,1286,0
1700000424780,424.78,1706,82.49,253.02,101.27,1384,1,Arah 2,33,25,5,0,3,66,0,1286,0
1700000424847,424.85,1757,0.0,215.07,39.48,1373,1,Arah 2,33,18,2,0,2,55,0,1286,0
1700000424913,424.91,1760,644.93,279.55,309.77,1229,1,Arah 2,3,66,2,0,2,73,0,1286,0
1700000424980,424.98,1671,1237.36,423.22,119.34,1685,1,Arah 1,9,68,3,154,1,235,0,1286,1
1700000425047,425.05,1595,0.0,359.74,174.78,1514,0,,35,48,3,0,3,89,0,1286,0
1700000425113,425.11,1817,0.0,305.77,105.04,1480,0,,2,36,2,0,3,43,1,1286,0
1700000425180,425.18,1833,194.98,289.16,96.54,1457,0,,38,26,6,0,2,72,0,1287,0
1700000425247,425.25,1791,832.41,370.64,92.1,1614,0,,11,45,5,0,3,64,0,1288,0
1700000425313,425.31,1722,239.97,351.04,107.53,1563,0,,8,31,2,0,1,42,0,1288,0
1700000425380,425.38,1759,0.0,298.39,34.49,1535,0,,17,55,5,0,2,79,0,1288,0
1700000425447,425.45,1741,494.95,327.87,29.31,1595,0,,40,39,4,0,2,85,0,1288,0
1700000425513,425.51,1693,0.0,278.69,57.11,1476,0,,33,32,4,0,4,73,0,1288,0
1700000425580,425.58,1881,862.4,366.25,386.7,1318,0,,42,15,4,0,1,62,0,1289,0
1700000425647,425.65,1578,1514.83,538.53,136.18,1876,1,Arah 1,15,72,5,218,3,313,0,1289,0
1700000425713,425.71,1679,0.0,457.75,130.33,1737,1,Arah 1,8,72,2,207,1,290,0,1289,0
1700000425780,425.78,1719,412.45,450.96,110.78,1743,1,Arah 1,44,24,5,131,4,208,0,1289,0
1700000425847,425.85,1624,0.0,383.32,83.29,1646,1,Arah 1,9,60,3,175,2,249,0,1289,0
1700000425913,425.91,1788,1207.37,506.92,196.35,1764,0,,43,23,2,0,2,70,0,1290,0
1700000425980,425.98,1463,562.44,515.25,102.63,1866,1,Arah 1,29,28,3,183,1,244,1,1290,0
1700000426047,426.05,1713,0.0,437.96,212.79,1623,0,,13,13,2,0,1,29,1,1290,0
1700000426114,426.11,1697,0.0,372.27,180.87,1531,0,,10,43,5,0,1,59,0,1290,0
1700000426180,426.18,1753,0.0,316.43,117.46,1488,0,,7,48,2,0,2,59,0,1290,0
1700000426247,426.25,1740,1214.87,451.19,243.81,1618,0,,30,72,4,0,2,108,0,1291,0
1700000426314,426.31,1591,644.93,480.25,63.96,1839,1,Arah 1,33,57,6,183,3,282,0,1291,0
1700000426380,426.38,1654,0.0,408.22,198.33,1582,0,,41,21,5,0,4,71,0,1291,0
1700000426447,426.45,1591,0.0,346.98,168.58,1496,0,,24,51,4,0,3,82,0,1291,0
1700000426514,426.51,1738,0.0,294.94,89.4,1475,0,,18,34,4,0,4,60,0,1291,0
1700000426580,426.58,1645,1042.38,407.05,75.99,1696,1,Arah 1,21,16,4,144,1,186,0,1291,0
1700000426647,426.65,1599,0.0,346.0,168.1,1495,0,,26,20,5,0,1,52,0,1291,0
1700000426714,426.71,1672,0.0,294.1,70.9,1492,0,,30,31,2,0,4,67,0,1291,0
1700000426780,426.78,1617,322.46,298.35,60.27,1510,0,,18,25,5,0,2,50,0,1291,0
1700000426847,426.85,1629,0.0,253.6,56.25,1430,0,,43,17,3,0,4,67,0,1291,0
1700000426914,426.91,1773,299.97,260.55,74.39,1425,0,,40,21,4,0,1,66,0,1292,0
1700000426980,426.98,1589,547.44,303.59,3.73,1574,0,,5,50,2,0,1,58,1,1292,0
1700000427047,427.05,1700,0.0,258.05,85.2,1410,0,,4,45,4,0,1,54,0,1292,0
1700000427114,427.11,1890,179.98,246.34,419.75,1055,0,,15,26,6,0,1,48,0,1292,0
1700000427180,427.18,1676,2204.75,540.1,316.61,1711,1,Arah 1,36,61,2,222,3,324,0,1292,0
1700000427247,427.25,1596,0.0,459.09,223.05,1652,1,Arah 1,12,62,5,141,3,223,0,1292,0
1700000427314,427.31,1763,0.0,390.22,17.99,1720,0,,42,30,6,0,2,80,0,1292,0
1700000427380,427.38,1621,929.9,471.17,122.43,1769,1,Arah 1,4,26,6,142,4,182,0,1292,0
1700000427447,427.45,1639,479.95,472.49,56.64,1832,1,Arah 1,39,65,6,164,4,278,0,1293,0
1700000427514,427.51,1557,209.98,433.11,155.29,1669,1,Arah 1,43,64,5,142,3,257,0,1293,0
1700000427580,427.58,1611,0.0,368.15,66.7,1634,1,Arah 1,14,29,3,183,4,233,0,1293,0
1700000427647,427.65,1606,502.44,388.29,56.7,1680,1,Arah 1,25,12,4,229,1,271,0,1293,0
1700000427714,427.71,1544,0.0,330.05,160.36,1472,0,,4,64,3,0,1,72,0,1293,0
1700000427780,427.78,1609,0.0,280.54,136.3,1402,0,,17,69,4,0,2,92,0,1293,0
1700000427847,427.85,1597,0.0,238.46,115.86,1342,0,,34,42,2,0,1,79,0,1293,0
1700000427914,427.91,1612,0.0,202.69,17.03,1372,0,,27,25,2,0,1,55,0,1294,0
1700000427980,427.98,1617,517.44,249.9,285.67,1196,0,,11,16,5,0,2,34,0,1294,0
1700000428047,428.05,1543,1214.87,394.65,152.42,1601,1,Arah 1,2,44,6,157,4,213,0,1295,0
1700000428114,428.11,1455,112.49,352.32,141.64,1532,1,Arah 1,24,35,3,185,1,248,1,1295,0
1700000428180,428.18,1528,0.0,299.47,145.5,1429,0,,2,73,2,0,4,81,0,1295,0
1700000428247,428.25,1652,0.0,254.55,120.33,1369,0,,28,70,4,0,4,106,0,1295,0
1700000428314,428.31,1537,15.0,218.62,102.28,1318,0,,5,72,2,0,4,83,0,1295,1
1700000428380,428.38,1650,0.0,185.83,82.14,1275,0,,28,28,2,0,3,61,0,1295,0
1700000428447,428.45,1542,772.41,273.82,69.82,1455,0,,36,37,4,0,3,80,0,1296,0
1700000428514,428.51,1547,0.0,232.74,74.58,1372,0,,13,68,3,0,3,87,0,1296,0
1700000428580,428.58,1670,172.48,223.7,376.88,1054,0,,16,69,4,0,4,93,1,1296,0
1700000428647,428.65,1524,1972.28,485.99,281.85,1645,1,Arah 1,6,18,3,145,2,174,0,1296,0
1700000428714,428.71,1407,0.0,413.09,200.7,1588,1,Arah 1,22,17,3,181,4,227,0,1296,0
1700000428780,428.78,1572,0.0,351.13,95.27,1575,1,Arah 1,32,37,3,207,2,281,0,1297,0
1700000428847,428.85,1586,337.46,349.08,59.21,1606,1,Arah 1,6,32,2,172,3,215,0,1297,0
1700000428914,428.91,1527,97.49,311.34,16.85,1576,1,Arah 1,22,29,4,109,3,167,1,1298,0
1700000428980,428.98,1573,487.45,337.76,57.66,1586,1,Arah 1,4,46,4,110,1,165,0,1298,0
1700000429047,429.05,1462,419.95,350.09,59.8,1607,1,Arah 1,32,62,6,204,2,306,0,1298,0
1700000429114,429.11,1517,0.0,297.57,144.58,1426,0,,12,15,6,0,4,37,0,1298,0
1700000429181,429.18,1582,0.0,252.94,17.43,1466,0,,43,68,4,0,3,118,0,1298,0
1700000429247,429.25,1605,472.45,285.86,14.81,1531,0,,36,28,3,0,1,68,0,1299,0
1700000429314,429.31,1519,0.0,242.98,102.99,1364,0,,9,41,2,0,1,53,2,1299,0
1700000429381,429.38,1713,67.49,216.66,264.01,1154,0,,26,15,5,0,2,48,0,1300,0
1700000429447,429.45,1510,1574.82,420.38,319.83,1487,0,,23,70,2,0,4,99,0,1300,0
1700000429514,429.51,1503,494.95,431.57,79.7,1737,1,Arah 1,43,40,6,93,2,184,1,1300,0
1700000429581,429.58,1444,0.0,366.83,178.23,1524,1,Arah 1,39,71,2,116,3,231,0,1300,0
1700000429647,429.65,1519,0.0,311.81,69.47,1526,1,Arah 1,16,20,2,122,3,163,0,1300,0
1700000429714,429.71,1511,367.46,320.16,2.89,1606,1,Arah 1,31,18,2,137,3,191,0,1300,0
1700000429781,429.78,1470,277.47,313.75,54.36,1545,1,Arah 1,11,19,4,103,3,140,0,1300,0
1700000429847,429.85,1474,599.93,356.68,15.74,1661,1,Arah 1,26,27,6,169,3,231,0,1300,0
1700000429914,429.91,1390,0.0,303.18,1530.1,1000,0,,20,31,4,0,4,59,0,1300,0
1700000429981,429.98,1497,7514.17,1384.83,2998.07,1000,0,,15,15,3,0,1,34,0,1301,0
1700000430047,430.05,388,7604.16,2317.73,870.96,3501,1,Arah 1,42,29,5,187,3,266,0,1301,0
1700000430114,430.11,483,0.0,1970.07,957.17,3217,1,Arah 1,38,17,3,156,1,215,0,1301,0
1700000430181,430.18,597,0.0,1674.56,691.39,3068,1,Arah 1,9,36,6,195,1,247,0,1301,0
1700000430247,430.25,507,547.44,1505.49,587.68,2945,1,Arah 1,41,45,2,93,4,185,0,1301,0
1700000430314,430.31,524,0.0,1279.67,621.73,2645,1,Arah 1,34,51,5,197,3,290,0,1302,0
1700000430381,430.38,667,0.0,1087.72,190.32,2687,1,Arah 1,31,50,2,180,3,266,2,1303,0
1700000430447,430.45,555,1514.83,1151.78,26.17,2873,1,Arah 1,38,43,5,165,1,252,0,1303,0
1700000430514,430.51,465,607.43,1070.13,306.83,2581,1,Arah 1,22,43,4,113,1,183,0,1303,0
1700000430581,430.58,474,239.97,945.61,396.41,2329,1,Arah 1,22,55,4,194,2,277,0,1303,0
1700000430647,430.65,433,0.0,803.77,390.52,2106,1,Arah 1,33,17,5,158,2,215,1,1303,0
1700000430714,430.71,519,0.0,683.2,246.56,2028,1,Arah 1,7,57,4,216,4,288,0,1303,0
1700000430781,430.78,444,382.46,638.09,58.91,2116,1,Arah 1,20,71,6,112,1,210,0,1303,0
1700000430847,430.85,468,674.93,643.61,135.45,2059,1,Arah 1,38,45,2,180,4,269,0,1303,0
1700000430914,430.91,354,0.0,547.07,265.8,1772,1,Arah 1,21,68,2,97,4,192,0,1303,0
1700000430981,430.98,541,0.0,465.01,86.98,1791,1,Arah 1,4,46,3,119,2,174,0,1303,0
1700000431047,431.05,583,622.43,488.62,60.54,1857,1,Arah 1,19,68,6,175,2,270,0,1303,1
1700000431114,431.11,458,59.99,424.33,190.41,1619,1,Arah 1,9,41,4,153,1,208,0,1303,0
1700000431181,431.18,575,0.0,360.68,27.32,1657,1,Arah 1,13,35,6,185,4,243,0,1303,0
1700000431247,431.25,627,907.4,442.69,157.15,1684,1,Arah 1,30,72,5,117,3,227,0,1303,0
1700000431314,431.31,454,599.93,466.27,68.99,1810,1,Arah 1,20,64,5,153,3,245,0,1305,0
1700000431381,431.38,547,0.0,396.33,192.56,1565,1,Arah 1,6,73,5,120,3,207,0,1305,0
1700000431447,431.45,520,0.0,336.88,163.68,1482,1,Arah 1,31,45,2,163,3,244,0,1306,0
1700000431514,431.51,562,0.0,286.35,117.36,1432,1,Arah 1,14,67,4,223,3,311,0,1306,0
1700000431581,431.58,538,97.49,258.02,99.76,1395,1,Arah 1,35,53,2,129,1,220,0,1306,0
1700000431647,431.65,549,0.0,219.32,19.0,1401,1,Arah 1,30,64,3,138,3,238,0,1306,0
1700000431714,431.71,574,562.44,270.79,59.67,1459,1,Arah 1,6,54,5,176,2,243,0,1306,0
1700000431781,431.78,474,194.98,259.42,74.83,1423,1,Arah 1,21,74,5,136,3,239,0,1306,0
1700000431847,431.85,548,0.0,220.5,107.13,1317,1,Arah 1,12,26,2,123,3,166,1,1307,0
1700000431914,431.91,680,0.0,187.43,183.48,1178,1,Arah 1,23,70,5,123,1,222,3,1307,1
1700000431981,431.98,557,1229.86,343.79,522.58,1140,1,Arah 1,37,73,4,111,1,226,0,1307,0
1700000432048,432.05,516,1642.32,538.57,169.65,1846,1,Arah 1,7,39,2,96,4,148,0,1307,0
1700000432114,432.11,338,0.0,457.79,222.42,1650,1,Arah 1,40,20,5,130,4,199,0,1307,0
1700000432181,432.18,569,0.0,389.12,184.03,1560,1,Arah 1,40,55,4,91,3,193,0,1307,0
1700000432248,432.25,690,22.5,334.12,156.43,1484,1,Arah 1,40,46,2,129,3,220,1,1307,0
1700000432314,432.31,566,0.0,284.01,76.05,1468,1,Arah 2,32,40,6,160,1,239,0,1307,0
1700000432381,432.38,739,277.47,283.03,119.51,1423,1,Arah 2,18,42,4,122,1,187,0,1307,0
1700000432448,432.45,529,824.91,364.31,39.64,1652,1,Arah 2,7,72,5,151,1,236,1,1307,0
1700000432514,432.51,629,0.0,309.66,3.13,1586,1,Arah 2,36,45,4,162,4,251,0,1307,0
1700000432581,432.58,638,659.93,362.2,4.03,1682,1,Arah 2,34,73,4,156,3,270,0,1307,0
1700000432648,432.65,541,30.0,312.37,143.89,1455,1,Arah 2,33,47,2,225,2,309,0,1307,0
1700000432714,432.71,634,0.0,265.52,103.89,1406,1,Arah 2,16,32,6,153,2,209,0,1308,0
1700000432781,432.78,637,112.49,242.56,68.22,1397,1,Arah 2,16,65,4,111,2,198,0,1308,0
1700000432848,432.85,619,89.99,219.68,83.1,1339,1,Arah 2,13,26,5,202,1,247,0,1308,0
1700000432914,432.91,625,0.0,186.72,90.72,1268,1,Arah 2,33,24,5,176,3,241,0,1308,0
1700000432981,432.98,672,0.0,158.72,0.11,1305,1,Arah 2,15,59,3,97,4,178,0,1309,0
1700000433048,433.05,703,344.96,186.65,336.39,1023,1,Arah 2,4,50,2,200,4,260,0,1309,0
1700000433114,433.11,626,1507.33,384.75,352.9,1387,1,Arah 2,2,64,3,171,3,243,0,1309,0
1700000433181,433.18,502,644.93,423.78,36.52,1764,1,Arah 2,26,52,5,158,4,245,1,1309,1
1700000433248,433.25,540,0.0,360.21,175.01,1515,1,Arah 2,37,25,6,112,2,182,1,1309,0
1700000433314,433.31,611,0.0,306.18,148.76,1438,1,Arah 2,33,56,4,152,2,247,0,1311,0
1700000433381,433.38,561,0.0,260.25,56.14,1442,1,Arah 2,14,73,6,123,4,220,0,1311,0
1700000433448,433.45,720,314.97,268.46,77.84,1437,1,Arah 2,10,44,5,180,4,243,0,1311,0
1700000433514,433.51,519,562.44,312.56,4.15,1591,1,Arah 2,19,12,2,159,4,196,0,1311,0
1700000433581,433.58,645,0.0,265.67,129.08,1381,1,Arah 2,30,47,3,178,3,261,0,1311,0
1700000433648,433.65,722,0.0,225.82,27.69,1405,1,Arah 2,28,62,4,119,3,216,0,1311,0
1700000433714,433.71,649,367.46,247.07,195.76,1280,1,Arah 2,3,50,2,220,2,277,1,1311,0
1700000433781,433.78,673,982.39,357.37,173.1,1511,1,Arah 2,5,64,6,208,3,286,0,1311,0
1700000433848,433.85,518,397.46,363.38,72.17,1620,1,Arah 2,35,58,4,190,3,290,0,1311,0
1700000433914,433.91,620,0.0,308.87,150.07,1442,1,Arah 2,44,25,2,197,3,271,0,1311,0
1700000433981,433.98,673,0.0,262.54,77.34,1426,1,Arah 2,6,70,3,104,4,187,0,1311,0
1700000434048,434.05,661,224.98,256.91,71.54,1421,1,Arah 2,44,42,2,152,3,243,0,1312,0
1700000434114,434.11,643,614.93,310.61,54.11,1539,1,Arah 2,6,66,4,216,1,293,0,1312,0
1700000434181,434.18,579,194.98,293.27,91.28,1470,1,Arah 2,5,70,3,164,4,246,0,1312,0
1700000434248,434.25,617,0.0,249.28,121.11,1358,1,Arah 2,28,21,4,138,4,195,0,1312,0
1700000434314,434.31,756,0.0,211.88,178.29,1230,1,Arah 2,34,38,4,133,3,212,1,1312,0
1700000434381,434.38,634,1259.86,369.08,151.55,1554,1,Arah 2,26,53,2,143,3,227,0,1312,0
1700000434448,434.45,588,0.0,313.72,53.65,1545,1,Arah 2,29,23,4,208,4,268,0,1313,0
1700000434514,434.51,778,442.45,333.03,289.2,1351,1,Arah 2,28,65,5,108,1,207,0,1313,0
1700000434581,434.58,529,1499.83,508.05,147.05,1812,1,Arah 2,32,54,5,196,2,289,0,1314,0
1700000434648,434.65,578,0.0,431.84,209.81,1614,1,Arah 2,19,45,4,164,2,234,0,1316,0
1700000434714,434.71,751,0.0,367.07,9.15,1686,1,Arah 2,28,71,5,117,1,222,2,1316,0
1700000434781,434.78,617,839.91,437.99,138.36,1694,1,Arah 2,19,56,4,129,1,209,0,1316,0
1700000434848,434.85,639,584.94,460.03,69.89,1798,1,Arah 1,39,68,3,144,3,257,0,1316,0
1700000434914,434.91,539,0.0,391.03,189.98,1558,1,Arah 1,22,68,4,111,4,209,0,1316,0
1700000434981,434.98,682,0.0,332.37,7.59,1624,1,Arah 1,41,62,5,119,3,230,2,1316,0
1700000435048,435.05,624,757.42,396.13,81.79,1671,1,Arah 1,44,37,4,154,2,241,1,1317,0
1700000435115,435.12,581,337.46,387.33,99.56,1638,1,Arah 1,22,52,5,204,2,285,0,1317,0
1700000435181,435.18,579,0.0,329.23,0.92,1625,1,Arah 1,17,63,3,158,4,245,1,1317,0
1700000435248,435.25,644,712.42,386.71,0.79,1730,1,Arah 1,42,22,5,147,1,217,0,1318,1
1700000435315,435.32,484,0.0,328.7,159.7,1470,1,Arah 1,9,58,6,188,3,264,0,1318,0
1700000435381,435.38,660,0.0,279.4,117.33,1419,1,Arah 1,24,23,4,133,2,186,0,1318,0
1700000435448,435.45,719,82.49,249.86,99.73,1380,1,Arah 1,36,41,2,100,4,183,0,1318,1
1700000435515,435.52,649,0.0,212.38,103.19,1305,1,Arah 1,33,63,5,132,4,237,0,1318,0
1700000435581,435.58,786,0.0,180.52,173.44,1174,1,Arah 1,34,29,3,168,4,238,0,1319,0
1700000435648,435.65,689,1169.87,328.93,298.09,1335,1,Arah 1,31,64,3,111,3,212,0,1319,0
1700000435715,435.72,630,674.93,380.83,96.02,1629,1,Arah 1,7,15,6,184,2,214,0,1319,1
1700000435781,435.78,599,464.95,393.44,69.05,1678,1,Arah 1,10,44,6,170,4,234,0,1319,0
1700000435848,435.85,568,0.0,334.43,162.48,1478,1,Arah 1,3,59,6,222,1,291,0,1319,0
1700000435915,435.92,675,0.0,284.26,5.86,1536,1,Arah 1,3,56,6,190,3,258,1,1319,0
1700000435981,435.98,642,644.93,338.36,157.32,1491,1,Arah 1,39,62,6,147,4,258,0,1319,0
1700000436048,436.05,589,682.42,389.97,8.17,1729,1,Arah 1,32,33,4,117,4,190,0,1319,0
1700000436115,436.12,551,82.49,343.85,145.4,1513,1,Arah 1,44,66,6,189,4,309,0,1320,0
1700000436181,436.18,578,0.0,292.27,142.0,1419,1,Arah 1,22,34,2,196,2,256,0,1320,0
1700000436248,436.25,677,0.0,248.43,75.16,1401,1,Arah 1,33,31,6,201,2,273,1,1321,0
1700000436315,436.32,745,877.4,342.78,63.89,1589,1,Arah 1,29,72,2,125,4,232,0,1321,0
1700000436381,436.38,560,0.0,291.36,141.56,1418,1,Arah 1,23,24,2,117,4,170,0,1321,0
1700000436448,436.45,793,0.0,247.66,175.98,1300,1,Arah 1,9,55,5,122,4,195,0,1321,0
1700000436515,436.52,755,1327.35,409.61,275.14,1510,1,Arah 1,42,41,2,94,3,182,0,1321,0
1700000436581,436.58,616,562.44,432.54,62.44,1755,1,Arah 1,7,20,2,219,2,250,0,1321,0
1700000436648,436.65,680,0.0,367.65,128.41,1574,1,Arah 1,16,27,3,151,3,200,0,1321,0
1700000436715,436.72,634,224.98,346.25,109.15,1552,1,Arah 1,42,35,4,187,2,270,0,1321,0
1700000436781,436.78,650,0.0,294.31,136.3,1428,1,Arah 1,14,60,4,172,3,253,1,1321,0
1700000436848,436.85,735,30.0,254.67,62.28,1426,1,Arah 1,34,59,5,149,2,249,0,1321,0
1700000436915,436.92,646,239.97,252.46,51.27,1432,1,Arah 1,41,16,5,204,1,267,0,1322,0
1700000436981,436.98,703,37.5,220.22,97.15,1326,1,Arah 1,11,63,2,108,1,185,0,1322,0
1700000437048,437.05,641,0.0,187.19,90.95,1269,1,Arah 1,13,45,6,104,4,172,1,1322,0
1700000437115,437.12,749,0.0,159.11,77.3,1229,1,Arah 1,9,46,5,206,1,267,0,1322,0
1700000437181,437.18,705,0.0,135.24,42.27,1218,1,Arah 1,25,34,2,101,3,165,0,1322,0
1700000437248,437.25,840,104.99,130.7,277.12,1000,1,Arah 1,12,47,4,187,3,253,0,1322,0
1700000437315,437.32,691,1402.34,321.45,469.92,1150,1,Arah 1,5,65,6,190,4,270,0,1322,0
1700000437381,437.38,653,1154.87,446.46,93.08,1752,1,Arah 1,43,50,5,131,2,231,0,1323,0
1700000437448,437.45,537,30.0,383.99,178.69,1555,1,Arah 1,14,17,5,197,3,236,0,1323,0
1700000437515,437.52,649,0.0,326.39,158.58,1467,1,Arah 1,26,30,4,159,3,222,0,1323,0
1700000437581,437.58,683,0.0,277.43,72.85,1458,1,Arah 1,28,62,4,193,4,291,1,1323,0
1700000437648,437.65,699,277.47,277.44,61.93,1469,1,Arah 1,43,73,5,149,1,271,0,1325,1
1700000437715,437.72,646,0.0,235.82,114.58,1339,1,Arah 1,18,73,6,114,2,213,0,1325,0
1700000437781,437.78,872,0.0,200.45,133.63,1252,1,Arah 1,26,25,2,108,2,163,0,1325,0
1700000437848,437.85,841,1034.89,325.62,329.54,1297,1,Arah 1,26,14,4,90,2,136,0,1325,0
1700000437915,437.92,734,967.39,421.88,147.86,1655,1,Arah 1,41,48,4,202,2,297,1,1325,0
1700000437981,437.98,712,442.45,424.97,90.27,1715,1,Arah 1,42,25,3,147,2,219,0,1325,0
1700000438048,438.05,675,0.0,361.22,175.5,1516,1,Arah 1,41,47,5,201,1,295,0,1325,0
1700000438115,438.12,717,0.0,307.04,115.7,1472,1,Arah 1,40,13,6,197,1,257,0,1325,0
1700000438182,438.18,716,149.98,283.48,98.34,1445,1,Arah 1,19,21,6,167,3,216,0,1325,0
1700000438248,438.25,697,0.0,240.96,117.07,1346,1,Arah 1,4,32,6,211,2,255,0,1325,0
1700000438315,438.32,833,0.0,204.81,99.51,1294,1,Arah 1,44,19,2,182,1,248,0,1325,1
1700000438382,438.38,763,0.0,174.09,134.72,1200,1,Arah 1,10,27,4,133,1,175,0,1325,0
1700000438448,438.45,878,982.39,295.34,305.35,1263,1,Arah 1,25,63,6,180,1,275,0,1325,0
1700000438515,438.52,632,854.91,379.27,40.25,1679,1,Arah 1,9,57,6,112,3,187,0,1325,0
1700000438582,438.58,764,0.0,322.38,12.45,1601,1,Arah 1,11,38,4,210,4,267,0,1325,0
1700000438648,438.65,786,757.42,387.64,10.58,1723,1,Arah 1,20,68,4,104,4,200,0,1325,0
1700000438715,438.72,663,0.0,329.49,160.09,1471,1,Arah 1,17,15,5,90,1,128,0,1325,0
1700000438782,438.78,821,0.0,280.07,88.25,1448,1,Arah 1,37,71,2,229,4,343,1,1325,0
1700000438848,438.85,968,1004.89,388.79,277.57,1468,1,Arah 1,23,36,3,130,2,194,0,1325,0
1700000438915,438.92,687,907.4,466.58,11.61,1863,1,Arah 1,38,53,5,172,2,270,0,1325,0
1700000438982,438.98,847,0.0,396.59,88.9,1665,1,Arah 1,16,50,6,215,1,288,1,1325,0
1700000439048,439.05,761,464.95,406.85,75.56,1696,1,Arah 1,16,62,3,204,4,289,1,1326,0
1700000439115,439.12,785,0.0,345.82,168.02,1494,1,Arah 1,39,64,5,208,1,317,0,1327,0
1700000439182,439.18,826,0.0,293.95,142.82,1421,1,Arah 1,4,31,4,182,2,223,0,1327,0
1700000439248,439.25,824,0.0,249.86,64.48,1415,1,Arah 1,23,28,2,188,2,243,2,1327,0
1700000439315,439.32,837,254.97,250.62,38.06,1442,1,Arah 1,24,22,2,104,3,155,0,1329,0
1700000439382,439.38,790,74.99,224.28,46.33,1384,1,Arah 1,26,37,5,223,1,292,0,1329,0
1700000439448,439.45,827,607.43,281.75,354.1,1189,1,Arah 1,26,27,6,202,3,264,0,1329,0
1700000439515,439.52,709,1484.83,462.21,165.39,1712,1,Arah 1,29,34,6,173,4,246,0,1329,0
1700000439582,439.58,629,0.0,392.88,190.88,1560,1,Arah 1,31,12,6,105,3,157,0,1329,0
1700000439648,439.65,863,0.0,333.95,43.39,1593,1,Arah 1,34,39,2,101,3,179,0,1329,0
1700000439715,439.72,742,532.44,363.72,36.88,1654,1,Arah 1,24,56,3,174,1,258,0,1329,0
1700000439782,439.78,792,0.0,309.16,130.12,1462,1,Arah 1,15,64,2,123,1,205,0,1330,0
1700000439848,439.85,749,89.99,276.29,110.6,1419,1,Arah 1,7,17,6,126,1,157,1,1330,0
1700000439915,439.92,780,0.0,234.85,114.1,1337,1,Arah 1,22,64,3,116,3,208,0,1330,0
1700000439982,439.98,827,0.0,199.62,0.11,1383,1,Arah 1,40,23,2,169,1,235,0,1331,0
1700000440048,440.05,781,434.95,234.92,0.09,1449,1,Arah 1,10,71,4,106,1,192,0,1331,0
1700000440115,440.12,769,0.0,199.68,97.02,1287,1,Arah 1,7,31,3,135,3,179,1,1331,0
1700000440182,440.18,833,0.0,169.73,91.64,1235,1,Arah 1,40,31,2,150,2,225,0,1331,0
1700000440248,440.25,781,779.91,261.26,77.89,1423,1,Arah 1,23,15,6,132,4,180,0,1331,0
1700000440315,440.32,729,0.0,222.07,107.89,1319,1,Arah 1,16,69,6,93,4,188,1,1332,0
1700000440382,440.38,980,0.0,188.76,202.92,1161,1,Arah 1,13,56,4,188,3,264,0,1333,0
1700000440448,440.45,804,1319.85,358.42,172.49,1514,1,Arah 1,5,65,5,196,4,275,0,1333,0
1700000440515,440.52,804,0.0,304.66,111.19,1472,1,Arah 1,20,43,5,155,2,225,1,1334,0
1700000440582,440.58,817,164.98,283.71,94.51,1449,1,Arah 1,43,54,5,191,3,296,1,1334,0
1700000440648,440.65,782,0.0,241.15,115.49,1348,1,Arah 1,36,35,6,165,3,245,0,1334,0
1700000440715,440.72,866,7.5,206.1,46.27,1349,1,Arah 1,42,30,4,224,4,304,0,1335,0
1700000440782,440.78,781,232.47,210.06,94.59,1309,1,Arah 1,3,71,2,147,3,226,0,1335,0
1700000440848,440.85,835,607.43,269.66,205.96,1313,1,Arah 1,24,43,4,162,2,235,0,1335,0
1700000440915,440.92,700,794.91,348.45,39.47,1623,1,Arah 1,19,42,5,123,1,190,0,1335,0
1700000440982,440.98,729,0.0,296.18,143.9,1424,1,Arah 1,3,53,2,225,3,286,0,1337,0
1700000441049,441.05,853,0.0,251.76,122.32,1361,1,Arah 1,17,58,2,124,1,202,1,1337,0
1700000441115,441.12,950,0.0,213.99,105.29,1306,1,Arah 1,42,36,4,176,3,261,0,1337,0
1700000441182,441.18,865,937.4,322.5,144.74,1473,1,Arah 1,9,72,2,218,1,302,0,1337,0
1700000441249,441.25,825,247.47,311.25,86.23,1509,1,Arah 1,3,26,2,170,3,204,0,1337,0
1700000441315,441.32,832,0.0,264.56,125.19,1383,1,Arah 1,38,33,2,158,4,235,0,1338,0
1700000441382,441.38,871,15.0,227.13,106.41,1330,1,Arah 1,40,42,2,147,2,233,0,1338,0
1700000441449,441.45,830,0.0,193.06,16.69,1354,1,Arah 1,26,57,4,109,3,199,0,1338,0
1700000441515,441.52,885,494.95,238.34,82.82,1375,1,Arah 1,11,42,3,179,2,237,0,1339,0
1700000441582,441.58,764,307.47,248.71,40.09,1436,1,Arah 1,10,40,6,115,2,173,0,1340,0
1700000441649,441.65,844,0.0,211.4,5.62,1399,1,Arah 1,42,33,3,215,4,297,0,1340,0
1700000441715,441.72,775,434.95,244.94,4.77,1464,1,Arah 1,9,53,3,161,3,229,0,1340,0
1700000441782,441.78,786,0.0,208.2,101.15,1299,1,Arah 1,23,44,5,93,3,168,0,1340,0
1700000441849,441.85,851,0.0,176.97,85.98,1254,1,Arah 1,41,60,5,215,4,325,0,1340,0
1700000441915,441.92,917,0.0,150.42,243.31,1046,1,Arah 1,15,16,6,222,3,262,0,1340,0
1700000441982,441.98,862,1417.34,340.46,206.82,1446,1,Arah 1,39,67,5,205,4,320,1,1341,0
1700000442049,442.05,728,0.0,289.39,113.82,1441,1,Arah 1,42,31,2,226,1,302,0,1342,1
1700000442115,442.12,928,119.99,263.98,139.3,1368,1,Arah 1,34,38,4,193,3,272,0,1342,0
1700000442182,442.18,712,1057.38,382.99,91.62,1637,1,Arah 2,29,62,3,218,1,313,0,1342,0
1700000442249,442.25,787,0.0,325.54,158.17,1466,1,Arah 2,43,56,5,218,3,325,0,1342,0
1700000442315,442.32,928,0.0,276.71,16.22,1512,1,Arah 2,31,70,3,182,3,289,0,1342,0
1700000442382,442.38,892,674.93,336.44,35.55,1605,1,Arah 2,28,35,2,127,4,196,0,1342,0
1700000442449,442.45,838,97.49,300.6,120.45,1456,1,Arah 2,3,59,5,111,3,181,0,1342,0
1700000442515,442.52,879,0.0,255.51,124.14,1367,1,Arah 2,41,24,6,221,1,293,0,1342,0
1700000442582,442.58,993,0.0,217.18,217.57,1201,1,Arah 2,24,67,5,110,3,209,0,1342,0
1700000442649,442.65,948,1447.34,401.71,410.93,1362,1,Arah 2,9,23,4,182,1,219,0,1342,0
1700000442715,442.72,800,1012.39,493.31,26.2,1897,1,Arah 2,23,66,2,219,3,313,1,1342,0
1700000442782,442.78,813,0.0,419.31,203.73,1597,1,Arah 2,21,35,6,130,2,194,0,1342,0
1700000442849,442.85,1070,0.0,356.42,216.89,1467,1,Arah 2,42,52,5,140,2,241,0,1342,0
1700000442915,442.92,884,1747.31,565.05,199.42,1865,1,Arah 2,35,34,5,195,2,271,0,1342,0
1700000442982,442.98,837,67.49,490.42,220.55,1712,1,Arah 2,13,67,5,214,4,303,0,1342,0
1700000443049,443.05,875,0.0,416.85,202.53,1594,1,Arah 2,10,30,2,216,4,262,0,1342,0
1700000443115,443.12,849,0.0,354.33,1.4,1670,1,Arah 2,42,53,5,175,4,279,1,1343,0
1700000443182,443.18,1019,764.92,415.91,179.61,1614,1,Arah 2,39,58,5,111,1,214,2,1343,0
1700000443249,443.25,747,809.91,475.01,18.09,1872,1,Arah 2,26,48,5,139,4,222,1,1344,0
1700000443315,443.32,911,0.0,403.76,112.47,1656,1,Arah 2,37,51,3,163,4,258,0,1344,1
1700000443382,443.38,878,374.96,399.44,160.53,1602,1,Arah 2,42,49,4,140,4,239,2,1344,0
1700000443449,443.45,861,1147.37,511.63,52.75,1905,1,Arah 2,16,73,5,214,2,310,1,1344,0
1700000443515,443.52,725,0.0,434.89,211.29,1619,1,Arah 2,15,25,5,149,4,198,0,1345,0
1700000443582,443.58,940,0.0,369.65,179.6,1528,1,Arah 2,40,49,4,178,4,275,0,1345,0
1700000443649,443.65,963,0.0,314.21,58.27,1542,1,Arah 2,32,67,4,158,4,265,0,1346,0
1700000443715,443.72,943,944.9,408.81,223.63,1558,1,Arah 2,14,55,4,114,2,189,0,1346,0
1700000443782,443.78,837,779.91,464.47,20.84,1851,1,Arah 2,2,35,5,150,3,195,2,1346,0
1700000443849,443.85,839,0.0,394.8,191.82,1563,1,Arah 2,37,63,3,221,1,325,0,1346,0
1700000443915,443.92,1043,0.0,335.58,2.34,1635,1,Arah 2,37,46,4,223,1,311,0,1346,0
1700000443982,443.98,915,719.92,393.23,1.99,1741,1,Arah 2,32,54,4,117,3,210,0,1346,0
1700000444049,444.05,947,0.0,334.25,162.4,1478,1,Arah 2,35,36,6,173,1,251,0,1346,0
1700000444116,444.12,917,0.0,284.11,19.18,1523,1,Arah 2,44,46,2,211,1,304,0,1348,0
1700000444182,444.18,977,532.44,321.36,114.27,1501,1,Arah 2,11,54,2,158,1,226,0,1348,0
1700000444249,444.25,846,584.94,360.9,0.04,1684,1,Arah 2,43,43,2,142,3,233,0,1348,0
1700000444316,444.32,899,97.49,321.39,130.54,1485,1,Arah 2,35,40,3,229,1,308,0,1348,0
1700000444382,444.38,833,0.0,273.18,132.73,1392,1,Arah 2,24,51,4,123,4,206,1,1348,0
1700000444449,444.45,991,0.0,232.2,112.82,1333,1,Arah 2,41,22,3,181,3,250,0,1349,0
1700000444516,444.52,847,0.0,197.37,95.89,1284,1,Arah 2,33,49,3,121,1,207,0,1349,0
1700000444582,444.58,1071,0.0,167.77,20.61,1302,1,Arah 2,36,32,6,92,2,168,0,1349,0
1700000444649,444.65,1026,457.45,211.22,231.79,1175,1,Arah 1,43,42,3,174,1,263,0,1349,0
1700000444716,444.72,1010,959.89,323.52,317.56,1305,1,Arah 1,7,56,3,153,1,220,1,1349,0
1700000444782,444.78,898,997.39,424.6,55.64,1747,1,Arah 1,26,59,3,157,3,248,0,1349,0
1700000444849,444.85,877,0.0,360.91,175.35,1516,1,Arah 1,33,73,2,100,1,209,0,1349,0
1700000444916,444.92,899,0.0,306.77,149.05,1439,1,Arah 1,24,50,2,128,2,206,1,1349,0
1700000444982,444.98,919,0.0,260.76,39.64,1459,1,Arah 1,24,18,5,180,4,231,0,1350,0
1700000445049,445.05,1103,389.96,280.14,65.07,1471,1,Arah 1,41,71,2,116,3,233,1,1350,0
1700000445116,445.12,867,442.45,304.48,31.74,1549,1,Arah 1,21,55,3,227,3,309,0,1351,0
1700000445182,445.18,1044,0.0,258.81,73.85,1422,1,Arah 1,6,29,3,227,3,268,0,1352,1
1700000445249,445.25,1036,232.47,254.86,62.77,1426,1,Arah 1,16,38,3,163,1,221,0,1354,0
1700000445316,445.32,1013,0.0,216.63,63.83,1352,1,Arah 1,44,14,4,145,2,209,0,1355,0
1700000445382,445.38,1094,757.42,297.75,522.99,1051,0,,25,26,3,0,3,57,0,1355,1
1700000445449,445.45,912,2099.77,568.05,275.46,1800,1,Arah 1,22,27,5,225,4,283,0,1356,0
1700000445516,445.52,814,0.0,482.84,234.59,1685,1,Arah 1,23,37,6,203,3,272,0,1356,0
1700000445582,445.58,925,0.0,410.42,199.4,1585,1,Arah 1,10,37,6,164,3,220,0,1356,0
1700000445649,445.65,985,0.0,348.85,50.64,1613,1,Arah 1,4,41,5,92,3,145,0,1356,0
1700000445716,445.72,991,532.44,376.39,7.89,1705,1,Arah 1,12,46,2,158,2,220,1,1356,0
1700000445782,445.78,914,157.48,343.56,125.56,1531,1,Arah 1,2,34,3,223,4,266,0,1356,0
1700000445849,445.85,970,0.0,292.02,88.31,1471,1,Arah 1,20,34,2,139,1,196,0,1357,0
1700000445916,445.92,978,239.97,284.22,58.86,1485,1,Arah 1,35,14,5,206,4,264,0,1357,0
1700000445982,445.98,938,599.93,331.57,147.13,1488,1,Arah 1,43,69,5,175,3,295,0,1357,0
1700000446049,446.05,898,674.93,383.08,8.87,1716,1,Arah 1,3,42,4,102,2,153,0,1358,0
1700000446116,446.12,848,0.0,325.61,158.2,1466,1,Arah 1,3,58,3,115,3,182,1,1358,0
1700000446182,446.18,952,0.0,276.77,134.47,1397,1,Arah 1,24,20,6,96,3,149,0,1358,0
1700000446249,446.25,1030,0.0,235.26,78.21,1373,1,Arah 1,13,58,2,96,4,173,0,1358,0
1700000446316,446.32,952,862.4,329.33,66.48,1562,1,Arah 1,21,63,4,132,4,224,0,1358,0
1700000446382,446.38,915,0.0,279.93,136.01,1401,1,Arah 1,43,28,4,155,4,234,0,1359,0
1700000446449,446.45,1032,0.0,237.94,3.44,1452,1,Arah 1,4,19,6,101,2,132,0,1359,0
1700000446516,446.52,1145,502.44,277.62,385.45,1150,1,Arah 1,4,49,2,217,3,275,0,1359,0
1700000446582,446.58,965,1739.81,496.94,215.47,1728,1,Arah 1,39,43,2,97,3,184,0,1359,0
1700000446649,446.65,913,0.0,422.4,205.23,1601,1,Arah 1,19,39,4,104,1,167,0,1359,0
1700000446716,446.72,1032,0.0,359.04,109.16,1576,1,Arah 1,43,58,2,119,1,223,1,1359,0
1700000446782,446.78,926,292.47,349.06,92.78,1573,1,Arah 1,3,36,2,95,3,139,0,1360,0
1700000446849,446.85,993,0.0,296.7,144.15,1425,1,Arah 1,34,26,3,178,1,242,2,1360,0
1700000446916,446.92,971,0.0,252.19,72.31,1411,1,Arah 1,22,22,6,225,4,279,1,1360,0
1700000446982,446.98,1056,224.98,248.11,176.25,1301,1,Arah 1,10,69,4,201,3,287,0,1361,1
1700000447049,447.05,941,1064.88,370.63,99.59,1607,1,Arah 1,14,70,4,122,4,214,1,1361,0
1700000447116,447.12,914,0.0,315.03,153.06,1451,1,Arah 1,42,21,4,107,3,177,0,1362,0
1700000447183,447.18,1004,0.0,267.78,130.1,1384,1,Arah 1,36,61,5,153,4,259,0,1362,0
1700000447249,447.25,976,0.0,227.61,85.48,1352,1,Arah 1,12,14,3,176,1,206,0,1362,0
1700000447316,447.32,1179,112.49,210.34,163.39,1242,1,Arah 1,14,33,6,144,1,198,0,1362,0
1700000447383,447.38,961,1057.38,337.4,113.77,1531,1,Arah 1,12,37,3,108,2,162,0,1362,0
1700000447449,447.45,1038,0.0,286.79,95.81,1454,1,Arah 1,36,37,4,153,3,233,0,1362,0
1700000447516,447.52,1022,194.98,273.02,81.44,1442,1,Arah 1,14,25,2,95,4,140,0,1362,0
1700000447583,447.58,1012,0.0,232.06,119.94,1326,1,Arah 1,32,61,4,164,2,263,0,1362,0
1700000447649,447.65,1145,1042.38,353.61,173.94,1503,1,Arah 1,25,43,3,101,1,173,0,1362,0
1700000447716,447.72,873,322.46,348.94,84.85,1581,1,Arah 1,9,17,5,130,3,164,1,1363,1
1700000447783,447.78,1102,0.0,296.6,117.05,1451,1,Arah 1,29,63,3,130,3,228,0,1363,0
1700000447849,447.85,963,1169.87,427.59,99.49,1711,1,Arah 1,40,71,2,137,1,251,0,1363,0
1700000447916,447.92,946,0.0,363.45,176.59,1519,1,Arah 1,43,69,2,193,3,310,0,1363,0
1700000447983,447.98,1117,0.0,308.93,39.61,1550,1,Arah 1,40,30,6,190,3,269,0,1363,0
1700000448049,448.05,1008,494.95,336.84,1.49,1638,1,Arah 1,19,54,5,221,4,303,0,1363,0
1700000448116,448.12,1051,157.48,309.93,109.22,1484,1,Arah 1,41,44,4,200,2,291,0,1363,0
1700000448183,448.18,987,0.0,263.44,128.0,1378,1,Arah 1,30,44,3,152,3,232,0,1364,0
1700000448249,448.25,1056,0.0,223.93,18.43,1411,1,Arah 1,24,44,4,143,4,219,2,1364,0
1700000448316,448.32,1048,569.94,275.83,15.67,1511,1,Arah 1,25,53,4,130,3,215,0,1364,1
1700000448383,448.38,980,0.0,234.45,113.91,1337,1,Arah 1,6,55,2,160,1,224,0,1364,0
1700000448449,448.45,1074,0.0,199.29,96.82,1286,1,Arah 1,44,38,2,196,4,284,0,1364,0
1700000448516,448.52,1184,0.0,169.39,115.24,1211,1,Arah 1,3,12,3,189,3,210,0,1364,0
1700000448583,448.58,1122,884.9,276.72,181.65,1350,1,Arah 1,38,54,2,115,4,213,0,1365,0
1700000448649,448.65,1066,374.96,291.45,82.42,1476,1,Arah 1,42,17,6,129,3,197,0,1365,0
1700000448716,448.72,1072,562.44,332.1,58.34,1575,1,Arah 1,35,61,2,217,4,319,0,1365,0
1700000448783,448.78,991,322.46,330.66,75.96,1555,1,Arah 1,39,59,6,102,2,208,0,1365,0
1700000448849,448.85,1029,0.0,281.06,136.55,1403,1,Arah 1,5,71,3,174,4,257,0,1365,0
1700000448916,448.92,1058,0.0,238.9,116.07,1343,1,Arah 1,35,69,6,208,4,322,0,1365,1
1700000448983,448.98,1064,0.0,203.06,0.11,1389,1,Arah 1,6,40,2,122,4,174,0,1365,0
1700000449049,449.05,1179,442.45,238.97,190.93,1269,1,Arah 1,25,60,4,94,2,185,0,1365,0
1700000449116,449.12,1005,854.91,331.36,63.53,1569,1,Arah 1,6,40,6,107,3,162,0,1365,0
1700000449183,449.18,1065,0.0,281.66,110.06,1430,1,Arah 1,44,57,6,113,1,221,0,1365,0
1700000449249,449.25,1067,119.99,257.41,93.55,1400,1,Arah 1,17,29,2,93,2,143,0,1365,0
1700000449316,449.32,1049,0.0,218.8,106.3,1314,1,Arah 1,29,35,3,182,3,252,0,1365,0
1700000449383,449.38,1095,0.0,185.98,90.36,1267,1,Arah 1,9,62,2,228,2,303,0,1365,0
1700000449449,449.45,1061,0.0,158.08,76.8,1227,1,Arah 1,22,65,3,200,4,294,0,1365,0
1700000449516,449.52,1099,0.0,134.37,65.28,1193,1,Arah 1,40,38,6,159,4,247,0,1366,0
1700000449583,449.58,1104,0.0,114.21,19.84,1200,1,Arah 1,13,30,5,108,3,159,0,1366,0
1700000449649,449.65,1142,337.46,147.7,25.24,1259,1,Arah 1,13,69,6,119,4,211,0,1366,1
1700000449716,449.72,1059,37.5,131.17,46.56,1206,1,Arah 1,7,39,5,151,2,204,0,1366,0
1700000449783,449.78,1137,449.95,178.99,31.21,1313,1,Arah 1,38,60,3,123,1,225,0,1366,0
1700000449849,449.85,999,0.0,152.14,73.92,1219,1,Arah 1,2,57,4,105,2,170,0,1366,0
1700000449916,449.92,1153,0.0,129.32,47.76,1201,1,Arah 1,15,13,5,187,1,221,0,1366,0
1700000449983,449.98,1099,67.49,120.04,18.84,1212,1,Arah 1,2,13,5,188,4,212,0,1366,0
1700000450050,450.05,1144,97.49,116.66,31.08,1193,1,Arah 1,39,55,5,95,1,195,1,1366,0
1700000450116,450.12,1086,0.0,99.16,48.18,1143,1,Arah 1,15,72,4,174,3,268,0,1366,0
1700000450183,450.18,1231,0.0,84.29,290.51,1000,0,,2,52,3,0,4,61,0,1366,0
1700000450250,450.25,1282,1484.84,294.37,590.11,1000,0,,42,52,2,0,1,97,0,1366,0
1700000450316,450.32,1033,1537.33,480.81,170.13,1742,1,Arah 1,31,58,2,204,2,297,1,1368,0
1700000450383,450.38,1077,0.0,408.69,198.57,1582,1,Arah 1,30,59,3,141,2,235,0,1368,0
1700000450450,450.45,1229,0.0,347.39,150.96,1514,1,Arah 1,39,71,5,148,3,266,0,1368,0
1700000450516,450.52,1143,1432.34,510.13,128.32,1833,1,Arah 1,33,17,6,115,2,173,1,1368,0
1700000450583,450.58,1038,0.0,433.61,210.67,1617,1,Arah 1,42,31,2,211,4,290,0,1368,0
1700000450650,450.65,1156,0.0,368.57,179.07,1526,1,Arah 1,41,35,3,192,1,272,0,1368,0
1700000450716,450.72,1047,0.0,313.28,152.21,1449,1,Arah 1,2,31,4,110,4,151,0,1368,0
1700000450783,450.78,1278,0.0,266.29,257.33,1255,0,,12,19,3,0,3,37,0,1368,0
1700000450850,450.85,1192,1732.31,486.19,218.73,1706,1,Arah 1,19,25,3,93,2,142,0,1368,0
1700000450916,450.92,1047,0.0,413.26,200.79,1589,1,Arah 1,12,30,4,204,1,251,0,1368,0
1700000450983,450.98,1193,0.0,351.28,65.2,1604,1,Arah 1,34,62,4,229,1,330,0,1368,0
1700000451050,451.05,1179,472.45,369.45,55.42,1647,1,Arah 1,9,19,6,177,3,214,0,1368,0
1700000451116,451.12,1130,0.0,314.03,4.79,1593,1,Arah 1,14,21,3,105,4,147,0,1368,0
1700000451183,451.18,1202,704.92,372.67,158.08,1554,1,Arah 1,37,21,3,227,4,292,0,1368,0
1700000451250,451.25,1036,689.92,420.26,22.99,1770,1,Arah 1,44,29,6,143,1,223,0,1368,0
1700000451316,451.32,1110,0.0,357.22,173.56,1510,1,Arah 1,21,48,4,197,1,271,0,1368,0
1700000451383,451.38,1202,0.0,303.63,87.26,1494,1,Arah 1,26,48,5,200,4,283,0,1368,0
1700000451450,451.45,1134,269.97,298.58,3.86,1565,1,Arah 1,33,26,6,156,3,224,0,1368,0
1700000451516,451.52,1166,314.97,301.04,170.82,1407,1,Arah 1,9,19,2,162,3,195,0,1368,0
1700000451583,451.58,1092,1049.88,413.37,74.89,1709,1,Arah 1,28,32,3,96,4,163,0,1368,0
1700000451650,451.65,1026,0.0,351.36,170.71,1502,1,Arah 1,34,33,4,127,2,200,0,1369,0
1700000451716,451.72,1235,0.0,298.66,87.59,1484,1,Arah 1,16,35,5,168,3,227,0,1369,0
1700000451783,451.78,1350,1042.38,410.22,457.81,1332,0,,2,71,3,0,4,80,0,1369,0
1700000451850,451.85,1096,1717.31,606.28,156.44,1976,1,Arah 1,26,40,4,93,1,164,0,1370,0
1700000451916,451.92,1121,0.0,515.34,250.38,1729,1,Arah 1,39,70,4,160,4,277,0,1370,0
1700000451983,451.98,1105,0.0,438.04,212.82,1623,1,Arah 2,3,47,5,142,4,201,0,1370,0
1700000452050,452.05,1229,0.0,372.33,180.9,1532,1,Arah 2,16,66,4,120,4,210,1,1370,0
1700000452116,452.12,1226,0.0,316.48,143.72,1463,1,Arah 2,43,54,2,139,1,239,0,1370,0
1700000452183,452.18,1250,45.0,275.76,6.74,1520,1,Arah 2,26,32,6,94,4,162,0,1370,0
1700000452250,452.25,1220,577.44,321.01,112.87,1501,1,Arah 2,12,52,4,130,1,199,0,1371,0
1700000452316,452.32,1173,524.94,351.6,39.02,1630,1,Arah 2,29,52,2,181,3,267,0,1371,0
1700000452383,452.38,1150,322.46,347.23,84.02,1578,1,Arah 2,11,32,6,122,1,172,0,1371,0
1700000452450,452.45,1130,0.0,295.15,19.52,1544,1,Arah 2,19,41,4,102,1,167,0,1371,1
1700000452516,452.52,1226,554.94,334.11,122.36,1517,1,Arah 2,3,20,2,102,2,129,0,1371,0
1700000452583,452.58,1056,622.43,377.36,19.88,1695,1,Arah 2,2,71,4,192,1,270,0,1372,1
1700000452650,452.65,1143,0.0,320.76,155.84,1459,1,Arah 2,35,67,3,201,4,310,0,1372,0
1700000452716,452.72,1122,0.0,272.64,132.47,1391,1,Arah 2,16,16,5,210,3,250,1,1372,0
1700000452783,452.78,1169,0.0,231.75,112.6,1333,1,Arah 2,23,18,3,209,2,255,0,1372,0
1700000452850,452.85,1134,0.0,196.99,53.86,1325,1,Arah 2,44,27,2,126,4,203,0,1372,0
1700000452916,452.92,1170,187.48,195.56,203.66,1173,1,Arah 2,12,50,2,149,1,214,0,1372,0
1700000452983,452.98,1109,1117.38,333.83,131.26,1508,1,Arah 2,37,71,3,155,1,267,1,1372,0
1700000453050,453.05,1021,0.0,283.76,137.87,1407,1,Arah 2,29,67,4,168,2,270,0,1372,0
1700000453117,453.12,1163,0.0,241.19,35.15,1427,1,Arah 2,17,60,3,220,3,303,0,1372,0
1700000453183,453.18,1087,682.42,307.38,76.75,1511,1,Arah 2,15,18,2,202,1,238,0,1373,0
1700000453250,453.25,1072,209.98,292.77,77.05,1483,1,Arah 2,35,59,4,217,1,316,1,1373,0
1700000453317,453.32,1059,45.0,255.6,112.37,1378,1,Arah 2,36,66,5,155,3,265,0,1373,0
1700000453383,453.38,1066,0.0,217.26,100.54,1317,1,Arah 2,20,58,6,155,4,243,0,1373,0
1700000453450,453.45,1156,22.5,188.05,85.46,1276,1,Arah 2,36,24,6,97,1,164,0,1374,0
1700000453517,453.52,1063,0.0,159.84,77.66,1230,1,Arah 2,36,46,3,161,3,249,0,1374,0
1700000453583,453.58,1260,0.0,135.86,56.2,1205,1,Arah 2,41,52,2,0,1,96,1,1374,1
1700000453650,453.65,1101,547.44,197.6,47.77,1332,1,Arah 2,21,31,4,138,4,198,1,1374,0
1700000453717,453.72,1187,0.0,167.96,81.6,1242,1,Arah 2,18,48,5,108,1,180,0,1374,0
1700000453783,453.78,1227,0.0,142.77,66.23,1208,1,Arah 2,7,64,4,0,2,77,0,1374,0
1700000453850,453.85,1279,607.43,212.47,335.87,1074,1,Arah 2,9,44,3,0,1,57,0,1374,0
1700000453917,453.92,1146,1252.36,368.45,149.89,1554,1,Arah 2,18,46,3,145,1,213,1,1374,0
1700000453983,453.98,1112,0.0,313.18,152.16,1448,1,Arah 2,4,17,6,130,1,158,0,1374,0
1700000454050,454.05,1263,0.0,266.21,54.81,1455,1,Arah 2,29,70,6,160,1,266,0,1374,0
1700000454117,454.12,1219,824.91,350.01,46.59,1619,1,Arah 2,29,43,2,160,4,238,0,1374,0
1700000454183,454.18,1153,0.0,297.51,144.55,1426,1,Arah 2,27,27,2,121,4,181,0,1374,0
1700000454250,454.25,1316,0.0,252.88,101.1,1384,1,Arah 2,37,57,4,112,3,213,1,1375,0
1700000454317,454.32,1208,97.49,229.57,85.94,1355,1,Arah 2,37,43,3,170,2,255,0,1375,0
1700000454383,454.38,1303,0.0,195.14,24.5,1350,1,Arah 2,32,17,6,211,4,270,0,1375,0
1700000454450,454.45,1318,314.97,213.11,236.98,1174,1,Arah 2,14,67,4,0,1,86,0,1375,0
1700000454517,454.52,1261,1154.87,354.38,171.3,1507,1,Arah 1,5,13,4,134,2,158,0,1375,0
1700000454583,454.58,1164,179.98,328.22,112.2,1516,1,Arah 1,5,39,6,117,1,168,0,1375,0
1700000454650,454.65,1237,0.0,278.98,16.79,1516,1,Arah 1,34,71,6,220,3,334,0,1375,0
1700000454717,454.72,1273,682.42,339.5,118.06,1531,1,Arah 1,27,45,4,229,4,309,0,1375,0
1700000454783,454.78,1146,464.95,358.32,51.98,1630,1,Arah 1,13,12,5,213,1,244,0,1375,0
1700000454850,454.85,1211,0.0,304.57,94.41,1489,1,Arah 1,33,57,6,224,2,322,0,1375,0
1700000454917,454.92,1249,239.97,294.88,179.23,1387,1,Arah 1,24,42,2,206,2,276,0,1375,0
1700000454983,454.98,1179,1162.37,425.0,98.78,1707,1,Arah 1,26,29,6,133,1,195,0,1375,0
1700000455050,455.05,1094,0.0,361.25,175.52,1516,1,Arah 1,40,27,2,126,4,199,0,1375,0
1700000455117,455.12,1301,0.0,307.07,21.56,1564,1,Arah 1,22,24,4,167,3,220,0,1375,0
1700000455183,455.18,1232,764.92,375.74,18.33,1694,1,Arah 1,14,35,6,207,3,265,0,1375,0
1700000455250,455.25,1199,0.0,319.38,155.17,1457,1,Arah 1,12,47,3,219,4,285,0,1375,0
1700000455317,455.32,1369,0.0,271.47,76.65,1444,1,Arah 1,13,73,4,130,4,224,1,1376,0
1700000455383,455.38,1274,247.47,267.87,108.95,1405,1,Arah 1,36,38,6,225,4,309,0,1377,0
1700000455450,455.45,1336,779.91,344.68,194.72,1466,1,Arah 1,35,64,2,197,3,301,0,1377,0
1700000455517,455.52,1170,704.92,398.72,8.59,1745,1,Arah 1,12,61,6,220,1,300,0,1377,0
1700000455583,455.58,1242,0.0,338.91,164.66,1485,1,Arah 1,3,64,6,227,4,304,0,1377,0
1700000455650,455.65,1319,0.0,288.07,44.18,1506,1,Arah 1,33,34,4,110,4,185,1,1377,0
1700000455717,455.72,1271,824.91,368.6,37.56,1662,1,Arah 1,11,47,4,159,4,225,0,1377,0
1700000455783,455.78,1209,0.0,313.31,152.22,1449,1,Arah 1,34,47,5,213,2,301,1,1377,0
1700000455850,455.85,1294,0.0,266.31,57.41,1453,1,Arah 1,25,49,6,219,1,300,0,1377,0
1700000455917,455.92,1294,322.46,274.73,48.79,1477,1,Arah 1,27,66,2,208,4,307,0,1377,0
1700000455983,455.98,1251,0.0,233.52,113.46,1335,1,Arah 1,34,52,5,156,3,250,0,1377,0
1700000456050,456.05,1386,0.0,198.5,60.92,1320,0,,7,23,5,0,4,39,0,1377,0
1700000456117,456.12,1268,704.92,274.46,115.4,1411,1,Arah 1,15,47,3,224,4,293,0,1377,0
1700000456184,456.18,1292,284.97,276.04,59.27,1469,1,Arah 1,37,54,5,109,2,207,1,1377,0
1700000456250,456.25,1230,0.0,234.63,114.0,1337,1,Arah 1,25,69,4,206,4,308,0,1377,0
1700000456317,456.32,1522,0.0,199.44,430.43,1000,0,,9,27,2,0,4,42,0,1378,0
1700000456384,456.38,1357,2362.24,523.86,365.86,1635,1,Arah 1,22,51,5,115,3,196,0,1378,0
1700000456450,456.45,1207,0.0,445.28,216.34,1633,1,Arah 1,24,28,3,106,4,165,0,1378,0
1700000456517,456.52,1450,0.0,378.49,114.09,1607,1,Arah 1,28,41,4,223,1,297,0,1380,0
1700000456584,456.58,1211,1334.85,521.94,96.98,1883,1,Arah 1,19,14,6,178,2,219,0,1380,0
1700000456650,456.65,1272,0.0,443.65,215.55,1631,1,Arah 1,10,13,5,149,2,179,0,1380,0
1700000456717,456.72,1312,0.0,377.1,153.08,1567,1,Arah 1,35,32,5,160,3,235,0,1380,0
1700000456784,456.78,1393,134.99,340.78,22.22,1626,1,Arah 1,27,40,5,122,4,198,1,1381,0
1700000456850,456.85,1294,682.42,392.03,11.25,1730,1,Arah 1,5,71,3,182,4,265,1,1383,0
1700000456917,456.92,1302,0.0,333.23,161.9,1477,1,Arah 1,40,40,5,111,1,197,0,1383,0
1700000456984,456.98,1330,0.0,283.24,137.62,1406,1,Arah 1,24,70,3,103,4,204,0,1383,0
1700000457050,457.05,1310,0.0,240.76,62.15,1400,1,Arah 1,44,71,5,197,3,320,1,1383,0
1700000457117,457.12,1344,802.41,325.0,52.83,1567,1,Arah 1,37,53,5,108,4,207,0,1383,0
1700000457184,457.18,1203,0.0,276.25,134.22,1396,1,Arah 1,2,25,4,119,4,154,0,1383,0
1700000457250,457.25,1456,0.0,234.82,1.42,1448,0,,39,40,6,0,2,87,0,1383,0
1700000457317,457.32,1289,517.44,277.21,1.21,1528,1,Arah 1,14,35,4,198,1,252,0,1383,0
1700000457384,457.38,1387,0.0,235.63,114.48,1338,0,,9,39,5,0,1,54,0,1383,0
1700000457450,457.45,1290,0.0,200.28,97.31,1288,0,,27,42,3,0,3,75,0,1383,0
1700000457517,457.52,1434,0.0,170.24,56.23,1271,0,,5,51,6,0,1,63,0,1384,0
1700000457584,457.58,1333,622.43,238.07,47.8,1409,1,Arah 1,7,58,2,180,4,251,0,1384,0
1700000457650,457.65,1351,0.0,202.36,141.07,1248,0,,4,50,3,0,3,60,0,1384,0
1700000457717,457.72,1338,1072.38,332.86,119.91,1517,1,Arah 1,4,25,5,139,3,176,2,1385,0
1700000457784,457.78,1208,0.0,282.93,137.46,1406,1,Arah 1,17,48,3,158,3,229,0,1385,0
1700000457850,457.85,1367,0.0,240.49,26.45,1434,1,Arah 1,24,18,4,105,1,152,0,1386,0
1700000457917,457.92,1311,404.96,265.16,22.48,1484,1,Arah 1,32,19,3,144,1,199,1,1386,0
1700000457984,457.98,1313,0.0,225.39,22.46,1409,1,Arah 1,8,65,3,125,2,203,0,1386,0
1700000458050,458.05,1354,389.96,250.07,67.96,1412,1,Arah 1,36,50,2,152,1,241,1,1386,0
1700000458117,458.12,1261,389.96,271.06,17.56,1500,1,Arah 1,29,44,4,102,3,182,1,1386,0
1700000458184,458.18,1302,52.49,238.27,101.98,1356,1,Arah 1,30,31,2,152,2,217,0,1386,0
1700000458250,458.25,1254,0.0,202.53,98.4,1291,1,Arah 1,9,71,2,198,3,283,0,1386,0
1700000458317,458.32,1332,0.0,172.15,83.64,1248,0,,28,28,3,0,3,62,0,1386,0
1700000458384,458.38,1368,0.0,146.33,71.09,1210,0,,24,70,6,0,3,103,0,1386,0
1700000458450,458.45,1425,0.0,124.38,3.51,1236,0,,8,65,4,0,2,79,0,1386,0
1700000458517,458.52,1398,254.97,143.97,42.21,1235,0,,5,47,6,0,1,59,0,1386,0
1700000458584,458.58,1391,202.48,152.74,21.04,1272,0,,24,60,5,0,2,91,0,1386,0
1700000458650,458.65,1371,0.0,129.83,63.08,1187,0,,41,17,4,0,3,65,0,1387,0
1700000458717,458.72,1406,0.0,110.36,128.85,1084,0,,17,63,6,0,1,87,0,1387,0
1700000458784,458.78,1498,817.41,216.42,193.23,1224,0,,21,26,3,0,2,52,1,1387,0
1700000458850,458.85,1297,374.96,240.2,18.23,1442,1,Arah 1,7,65,5,131,4,212,0,1387,0
1700000458917,458.92,1448,0.0,204.17,99.2,1293,0,,33,70,6,0,4,113,0,1388,0
1700000458984,458.98,1394,0.0,173.54,99.83,1234,0,,37,20,5,0,4,66,0,1388,0
1700000459051,459.05,1466,824.91,271.25,525.13,1000,0,,5,13,4,0,1,23,0,1388,0
1700000459117,459.12,1284,1972.28,526.4,277.28,1724,1,Arah 1,43,67,3,194,4,311,1,1388,0
1700000459184,459.18,1203,67.49,457.57,204.59,1667,1,Arah 1,4,46,6,139,3,198,1,1388,0
1700000459251,459.25,1275,0.0,388.93,188.96,1555,1,Arah 1,28,31,3,117,3,182,0,1388,0
1700000459317,459.32,1475,0.0,330.59,26.7,1603,1,Arah 1,41,30,6,125,2,204,0,1389,0
1700000459384,459.38,1361,599.93,370.99,30.88,1673,1,Arah 1,15,46,4,111,4,180,0,1389,0
1700000459451,459.45,1395,239.97,351.34,107.68,1563,1,Arah 1,4,61,5,216,1,287,0,1390,0
1700000459517,459.52,1329,0.0,298.64,145.1,1428,1,Arah 1,4,20,4,113,1,142,1,1392,0
1700000459584,459.58,1505,0.0,253.84,58.04,1428,0,,43,40,5,0,1,89,0,1392,0
1700000459651,459.65,1512,292.47,259.64,181.68,1318,0,,11,39,2,0,4,56,0,1392,0
1700000459717,459.72,1466,1034.89,375.92,107.56,1609,1,Arah 1,26,69,4,174,4,277,0,1393,0
1700000459784,459.78,1374,82.49,331.91,134.57,1501,1,Arah 1,5,56,4,216,2,283,0,1393,0
1700000459851,459.85,1455,22.5,285.5,132.8,1415,0,,5,36,4,0,1,46,0,1393,0
1700000459917,459.92,1371,0.0,242.67,72.7,1393,1,Arah 1,12,51,4,141,1,209,0,1394,0
1700000459984,459.98,1462,202.48,236.64,204.37,1251,0,,21,12,2,0,2,37,0,1394,0
1700000460051,460.05,1344,1192.37,380.0,128.52,1596,1,Arah 1,7,38,3,131,3,182,0,1394,1
1700000460117,460.12,1303,0.0,323.0,53.14,1563,1,Arah 1,17,26,3,205,2,253,1,1395,0
1700000460184,460.18,1420,464.95,344.29,56.95,1599,1,Arah 1,30,15,6,194,4,249,0,1395,0
1700000460251,460.25,1241,457.45,361.27,55.39,1632,1,Arah 1,16,42,5,134,3,200,0,1395,0
1700000460317,460.32,1359,0.0,307.08,149.2,1440,1,Arah 1,23,63,4,114,2,206,0,1395,0
1700000460384,460.38,1555,0.0,261.02,122.62,1379,0,,34,60,5,0,3,102,0,1395,0
1700000460451,460.45,1480,1117.38,389.47,104.22,1637,1,Arah 1,6,22,3,165,2,198,1,1395,0
1700000460517,460.52,1406,0.0,331.05,160.84,1474,1,Arah 1,21,65,5,107,1,199,1,1395,0
1700000460584,460.58,1482,0.0,281.39,124.44,1415,0,,43,55,3,0,2,103,0,1396,0
1700000460651,460.65,1482,1169.87,414.66,433.88,1364,0,,8,44,4,0,1,57,0,1396,0
1700000460717,460.72,1326,1469.84,572.94,107.65,1962,1,Arah 1,27,55,3,158,3,246,0,1397,0
1700000460784,460.78,1286,0.0,487.0,236.61,1690,1,Arah 1,41,42,3,104,3,193,0,1397,0
1700000460851,460.85,1420,0.0,413.95,201.12,1590,1,Arah 1,12,14,4,212,3,245,1,1397,1
1700000460917,460.92,1552,0.0,351.86,6.5,1661,1,Arah 1,11,12,5,121,4,153,0,1397,0
1700000460984,460.98,1489,794.91,418.31,5.52,1783,1,Arah 1,38,15,2,200,4,259,0,1398,0
1700000461051,461.05,1446,0.0,355.57,1.35,1673,1,Arah 1,27,31,2,187,2,249,0,1398,1
1700000461117,461.12,1601,779.91,419.22,294.1,1509,0,,8,30,4,0,4,46,0,1398,0
1700000461184,461.18,1342,1312.35,553.19,75.89,1957,1,Arah 1,23,32,5,126,1,187,0,1398,0
1700000461251,461.25,1426,0.0,470.21,228.46,1667,1,Arah 1,43,50,4,115,3,215,0,1398,0
1700000461317,461.32,1491,0.0,399.68,125.55,1636,1,Arah 1,39,60,4,205,1,309,0,1398,0
1700000461384,461.38,1428,307.47,385.85,76.59,1657,1,Arah 1,21,23,5,144,2,195,0,1398,0
1700000461451,461.45,1450,134.99,348.22,133.73,1532,1,Arah 1,5,39,2,152,2,200,0,1398,0
1700000461517,461.52,1410,0.0,295.99,143.81,1424,1,Arah 1,30,20,2,136,4,192,0,1399,0
1700000461584,461.58,1572,0.0,251.59,137.24,1346,0,,40,51,3,0,2,96,0,1399,0
1700000461651,461.65,1536,1162.37,388.21,205.38,1537,1,Arah 1,27,32,5,96,2,162,0,1399,0
1700000461717,461.72,1417,397.46,389.59,84.9,1656,1,Arah 1,38,28,5,134,1,206,0,1400,0
1700000461784,461.78,1483,0.0,331.15,150.85,1484,1,Arah 1,30,52,5,144,2,233,0,1400,0
1700000461851,461.85,1502,45.0,288.23,29.45,1521,1,Arah 2,16,56,6,139,4,221,1,1400,0
1700000461917,461.92,1477,442.45,311.36,174.18,1423,1,Arah 2,25,40,6,0,3,74,0,1400,1
1700000461984,461.98,1443,937.4,405.27,345.59,1433,1,Arah 2,16,51,3,0,4,74,0,1400,0
1700000462051,462.05,1352,1327.35,543.58,84.49,1932,1,Arah 2,33,41,4,220,3,301,0,1400,0
1700000462118,462.12,1266,0.0,462.04,224.49,1656,1,Arah 2,3,13,3,120,3,142,1,1400,0
1700000462184,462.18,1494,0.0,392.74,33.45,1710,1,Arah 2,3,58,4,165,3,233,0,1401,0
1700000462251,462.25,1627,704.92,439.56,224.35,1615,1,Arah 2,19,13,6,0,3,41,0,1401,1
1700000462318,462.32,1400,1132.37,543.49,33.33,1978,1,Arah 2,5,58,6,102,3,174,1,1401,1
1700000462384,462.38,1476,0.0,461.96,224.45,1656,1,Arah 2,22,31,4,102,1,160,0,1401,0
1700000462451,462.45,1472,0.0,392.67,123.82,1624,1,Arah 2,5,43,6,178,2,234,0,1401,0
1700000462518,462.52,1491,299.97,378.76,72.2,1648,1,Arah 2,39,26,5,179,1,250,1,1401,0
1700000462584,462.58,1432,794.91,441.19,5.59,1824,1,Arah 2,21,64,2,195,1,283,0,1401,0
1700000462651,462.65,1385,0.0,375.01,182.2,1535,1,Arah 2,3,33,2,185,1,224,0,1401,0
1700000462718,462.72,1518,0.0,318.76,118.0,1492,1,Arah 2,36,49,5,0,3,93,0,1401,0
1700000462784,462.78,1525,1222.36,454.3,100.3,1759,1,Arah 2,18,60,5,112,1,196,0,1401,0
1700000462851,462.85,1355,0.0,386.15,187.62,1551,1,Arah 2,42,51,4,148,2,247,0,1401,0
1700000462918,462.92,1531,0.0,328.23,51.46,1574,1,Arah 2,29,21,4,99,4,157,1,1401,1
1700000462984,462.98,1534,944.9,420.73,485.69,1325,1,Arah 2,29,33,3,0,3,68,1,1401,0
1700000463051,463.05,1405,1979.78,654.59,201.9,2019,1,Arah 2,33,70,5,114,3,225,0,1401,0
1700000463118,463.12,1270,0.0,556.4,270.33,1784,1,Arah 2,40,61,5,150,4,260,1,1401,0
1700000463184,463.18,1489,0.0,472.94,136.03,1759,1,Arah 2,30,64,4,201,1,300,1,1401,0
1700000463251,463.25,1405,419.95,464.99,115.63,1764,1,Arah 2,44,32,3,181,3,263,0,1401,0
1700000463318,463.32,1433,0.0,395.24,192.03,1563,1,Arah 2,16,42,3,117,3,181,0,1401,0
1700000463384,463.38,1571,0.0,335.96,19.24,1620,1,Arah 2,32,47,6,126,4,215,0,1401,0
1700000463451,463.45,1674,817.41,408.17,367.91,1417,1,Arah 2,36,18,6,0,3,63,0,1401,0
1700000463518,463.52,1462,1574.83,583.17,141.97,1949,1,Arah 2,16,44,2,190,4,256,1,1401,0
1700000463584,463.58,1464,52.49,503.57,95.28,1852,1,Arah 2,9,23,2,117,3,154,0,1401,0
1700000463651,463.65,1455,607.43,519.15,92.71,1882,1,Arah 2,17,60,4,223,2,306,0,1401,0
1700000463718,463.72,1383,0.0,441.28,214.4,1627,1,Arah 2,28,40,4,184,1,257,0,1401,0
1700000463784,463.78,1620,0.0,375.09,289.84,1431,1,Arah 2,39,42,2,0,3,86,0,1401,0
1700000463851,463.85,1466,2114.77,636.04,283.2,1914,1,Arah 2,7,49,4,223,3,286,0,1401,0
1700000463918,463.92,1338,164.98,565.38,231.36,1837,1,Arah 2,32,13,6,196,2,249,0,1401,0
1700000463984,463.98,1444,0.0,480.57,233.49,1681,1,Arah 2,17,16,3,94,1,131,0,1401,1
1700000464051,464.05,1481,0.0,408.49,180.05,1600,1,Arah 2,23,46,3,119,2,193,1,1401,0
1700000464118,464.12,1464,82.49,359.59,153.04,1535,1,Arah 2,42,55,5,217,4,323,0,1401,0
1700000464184,464.18,1470,0.0,305.65,96.61,1488,1,Arah 2,21,52,2,90,1,166,0,1401,1
1700000464251,464.25,1570,232.47,294.67,82.12,1482,1,Arah 2,7,48,3,0,2,60,0,1401,0
1700000464318,464.32,1439,0.0,250.47,121.69,1359,0,,26,38,3,0,4,71,0,1401,0
1700000464384,464.38,1582,0.0,212.9,103.44,1306,0,,14,14,3,0,2,33,0,1401,0
1700000464451,464.45,1534,0.0,180.97,40.98,1307,0,,27,71,2,0,2,102,0,1401,0
1700000464518,464.52,1633,577.44,240.44,274.22,1189,0,,44,15,2,0,3,64,0,1401,0
1700000464584,464.58,1457,1072.38,365.23,246.48,1454,0,,31,60,2,0,4,97,0,1401,0
1700000464651,464.65,1490,637.43,406.06,29.88,1738,1,Arah 1,29,30,3,144,2,208,0,1401,0
1700000464718,464.72,1372,0.0,345.15,167.69,1493,1,Arah 1,40,17,2,211,1,271,0,1401,0
1700000464784,464.78,1590,0.0,293.38,105.22,1457,0,,2,42,3,0,2,49,0,1401,0
1700000464851,464.85,1391,1109.88,415.85,89.44,1700,1,Arah 1,4,40,3,135,2,184,0,1401,0
1700000464918,464.92,1442,0.0,353.47,171.74,1505,1,Arah 1,27,70,6,175,1,279,0,1401,0
1700000464984,464.98,1403,0.0,300.45,145.98,1430,1,Arah 1,31,25,6,115,3,180,1,1401,0
1700000465051,465.05,1474,0.0,255.39,124.08,1366,0,,43,42,6,0,4,95,1,1401,0
1700000465118,465.12,1498,0.0,217.08,105.47,1312,0,,5,49,3,0,3,60,0,1401,0
1700000465185,465.19,1539,0.0,184.52,86.3,1269,0,,41,20,6,0,3,70,0,1403,0
1700000465251,465.25,1561,15.0,159.09,23.74,1282,0,,14,54,4,0,3,75,0,1403,0
1700000465318,465.32,1537,434.95,200.47,169.17,1217,0,,17,51,2,0,4,74,0,1403,0
1700000465385,465.39,1503,682.42,272.76,127.05,1397,0,,25,38,6,0,2,71,0,1403,0
1700000465451,465.45,1446,359.96,285.84,0.82,1544,1,Arah 1,37,34,4,150,3,228,0,1403,0
1700000465518,465.52,1455,194.98,272.21,81.05,1441,0,,8,33,3,0,4,48,0,1403,0
1700000465585,465.59,1420,0.0,231.38,105.72,1339,0,,9,46,4,0,1,60,0,1403,0
1700000465651,465.65,1501,30.0,201.17,89.86,1297,0,,32,41,6,0,2,81,0,1403,0
1700000465718,465.72,1416,0.0,171.0,83.08,1246,0,,29,58,5,0,3,95,0,1403,0
1700000465785,465.79,1635,0.0,145.35,130.27,1150,0,,44,54,6,0,3,107,0,1404,0
1700000465851,465.85,1591,899.9,258.53,283.16,1215,0,,44,42,4,0,1,91,0,1405,0
1700000465918,465.92,1515,772.41,335.61,146.94,1496,0,,6,64,5,0,3,78,2,1405,0
1700000465985,465.99,1488,479.95,357.26,4.36,1673,1,Arah 1,30,28,5,138,1,202,0,1405,0
1700000466051,466.05,1451,232.47,338.54,103.43,1543,1,Arah 1,26,39,6,118,2,191,0,1405,0
1700000466118,466.12,1457,0.0,287.76,139.81,1412,0,,29,58,6,0,1,94,0,1405,0
1700000466185,466.19,1473,0.0,244.6,118.84,1351,0,,37,58,4,0,2,101,0,1405,0
1700000466251,466.25,1509,0.0,207.91,42.95,1356,0,,38,13,4,0,2,57,0,1406,0
1700000466318,466.32,1492,644.93,273.46,78.36,1446,0,,43,30,3,0,4,80,1,1406,0
1700000466385,466.39,1423,187.48,260.56,77.36,1422,0,,44,64,5,0,4,117,0,1406,0
1700000466451,466.45,1467,0.0,221.48,107.61,1318,0,,36,73,4,0,2,115,0,1406,0
1700000466518,466.52,1531,0.0,188.26,22.83,1339,0,,37,71,4,0,1,113,0,1406,0
1700000466585,466.59,1609,307.47,206.14,230.03,1167,0,,14,64,2,0,4,84,0,1406,0
1700000466651,466.65,1490,1117.38,342.82,128.56,1527,1,Arah 1,13,59,5,148,2,227,1,1406,0
1700000466718,466.72,1460,7.5,292.53,140.16,1421,0,,26,39,2,0,4,71,2,1406,0
1700000466785,466.79,1489,0.0,248.65,120.81,1357,0,,14,59,4,0,4,81,0,1406,0
1700000466851,466.85,1542,0.0,211.35,102.69,1304,0,,31,72,2,0,3,108,0,1406,1
1700000466918,466.92,1627,0.0,179.65,87.28,1258,0,,18,19,3,0,1,41,0,1406,0
1700000466985,466.99,1551,0.0,152.7,93.21,1201,0,,21,12,3,0,2,38,0,1406,0
1700000467051,467.05,1687,749.92,242.28,393.95,1073,0,,43,57,4,0,4,108,1,1406,0
1700000467118,467.12,1451,1409.84,417.42,167.46,1628,1,Arah 1,7,66,5,134,2,214,1,1406,0
1700000467185,467.19,1499,0.0,354.8,172.38,1507,1,Arah 1,18,67,6,172,4,267,0,1406,0
1700000467251,467.25,1514,0.0,301.58,84.59,1492,0,,32,30,2,0,2,66,1,1407,0
1700000467318,467.32,1550,277.47,297.97,83.79,1486,0,,36,66,3,0,4,109,0,1408,0
1700000467385,467.39,1477,697.42,357.88,9.28,1669,1,Arah 1,3,73,3,133,1,213,0,1408,0
1700000467451,467.45,1457,0.0,304.2,147.8,1436,0,,17,41,4,0,2,64,0,1409,0
1700000467518,467.52,1659,0.0,258.57,88.8,1407,0,,40,41,2,0,1,84,0,1410,0
1700000467585,467.59,1570,164.98,244.53,75.48,1394,0,,44,59,2,0,4,109,0,1410,0
1700000467651,467.65,1637,0.0,207.85,49.68,1349,0,,12,47,2,0,3,64,0,1410,0
1700000467718,467.72,1582,674.92,277.91,146.02,1388,0,,9,58,4,0,1,72,0,1410,0
1700000467785,467.79,1547,464.95,305.97,3.58,1579,1,Arah 1,31,19,3,152,1,206,0,1410,0
1700000467851,467.85,1520,134.99,280.32,100.75,1437,0,,33,63,4,0,4,104,1,1410,0
1700000467918,467.92,1529,0.0,238.27,115.77,1342,0,,3,46,6,0,1,56,0,1410,0
1700000467985,467.99,1520,0.0,202.53,98.4,1291,0,,4,70,5,0,1,80,1,1410,0
1700000468052,468.05,1570,0.0,172.15,83.64,1248,0,,7,13,5,0,2,27,0,1410,0
1700000468118,468.12,1627,0.0,146.33,246.97,1035,0,,29,15,2,0,3,49,0,1410,0
1700000468185,468.19,1604,1424.84,338.11,360.59,1291,0,,36,26,4,0,3,69,0,1410,0
1700000468252,468.25,1437,674.93,388.63,11.57,1723,1,Arah 1,6,31,6,152,1,196,0,1410,0
1700000468318,468.32,1514,0.0,330.33,160.5,1473,0,,21,46,5,0,1,73,0,1410,0
1700000468385,468.39,1608,0.0,280.78,79.5,1458,0,,19,68,6,0,3,96,0,1410,0
1700000468452,468.45,1605,254.97,276.91,240.45,1293,0,,44,71,6,0,4,125,0,1410,0
1700000468518,468.52,1574,1379.85,442.35,147.46,1693,1,Arah 1,42,20,3,108,3,176,0,1410,0
1700000468585,468.59,1421,0.0,376.0,182.68,1537,1,Arah 1,40,70,3,137,4,254,0,1410,0
1700000468652,468.65,1647,0.0,319.6,182.88,1430,0,,40,17,5,0,3,65,0,1410,1
1700000468718,468.72,1598,1514.83,498.88,481.89,1476,0,,33,39,3,0,2,77,0,1411,0
1700000468785,468.79,1445,1462.34,643.4,71.45,2114,1,Arah 1,30,67,6,217,3,323,0,1411,1
1700000468852,468.85,1403,0.0,546.89,265.71,1772,1,Arah 1,11,56,4,228,4,303,0,1412,0
1700000468918,468.92,1543,0.0,464.86,225.85,1660,1,Arah 1,33,36,3,178,3,253,0,1412,0
1700000468985,468.99,1525,0.0,395.13,180.26,1575,1,Arah 1,30,67,5,134,2,238,1,1412,1
1700000469052,469.05,1611,52.49,343.73,47.67,1607,0,,13,58,5,0,2,78,0,1414,0
1700000469118,469.12,1518,899.9,427.16,28.8,1777,1,Arah 1,35,41,6,143,1,226,0,1414,0
1700000469185,469.19,1491,0.0,363.09,176.41,1519,1,Arah 1,16,17,6,110,2,151,1,1414,0
1700000469252,469.25,1545,0.0,308.62,149.95,1442,0,,20,72,5,0,2,99,0,1414,0
1700000469318,469.32,1524,0.0,262.33,127.45,1376,0,,32,62,6,0,1,101,0,1414,0
1700000469385,469.39,1564,0.0,222.98,108.34,1320,0,,30,58,2,0,3,93,0,1414,0
1700000469452,469.45,1621,0.0,189.53,73.67,1291,0,,42,55,4,0,3,104,0,1414,0
1700000469518,469.52,1621,82.49,173.48,7.69,1325,0,,30,63,4,0,1,98,0,1414,1
1700000469585,469.59,1610,314.97,194.7,11.88,1362,0,,12,31,6,0,4,53,0,1414,0
1700000469652,469.65,1579,0.0,165.49,80.41,1238,0,,20,73,5,0,2,100,1,1415,0
1700000469718,469.72,1678,0.0,140.67,207.87,1063,0,,35,43,4,0,4,86,0,1415,0
1700000469785,469.79,1716,1237.36,305.17,263.74,1323,0,,29,15,3,0,1,48,0,1415,0
1700000469852,469.85,1513,389.96,317.89,52.04,1555,1,Arah 1,37,61,4,96,3,201,0,1415,0
1700000469918,469.92,1664,0.0,270.21,131.28,1388,0,,31,66,2,0,2,101,0,1415,0
1700000469985,469.99,1619,0.0,229.68,94.85,1346,0,,44,30,2,0,3,79,0,1415,0
1700000470052,470.05,1694,74.99,206.47,10.31,1386,0,,44,22,2,0,2,70,0,1415,0
1700000470118,470.12,1609,314.97,222.75,79.96,1348,0,,33,51,5,0,4,93,0,1416,0
1700000470185,470.19,1652,472.45,260.2,114.84,1385,0,,37,62,2,0,2,103,1,1416,0
1700000470252,470.25,1546,524.94,299.91,7.85,1564,1,Arah 1,14,74,4,133,3,228,0,1416,0
1700000470318,470.32,1582,0.0,254.93,105.44,1384,0,,36,40,4,0,4,84,0,1416,0
1700000470385,470.39,1614,82.49,229.06,19.19,1420,0,,37,48,5,0,3,93,0,1416,0
1700000470452,470.45,1571,487.45,267.82,2.11,1509,0,,4,18,4,0,1,27,0,1416,0
1700000470518,470.52,1549,0.0,227.65,63.73,1373,0,,37,16,5,0,1,59,0,1416,0
1700000470585,470.59,1785,209.98,225.0,297.38,1136,0,,39,41,6,0,3,89,0,1416,0
1700000470652,470.65,1521,1574.83,427.47,205.9,1610,1,Arah 1,42,54,4,191,3,294,0,1416,0
1700000470718,470.72,1575,0.0,363.35,176.54,1519,0,,17,43,5,0,2,67,1,1416,0
1700000470785,470.79,1535,0.0,308.85,150.06,1442,0,,22,24,3,0,2,51,0,1416,0
1700000470852,470.85,1645,0.0,262.52,114.15,1390,0,,26,49,4,0,3,82,0,1416,0
1700000470918,470.92,1660,59.99,232.14,16.68,1428,0,,42,55,3,0,4,104,0,1416,0
1700000470985,470.99,1637,359.96,251.31,27.57,1453,0,,12,15,3,0,4,34,0,1416,0
1700000471052,471.05,1612,0.0,213.62,61.94,1348,0,,5,43,4,0,3,55,0,1417,0
1700000471119,471.12,1787,742.42,292.94,178.21,1385,0,,22,16,6,0,2,46,0,1417,0
1700000471185,471.19,1513,562.44,333.36,0.86,1632,1,Arah 1,39,21,3,191,4,258,0,1418,0
1700000471252,471.25,1712,59.99,292.36,59.53,1500,0,,43,48,6,0,1,98,0,1419,0
1700000471319,471.32,1505,832.41,373.36,37.21,1671,1,Arah 1,7,59,5,199,3,273,0,1419,0
1700000471385,471.39,1601,0.0,317.36,154.19,1454,0,,30,54,6,0,1,91,0,1419,0
1700000471452,471.45,1641,0.0,269.76,74.85,1442,0,,28,24,4,0,4,60,0,1419,0
1700000471519,471.52,1712,922.4,367.65,358.25,1349,0,,15,42,2,0,4,63,0,1419,0
1700000471585,471.59,1518,1319.85,510.48,98.61,1861,1,Arah 1,27,51,3,148,4,233,0,1419,0
1700000471652,471.65,1536,0.0,433.91,210.82,1617,1,Arah 2,44,44,2,176,2,268,0,1419,0
1700000471719,471.72,1541,0.0,368.82,179.2,1527,1,Arah 2,21,73,6,0,3,103,0,1419,0
1700000471785,471.79,1635,0.0,313.5,152.32,1449,1,Arah 2,3,37,5,0,1,46,0,1419,0
1700000471852,471.85,1611,0.0,266.47,57.48,1453,1,Arah 2,6,37,5,0,3,51,1,1419,0
1700000471919,471.92,1660,322.46,274.87,34.84,1491,1,Arah 2,13,57,3,0,3,76,0,1419,0
1700000471985,471.99,1568,374.96,289.89,42.37,1512,1,Arah 2,10,28,3,0,2,43,0,1420,0
1700000472052,472.05,1610,0.0,246.4,119.72,1354,1,Arah 2,7,51,2,0,2,62,0,1420,0
1700000472119,472.12,1579,0.0,209.44,101.76,1301,1,Arah 2,37,28,3,0,2,70,0,1420,0
1700000472185,472.19,1697,0.0,178.03,10.6,1331,1,Arah 2,41,13,6,0,4,64,1,1420,0
1700000472252,472.25,1631,434.95,216.57,9.01,1406,1,Arah 2,39,42,5,0,4,90,0,1420,0
1700000472319,472.32,1639,0.0,184.08,121.49,1233,1,Arah 2,18,29,3,0,2,52,0,1420,1
1700000472385,472.39,1758,944.9,298.2,309.18,1265,1,Arah 2,18,72,2,0,2,94,0,1420,0
1700000472452,472.45,1513,922.4,391.83,51.87,1691,1,Arah 2,35,20,6,181,4,246,0,1420,0
1700000472519,472.52,1635,0.0,333.06,39.07,1595,1,Arah 2,6,20,5,0,1,32,0,1421,0
1700000472585,472.59,1685,899.9,418.08,33.21,1756,1,Arah 2,19,73,4,216,1,313,0,1421,0
1700000472652,472.65,1515,0.0,355.37,172.66,1508,1,Arah 2,7,60,3,0,2,72,0,1421,0
1700000472719,472.72,1750,0.0,302.07,99.89,1478,1,Arah 2,43,13,3,0,1,60,1,1421,0
1700000472785,472.79,1762,209.98,288.25,30.61,1520,1,Arah 2,12,48,4,0,4,68,0,1422,0
1700000472852,472.85,1722,517.44,322.63,69.54,1546,1,Arah 2,36,55,6,0,4,101,0,1422,0
1700000472919,472.92,1693,404.96,334.98,56.4,1582,1,Arah 2,20,14,5,0,4,43,0,1422,0
1700000472985,472.99,1668,0.0,284.73,138.34,1408,1,Arah 2,21,20,4,0,4,49,0,1422,0
1700000473052,473.05,1719,0.0,242.02,12.12,1451,1,Arah 2,4,33,4,0,1,42,1,1422,0
1700000473119,473.12,1731,472.45,276.59,222.39,1310,1,Arah 2,42,29,5,0,3,79,0,1422,0
1700000473185,473.19,1656,1042.38,391.46,83.56,1660,1,Arah 2,31,12,5,117,1,166,0,1422,0
1700000473252,473.25,1592,0.0,332.74,161.66,1476,1,Arah 2,19,22,6,0,3,50,0,1422,0
1700000473319,473.32,1656,0.0,282.83,108.95,1433,1,Arah 2,23,72,4,0,2,101,0,1422,0
1700000473385,473.39,1788,127.49,259.53,160.17,1339,1,Arah 2,25,55,4,0,4,88,0,1422,0
1700000473452,473.45,1639,1132.37,390.45,107.69,1636,1,Arah 2,42,25,2,0,3,72,0,1422,0
1700000473519,473.52,1637,0.0,331.89,161.25,1475,1,Arah 2,41,28,3,0,1,73,0,1422,0
1700000473585,473.59,1773,0.0,282.1,137.06,1404,1,Arah 2,13,34,5,0,3,55,0,1422,0
1700000473652,473.65,1686,0.0,239.79,76.32,1384,1,Arah 2,38,73,3,0,1,115,0,1422,0
1700000473719,473.72,1808,179.98,230.82,119.27,1324,1,Arah 2,4,17,2,0,3,26,0,1422,0
1700000473785,473.79,1662,824.91,319.93,61.2,1549,1,Arah 2,30,74,2,0,1,107,1,1422,0
1700000473852,473.85,1698,0.0,271.94,33.36,1487,1,Arah 2,11,66,6,0,2,85,0,1422,0
1700000473919,473.92,1704,442.45,297.52,28.57,1539,1,Arah 2,26,51,4,0,3,84,0,1422,1
1700000473985,473.99,1639,254.97,291.14,74.49,1483,1,Arah 2,34,52,5,0,3,94,0,1422,0
1700000474052,474.05,1670,0.0,247.46,106.84,1368,1,Arah 2,3,29,2,0,1,35,0,1422,0
1700000474119,474.12,1766,59.99,219.34,58.18,1363,1,Arah 2,17,61,2,0,2,82,0,1422,0
1700000474186,474.19,1662,667.43,286.56,36.06,1511,0,,4,24,3,0,2,33,0,1422,0
1700000474252,474.25,1677,0.0,243.57,46.36,1420,0,,38,40,6,0,4,88,0,1422,0
1700000474319,474.32,1668,322.46,255.41,39.4,1450,0,,30,42,6,0,4,82,1,1423,0
1700000474386,474.39,1634,0.0,217.1,105.48,1312,0,,32,43,4,0,4,83,0,1423,0
1700000474452,474.45,1734,0.0,184.53,89.66,1265,0,,19,57,5,0,4,85,0,1423,0
1700000474519,474.52,1664,0.0,156.85,76.21,1226,0,,34,47,2,0,4,87,0,1423,0
1700000474586,474.59,1769,0.0,133.32,64.78,1192,0,,22,37,3,0,4,66,2,1424,0
1700000474652,474.65,1740,0.0,113.33,65.47,1153,0,,42,51,3,0,1,97,0,1424,0
1700000474719,474.72,1795,539.94,177.32,331.87,1010,0,,44,37,4,0,1,86,0,1424,0
1700000474786,474.79,1668,1237.36,336.32,161.56,1483,0,,40,47,5,0,1,93,1,1424,0
1700000474852,474.85,1630,0.0,285.88,138.89,1410,0,,6,73,6,0,3,88,0,1424,0
1700000474919,474.92,1731,0.0,242.99,87.85,1379,0,,29,13,5,0,2,49,0,1424,0
1700000474986,474.99,1868,922.4,344.9,171.77,1489,0,,30,50,6,0,2,88,0,1424,0
1700000475052,475.05,1608,434.95,358.41,59.91,1622,1,Arah 1,6,20,6,93,1,126,0,1424,0
1700000475119,475.12,1810,0.0,304.65,126.25,1458,0,,14,51,5,0,3,73,1,1424,0
1700000475186,475.19,1735,97.49,273.58,107.32,1417,0,,11,65,5,0,2,83,2,1424,0
1700000475252,475.25,1797,0.0,232.54,4.2,1441,0,,19,54,3,0,2,78,0,1424,0
1700000475319,475.32,1833,524.94,276.4,82.25,1447,0,,23,47,4,0,2,76,0,1425,0
1700000475386,475.39,1727,352.46,287.81,47.27,1503,0,,33,43,6,0,1,83,1,1425,0
1700000475452,475.45,1786,0.0,244.64,118.86,1351,0,,11,64,3,0,2,80,0,1425,0
1700000475519,475.52,1842,0.0,207.94,335.9,1065,0,,8,33,4,0,4,49,0,1426,0
1700000475586,475.59,1901,1957.28,470.34,625.34,1281,0,,20,57,3,0,4,84,0,1426,0
1700000475652,475.65,1581,1522.33,628.14,94.62,2068,1,Arah 1,24,15,2,222,4,267,0,1426,0
1700000475719,475.72,1698,0.0,533.92,259.41,1754,1,Arah 1,42,47,5,169,3,266,0,1426,0
1700000475786,475.79,1644,0.0,453.83,220.5,1645,1,Arah 1,44,40,5,98,1,188,1,1426,0
1700000475852,475.85,1715,0.0,385.76,172.36,1565,0,,35,66,5,0,3,109,1,1427,0
1700000475919,475.92,1917,67.49,338.02,168.22,1479,0,,24,62,2,0,4,92,0,1427,1
1700000475986,475.99,1706,1409.84,498.79,127.92,1813,1,Arah 1,35,74,6,197,3,315,0,1427,0
1700000476052,476.05,1729,0.0,423.97,130.66,1675,0,,39,21,4,0,3,67,1,1427,0
1700000476119,476.12,1742,337.46,411.0,111.06,1670,0,,23,21,4,0,3,51,0,1427,0
1700000476186,476.19,1684,0.0,349.35,64.27,1601,0,,5,22,4,0,1,32,0,1428,0
1700000476252,476.25,1770,472.45,367.81,26.17,1672,0,,42,17,2,0,3,64,0,1428,0
1700000476319,476.32,1621,127.49,331.76,127.71,1507,0,,2,21,3,0,4,30,1,1428,0
1700000476386,476.39,1753,0.0,282.0,1.41,1536,0,,15,49,6,0,2,72,0,1428,0
1700000476452,476.45,1849,607.43,330.81,22.24,1607,0,,32,23,5,0,3,63,0,1428,0
1700000476519,476.52,1672,104.99,296.94,126.04,1443,0,,36,68,2,0,2,108,0,1428,0
1700000476586,476.59,1835,1087.38,415.51,207.58,1586,0,,20,27,5,0,3,55,0,1428,0
1700000476652,476.65,1527,554.94,436.42,66.3,1759,1,Arah 1,16,33,4,112,3,168,1,1428,0
1700000476719,476.72,1761,0.0,370.96,180.23,1530,0,,3,18,6,0,1,28,0,1428,0
1700000476786,476.79,1713,0.0,315.31,82.89,1520,0,,19,45,4,0,3,71,0,1428,0
1700000476852,476.85,1863,314.97,315.26,153.87,1451,0,,21,22,5,0,4,52,0,1428,0
1700000476919,476.92,1671,1004.89,418.71,60.48,1732,1,Arah 1,8,25,3,104,3,143,0,1428,0
1700000476986,476.99,1729,0.0,355.9,60.75,1617,0,,41,51,5,0,3,100,0,1428,0
1700000477053,477.05,1729,502.44,377.88,51.64,1666,0,,38,18,5,0,2,63,1,1428,0
1700000477119,477.12,1662,0.0,321.2,156.06,1460,0,,44,16,6,0,2,68,1,1428,1
1700000477186,477.19,1752,0.0,273.02,132.65,1392,0,,36,29,5,0,4,74,0,1429,0
1700000477253,477.25,1801,0.0,232.07,50.81,1394,0,,2,70,5,0,2,79,0,1429,0
1700000477319,477.32,1829,277.47,238.88,43.19,1415,0,,16,70,6,0,3,95,0,1429,0
1700000477386,477.39,1764,0.0,203.05,11.84,1378,0,,39,53,5,0,1,98,0,1429,0
1700000477453,477.45,1873,494.95,246.83,287.95,1188,0,,23,69,2,0,1,95,0,1429,0
1700000477519,477.52,1698,1244.86,396.53,134.27,1621,0,,13,36,5,0,2,56,0,1429,0
1700000477586,477.59,1707,0.0,337.05,163.76,1482,0,,3,25,3,0,4,35,0,1429,0
1700000477653,477.65,1779,0.0,286.5,109.06,1440,0,,2,72,3,0,2,79,0,1429,0
1700000477719,477.72,1836,134.99,263.77,270.56,1238,0,,18,62,6,0,1,87,0,1429,0
1700000477786,477.79,1761,1627.32,468.3,213.24,1678,0,,12,28,6,0,1,47,0,1429,0
1700000477853,477.85,1619,59.99,407.06,182.02,1595,0,,5,26,3,0,3,37,0,1429,0
1700000477919,477.92,1753,0.0,346.0,168.11,1495,0,,28,52,4,0,3,87,0,1429,0
1700000477986,477.99,1853,0.0,294.1,42.93,1519,0,,29,46,4,0,2,81,1,1429,0
1700000478053,478.05,1819,832.41,374.84,205.57,1512,0,,10,50,3,0,2,65,0,1430,0
1700000478119,478.12,1742,757.42,432.23,24.07,1790,1,Arah 1,36,67,2,157,2,264,0,1431,0
1700000478186,478.19,1718,157.48,391.02,148.62,1597,0,,35,40,3,0,3,81,0,1433,0
1700000478253,478.25,1721,0.0,332.37,7.6,1624,0,,5,60,5,0,1,71,0,1433,0
1700000478319,478.32,1783,757.42,396.12,128.66,1626,0,,23,53,5,0,2,83,0,1433,0
1700000478386,478.39,1620,547.44,418.82,59.72,1733,1,Arah 1,38,30,4,186,4,262,0,1433,1
1700000478453,478.45,1710,0.0,356.0,172.96,1509,0,,34,29,6,0,4,73,0,1433,0
1700000478519,478.52,1785,0.0,302.6,147.02,1433,0,,23,39,3,0,4,69,0,1433,0
1700000478586,478.59,1773,0.0,257.21,4.43,1487,0,,34,47,2,0,4,87,0,1433,0
1700000478653,478.65,1911,539.94,299.62,321.0,1256,0,,23,19,4,0,1,47,0,1433,0
1700000478719,478.72,1701,1454.84,472.9,152.32,1744,1,Arah 1,22,15,2,93,3,135,0,1433,0
1700000478786,478.79,1717,0.0,401.97,195.3,1573,0,,33,21,2,0,4,60,0,1433,0
1700000478853,478.85,1875,0.0,341.67,60.54,1591,0,,12,13,2,0,4,31,0,1433,0
1700000478919,478.92,1847,472.45,361.29,60.7,1627,0,,8,67,6,0,3,84,1,1434,0
1700000478986,478.99,1812,502.44,382.46,41.55,1684,0,,41,32,5,0,3,81,0,1435,0
1700000479053,479.05,1780,427.45,389.21,1.84,1734,0,,3,72,3,0,1,79,0,1435,0
1700000479119,479.12,1755,352.46,383.7,83.81,1646,0,,41,16,6,0,4,67,0,1436,0
1700000479186,479.19,1733,45.0,332.89,149.92,1488,0,,9,43,3,0,1,56,0,1436,0
1700000479253,479.25,1749,0.0,282.96,137.48,1406,0,,9,43,5,0,1,58,0,1437,0
1700000479319,479.32,1852,0.0,240.51,116.86,1345,0,,19,31,5,0,2,57,0,1437,0
1700000479386,479.39,1816,0.0,204.44,99.33,1294,0,,17,21,3,0,4,45,0,1437,0
1700000479453,479.45,1866,0.0,173.77,374.26,1000,0,,27,69,2,0,1,99,0,1438,0
1700000479519,479.52,1841,2054.77,455.92,318.12,1555,0,,21,28,6,0,1,56,0,1439,0
1700000479586,479.59,1592,0.0,387.53,188.29,1553,0,,22,52,2,0,2,78,0,1439,0
1700000479653,479.65,1884,0.0,329.4,160.04,1471,0,,21,25,6,0,3,55,0,1440,0
1700000479719,479.72,1751,0.0,279.99,136.04,1401,0,,29,58,5,0,4,96,0,1440,0
1700000479786,479.79,1964,0.0,237.99,227.55,1231,0,,9,14,4,0,4,31,0,1440,0
1700000479853,479.85,1850,1537.33,432.89,193.42,1632,0,,15,74,3,0,2,94,0,1440,0
1700000479919,479.92,1759,0.0,367.96,178.78,1525,0,,8,24,2,0,1,35,0,1440,0
1700000479986,479.99,1893,0.0,312.77,151.96,1448,0,,11,60,4,0,1,76,0,1441,0
1700000480053,480.05,4410,0.0,265.85,129.17,1381,0,,21,46,6,0,4,77,0,1442,0
1700000480120,480.12,4525,0.0,225.97,171.45,1263,0,,40,44,6,0,4,94,0,1442,0
1700000480186,480.19,4593,1259.86,381.06,164.15,1564,0,,13,41,3,0,1,58,0,1442,0
1700000480253,480.25,4357,82.49,336.27,141.72,1502,0,,29,39,4,0,4,76,1,1442,0
1700000480320,480.32,4582,0.0,285.83,77.08,1470,0,,15,41,3,0,2,61,0,1442,1
1700000480386,480.39,4514,967.39,388.07,65.52,1671,0,,29,43,2,0,4,78,0,1442,0
1700000480453,480.45,4453,0.0,329.86,160.26,1472,0,,25,35,4,0,4,68,0,1442,0
1700000480520,480.52,4528,0.0,280.38,136.22,1402,0,,16,17,3,0,4,40,0,1443,0
1700000480586,480.59,4550,0.0,238.32,75.61,1382,0,,16,20,3,0,2,41,0,1443,0
1700000480653,480.65,4607,179.98,229.57,196.88,1245,0,,21,22,4,0,4,51,0,1443,0
1700000480720,480.72,4526,1169.87,370.61,127.17,1580,0,,10,56,6,0,2,74,1,1443,0
1700000480786,480.79,4451,0.0,315.02,153.06,1451,0,,37,73,3,0,3,116,0,1443,0
1700000480853,480.85,4527,0.0,267.77,23.92,1488,0,,25,47,4,0,2,78,0,1443,0
1700000480920,480.92,4619,689.92,331.09,20.33,1610,0,,36,37,3,0,3,79,1,1443,0
1700000480986,480.99,4435,0.0,281.43,136.73,1403,0,,13,50,2,0,3,68,0,1443,0
1700000481053,481.05,4621,0.0,239.21,82.99,1376,0,,33,53,5,0,3,94,0,1443,0
1700000481120,481.12,4548,892.4,337.19,182.7,1464,0,,26,55,4,0,1,86,0,1443,1
1700000481186,481.19,4502,502.44,361.98,43.92,1644,0,,25,28,3,0,2,58,0,1444,0
1700000481253,481.25,4481,0.0,307.68,74.16,1514,0,,22,23,3,0,3,51,0,1444,0
1700000481320,481.32,4519,337.46,312.15,63.03,1533,0,,9,65,5,0,3,82,1,1444,0
1700000481386,481.39,4436,0.0,265.33,128.91,1381,0,,4,22,6,0,1,33,0,1444,0
1700000481453,481.45,4547,0.0,225.53,91.16,1342,0,,2,28,2,0,4,36,0,1445,0
1700000481520,481.52,4470,82.49,204.07,60.75,1331,1,Arah 2,29,34,4,0,2,69,0,1446,0
1700000481586,481.59,4536,74.99,184.71,70.05,1285,1,Arah 2,12,24,6,0,4,46,0,1446,0
1700000481653,481.65,4460,0.0,157.0,122.93,1179,1,Arah 2,33,56,4,0,1,94,0,1446,0
1700000481720,481.72,4640,892.4,267.31,146.34,1367,1,Arah 2,12,42,4,0,3,61,1,1446,0
1700000481786,481.79,4341,187.48,255.34,74.82,1415,1,Arah 2,40,17,4,0,4,65,0,1446,0
1700000481853,481.85,4615,0.0,217.04,43.54,1373,1,Arah 2,35,29,3,0,1,68,0,1446,0
1700000481920,481.92,4445,667.43,284.6,37.01,1507,1,Arah 2,28,24,3,0,3,58,1,1446,0
1700000481986,481.99,4526,0.0,241.91,85.03,1379,1,Arah 2,20,54,5,0,4,83,0,1446,0
1700000482053,482.05,4494,907.4,341.73,72.27,1579,1,Arah 2,39,63,2,0,3,107,0,1446,0
1700000482120,482.12,4405,0.0,290.47,141.13,1416,1,Arah 2,8,27,5,0,1,41,0,1446,0
1700000482186,482.19,4671,0.0,246.9,233.27,1242,1,Arah 2,6,16,6,0,3,31,0,1446,0
1700000482253,482.25,4541,1582.32,447.21,435.99,1424,1,Arah 2,7,41,6,0,2,56,1,1446,0
1700000482320,482.32,4460,1064.88,539.86,17.37,1986,1,Arah 2,42,45,2,0,3,92,0,1446,0
1700000482386,482.39,4399,0.0,458.88,222.95,1652,1,Arah 2,21,53,3,0,3,80,0,1446,0
1700000482453,482.45,4470,0.0,390.05,189.51,1556,1,Arah 2,14,40,5,0,2,61,0,1446,0
1700000482520,482.52,4438,0.0,331.54,161.08,1474,1,Arah 2,19,20,5,0,1,45,0,1446,0
1700000482586,482.59,4649,0.0,281.81,127.58,1413,1,Arah 2,34,65,3,0,4,106,0,1446,0
1700000482653,482.65,4568,1184.87,417.27,125.18,1668,1,Arah 2,9,64,2,0,2,77,0,1446,0
1700000482720,482.72,4491,74.99,365.93,158.09,1542,1,Arah 2,12,36,5,0,4,57,0,1446,0
1700000482786,482.79,4558,0.0,311.04,46.42,1547,1,Arah 2,11,16,5,0,3,35,0,1446,0
1700000482853,482.85,4560,884.9,397.12,39.45,1713,1,Arah 2,27,69,4,0,3,103,0,1446,0
1700000482920,482.92,4440,0.0,337.55,164.0,1483,1,Arah 2,29,42,4,0,4,79,0,1447,0
1700000482986,482.99,4757,0.0,286.92,203.78,1348,1,Arah 2,15,34,2,0,1,52,0,1448,0
1700000483053,483.05,4479,1537.33,474.48,385.82,1524,1,Arah 2,41,35,6,0,1,83,0,1448,0
1700000483120,483.12,4552,952.39,546.17,170.58,1858,1,Arah 2,26,29,4,0,3,62,0,1448,0
1700000483187,483.19,4352,832.41,589.1,67.61,2026,1,Arah 2,43,12,5,0,4,64,2,1448,0
1700000483253,483.25,4441,0.0,500.74,243.29,1709,1,Arah 2,31,30,6,0,3,70,0,1448,0
1700000483320,483.32,4467,0.0,425.63,156.57,1654,1,Arah 2,5,57,5,0,3,70,1,1449,0
1700000483387,483.39,4465,224.98,395.53,133.09,1621,1,Arah 2,33,23,2,0,4,62,0,1449,0
1700000483453,483.45,4437,0.0,336.2,154.97,1489,1,Arah 2,10,20,2,0,1,33,0,1449,0
1700000483520,483.52,4565,37.5,291.39,7.22,1548,1,Arah 2,38,34,5,0,4,81,0,1449,0
1700000483587,483.59,4432,622.43,341.05,2.24,1645,1,Arah 2,19,40,6,0,1,66,0,1449,0
1700000483653,483.65,4482,0.0,289.89,140.85,1415,1,Arah 2,16,14,6,0,1,37,1,1450,0
1700000483720,483.72,4487,0.0,246.41,119.72,1354,1,Arah 2,4,65,6,0,1,76,0,1450,0
1700000483787,483.79,4497,0.0,209.45,9.69,1392,1,Arah 2,15,34,6,0,1,56,0,1450,0
1700000483853,483.85,4500,412.45,239.9,23.57,1436,1,Arah 2,4,48,2,0,1,55,1,1450,0
1700000483920,483.92,4442,142.48,225.29,72.04,1361,1,Arah 2,19,14,3,0,3,39,0,1450,0
1700000483987,483.99,4481,0.0,191.49,93.04,1275,0,,10,33,4,0,2,49,1,1450,0
1700000484053,484.05,4571,0.0,162.77,79.08,1234,0,,17,24,6,0,1,48,0,1451,0
1700000484120,484.12,4522,0.0,138.35,163.8,1103,0,,28,48,4,0,1,81,0,1452,0
1700000484187,484.19,4577,1034.89,272.83,276.5,1249,0,,28,34,3,0,4,69,0,1452,0
1700000484253,484.25,4384,614.93,324.15,4.01,1612,0,,9,29,4,0,1,43,0,1452,0
1700000484320,484.32,4495,0.0,275.53,1.62,1524,0,,19,55,3,0,1,78,0,1452,1
1700000484387,484.39,4580,592.43,323.06,261.45,1360,0,,36,20,3,0,4,63,0,1452,0
1700000484453,484.45,4416,1177.37,451.21,89.98,1763,0,,32,70,6,0,2,110,0,1453,0
1700000484520,484.52,4423,0.0,383.53,186.34,1547,0,,19,74,3,0,2,98,0,1453,0
1700000484587,484.59,4552,0.0,326.0,113.19,1510,0,,34,38,6,0,1,79,0,1453,0
1700000484653,484.65,4655,202.48,307.47,298.87,1293,0,,33,17,2,0,4,56,1,1453,0
1700000484720,484.72,4525,1769.8,526.82,208.84,1788,0,,35,31,6,0,1,73,0,1454,0
1700000484787,484.79,4419,0.0,447.8,217.57,1636,0,,20,48,4,0,2,74,1,1455,0
1700000484853,484.85,4532,0.0,380.63,61.15,1662,0,,10,55,4,0,1,70,0,1455,0
1700000484920,484.92,4475,1102.38,488.89,154.1,1771,0,,27,31,3,0,4,65,0,1455,0
1700000484987,484.99,4385,457.45,484.17,115.1,1799,0,,8,50,3,0,3,64,1,1455,0
1700000485053,485.05,4414,0.0,411.55,199.95,1586,0,,5,37,2,0,3,47,0,1455,0
1700000485120,485.12,4567,0.0,349.82,169.96,1500,0,,32,42,3,0,4,81,0,1455,0
1700000485187,485.19,4654,0.0,297.34,56.42,1512,0,,17,45,5,0,3,70,0,1455,0
1700000485253,485.25,4593,899.9,387.73,427.97,1319,0,,39,36,2,0,4,81,0,1455,0
1700000485320,485.32,4534,1702.31,584.91,266.68,1839,0,,44,50,6,0,2,102,1,1455,0
1700000485387,485.39,4366,464.95,566.92,153.33,1911,0,,3,16,5,0,3,27,0,1455,0
1700000485453,485.45,4472,0.0,481.88,234.13,1683,0,,26,15,5,0,3,49,0,1455,0
1700000485520,485.52,4385,0.0,409.6,199.01,1583,0,,14,29,6,0,4,53,0,1455,0
1700000485587,485.59,4544,0.0,348.16,11.64,1649,0,,14,62,6,0,1,83,0,1455,0
1700000485653,485.65,4521,809.91,417.42,132.1,1662,0,,19,14,2,0,4,39,1,1455,0
1700000485720,485.72,4436,547.44,436.92,68.51,1757,0,,7,61,5,0,3,76,1,1455,0
1700000485787,485.79,4448,0.0,371.39,180.44,1530,0,,13,12,4,0,2,31,0,1455,0
1700000485853,485.85,4466,0.0,315.68,68.0,1535,0,,39,64,5,0,2,110,1,1455,0
1700000485920,485.92,4534,382.46,325.69,266.97,1359,0,,28,12,6,0,4,50,0,1455,0
1700000485987,485.99,4415,1454.84,495.07,141.55,1794,0,,37,51,6,0,1,95,0,1455,0
1700000486054,486.05,4340,0.0,420.81,204.45,1599,0,,3,24,2,0,2,31,0,1455,0
1700000486120,486.12,4441,0.0,357.69,155.37,1529,0,,44,44,4,0,1,93,0,1455,0
1700000486187,486.19,4412,82.49,316.41,132.06,1474,0,,12,66,3,0,3,84,1,1455,0
1700000486254,486.25,4430,0.0,268.95,130.67,1386,0,,8,12,2,0,1,23,1,1455,0
1700000486320,486.32,4467,0.0,228.6,111.07,1328,0,,11,16,4,0,1,32,0,1455,0
1700000486387,486.39,4478,0.0,194.31,70.97,1303,0,,7,59,6,0,2,74,1,1455,0
1700000486454,486.45,4541,104.99,180.91,60.33,1287,0,,27,25,4,0,1,57,1,1456,0
1700000486520,486.52,4464,0.0,153.78,74.71,1221,0,,5,63,3,0,1,72,0,1456,0
1700000486587,486.59,4633,0.0,130.71,189.27,1062,0,,32,29,6,0,4,71,0,1456,0
1700000486654,486.65,4499,1132.37,280.96,298.16,1243,0,,32,74,6,0,3,115,1,1456,0
1700000486720,486.72,4482,614.93,331.06,109.46,1524,0,,10,25,4,0,1,40,0,1456,0
1700000486787,486.79,4417,487.45,354.51,44.23,1630,0,,17,67,5,0,3,92,0,1457,1
1700000486854,486.85,4417,0.0,301.34,146.41,1432,0,,36,44,3,0,4,87,1,1458,0
1700000486920,486.92,4488,0.0,256.14,117.75,1374,0,,9,38,4,0,2,53,1,1459,0
1700000486987,486.99,4526,30.0,222.22,56.56,1370,0,,21,27,5,0,3,56,0,1459,0
1700000487054,487.05,4484,194.98,218.13,54.77,1364,0,,43,18,4,0,1,66,0,1459,0
1700000487120,487.12,4500,0.0,185.41,90.08,1267,0,,39,62,4,0,1,106,0,1459,0
1700000487187,487.19,4520,0.0,157.6,76.57,1227,0,,37,62,3,0,2,104,0,1459,0
1700000487254,487.25,4503,0.0,133.96,6.49,1251,0,,16,58,6,0,3,83,2,1459,0
1700000487320,487.32,4686,262.47,153.24,344.36,1000,0,,17,59,4,0,2,82,0,1459,0
1700000487387,487.39,4468,1567.33,365.35,234.11,1467,0,,20,49,5,0,1,75,0,1459,0
1700000487454,487.45,4477,0.0,310.55,150.88,1445,0,,41,36,4,0,2,83,0,1459,1
1700000487520,487.52,4611,0.0,263.96,147.97,1359,0,,16,62,5,0,2,85,0,1459,0
1700000487587,487.59,4531,1237.36,409.97,206.13,1577,0,,12,72,3,0,2,89,1,1459,0
1700000487654,487.65,4446,359.96,402.47,34.05,1727,0,,35,31,2,0,2,70,0,1460,0
1700000487720,487.72,4483,299.97,387.1,109.29,1628,0,,30,62,2,0,4,98,0,1460,0
1700000487787,487.79,4406,0.0,329.03,159.86,1471,0,,35,22,3,0,4,64,0,1461,0
1700000487854,487.85,4545,0.0,279.68,66.68,1469,0,,40,39,5,0,1,85,1,1462,0
1700000487920,487.92,4665,907.4,373.84,289.37,1429,0,,38,62,5,0,4,109,0,1462,0
1700000487987,487.99,4424,1042.38,474.12,48.43,1843,0,,8,45,5,0,4,62,0,1462,0
1700000488054,488.05,4526,22.5,406.37,173.12,1602,0,,36,16,6,0,1,59,0,1462,0
1700000488120,488.12,4421,82.49,357.79,152.17,1532,0,,36,62,5,0,2,105,0,1462,0
1700000488187,488.19,4515,0.0,304.12,97.54,1485,0,,19,13,6,0,2,40,0,1462,0
1700000488254,488.25,4632,224.98,292.25,159.83,1401,0,,27,30,3,0,1,61,0,1463,0
1700000488320,488.32,4485,1087.38,411.52,85.63,1695,0,,6,67,6,0,2,81,0,1463,0
1700000488387,488.39,4487,0.0,349.79,74.46,1592,0,,35,59,6,0,2,102,1,1463,0
1700000488454,488.45,4517,1094.88,461.56,63.29,1807,0,,29,39,2,0,2,72,0,1464,0
1700000488520,488.52,4341,0.0,392.32,190.61,1559,0,,44,37,2,0,3,86,0,1464,0
1700000488587,488.59,4535,0.0,333.47,106.78,1531,0,,18,72,6,0,3,99,0,1464,0
1700000488654,488.65,4395,247.47,320.57,90.76,1522,0,,27,58,3,0,1,89,0,1464,0
1700000488720,488.72,4502,0.0,272.49,14.93,1506,0,,6,64,6,0,3,79,0,1464,0
1700000488787,488.79,4583,659.93,330.6,12.69,1616,0,,22,41,3,0,1,67,0,1465,0
1700000488854,488.85,4414,0.0,281.01,136.53,1403,0,,23,72,6,0,2,103,0,1465,0
1700000488920,488.92,4621,0.0,238.86,93.2,1365,0,,38,67,4,0,4,113,1,1465,1
1700000488987,488.99,4522,937.4,343.64,196.41,1463,0,,15,21,4,0,1,41,0,1465,0
1700000489054,489.05,4496,524.94,370.84,42.31,1662,0,,30,44,6,0,1,81,1,1466,0
1700000489121,489.12,4452,0.0,315.21,153.15,1451,0,,23,27,3,0,1,54,0,1467,0
1700000489187,489.19,4537,0.0,267.93,120.13,1394,0,,8,43,3,0,4,58,0,1468,0
1700000489254,489.25,4535,44.99,234.49,88.72,1362,0,,28,43,6,0,3,80,0,1469,0
1700000489321,489.32,4531,59.99,208.31,85.46,1315,0,,13,63,6,0,3,85,0,1469,0
1700000489387,489.39,4527,0.0,177.07,65.94,1275,0,,33,27,2,0,1,63,0,1469,0
1700000489454,489.45,4533,89.99,164.01,12.59,1302,0,,3,59,4,0,4,70,0,1469,0
1700000489521,489.52,4515,307.47,185.52,9.39,1347,0,,35,27,5,0,3,70,0,1469,0
1700000489587,489.59,4492,0.0,157.7,68.25,1235,0,,28,26,2,0,2,58,0,1470,0
1700000489654,489.65,4584,37.5,139.67,109.39,1160,0,,4,13,2,0,4,23,0,1470,0
1700000489721,489.72,4487,749.92,231.2,84.62,1359,0,,10,12,6,0,4,32,0,1470,0
1700000489787,489.79,4484,0.0,196.52,16.8,1360,0,,36,48,2,0,2,88,0,1470,0
1700000489854,489.85,4507,352.46,219.91,14.28,1407,0,,3,51,3,0,1,58,0,1470,0
1700000489921,489.92,4437,0.0,186.93,90.82,1269,0,,27,30,2,0,1,60,0,1471,0
1700000489987,489.99,4511,0.0,158.89,77.2,1229,0,,13,41,5,0,3,62,0,1471,0
1700000490054,490.05,4480,0.0,135.05,65.62,1194,0,,20,53,3,0,2,78,1,1471,0
1700000490121,490.12,4590,0.0,114.8,123.35,1098,0,,29,51,4,0,4,88,0,1471,0
1700000490187,490.19,4532,802.41,217.94,104.85,1314,0,,36,57,6,0,2,101,0,1471,0
1700000490254,490.25,4483,0.0,185.25,36.43,1319,0,,41,32,2,0,1,76,0,1471,0
1700000490321,490.32,4554,239.97,193.46,9.21,1362,0,,2,34,6,0,3,45,1,1471,0
1700000490387,490.39,4451,97.49,179.06,61.4,1283,0,,36,32,6,0,3,77,0,1471,1
1700000490454,490.45,4541,0.0,152.2,73.95,1219,0,,38,30,5,0,2,75,0,1471,0
1700000490521,490.52,4541,0.0,129.37,40.93,1208,0,,2,52,3,0,4,61,0,1471,0
1700000490587,490.59,4557,464.95,179.71,334.45,1012,0,,4,73,2,0,1,80,0,1471,0
1700000490654,490.65,4479,1342.35,354.1,227.36,1452,0,,21,43,2,0,3,69,0,1471,0
1700000490721,490.72,4378,209.98,332.49,106.4,1529,0,,10,47,3,0,3,63,0,1471,0
1700000490787,490.79,4451,0.0,282.61,137.31,1405,0,,14,24,6,0,2,46,0,1472,0
1700000490854,490.85,4501,0.0,240.22,33.01,1427,0,,44,13,3,0,1,61,1,1472,0
1700000490921,490.92,4466,374.96,260.43,132.65,1368,0,,16,70,3,0,4,93,1,1472,0
1700000490987,490.99,4451,719.92,329.35,104.38,1525,0,,15,22,2,0,4,43,2,1472,0
1700000491054,491.05,4370,337.46,330.57,71.98,1559,0,,43,40,2,0,1,86,0,1473,0
1700000491121,491.12,4406,0.0,280.99,57.84,1480,0,,5,30,3,0,3,41,0,1473,0
1700000491187,491.19,4482,352.46,291.71,41.24,1516,0,,19,12,3,0,1,35,0,1473,0
1700000491254,491.25,4359,404.96,308.69,16.84,1571,0,,38,31,6,0,1,76,1,1473,0
1700000491321,491.32,4428,119.99,280.39,104.72,1433,1,Arah 2,40,21,2,0,3,66,0,1473,0
1700000491387,491.39,4343,0.0,238.33,81.74,1376,1,Arah 2,12,23,3,0,1,39,0,1473,0
1700000491454,491.45,4479,884.9,335.32,215.12,1429,1,Arah 2,42,19,2,0,4,67,0,1473,0
1700000491521,491.52,4225,652.43,382.88,14.68,1710,1,Arah 2,37,28,5,0,1,71,0,1473,0
1700000491587,491.59,4392,0.0,325.45,2.44,1616,1,Arah 2,8,44,4,0,1,57,0,1473,0
1700000491654,491.65,4420,697.42,381.25,2.07,1719,1,Arah 2,23,30,4,0,4,61,0,1473,0
1700000491721,491.72,4299,0.0,324.06,157.45,1464,1,Arah 2,44,47,4,0,2,97,0,1473,0
1700000491787,491.79,4440,0.0,275.45,63.52,1464,1,Arah 2,7,38,3,0,4,52,0,1473,0
1700000491854,491.85,4323,314.97,281.38,53.99,1484,1,Arah 2,18,58,5,0,4,85,0,1473,0
1700000491921,491.92,4398,0.0,239.17,116.2,1343,1,Arah 2,19,30,5,0,1,55,2,1473,0
1700000491987,491.99,4416,0.0,203.3,31.81,1358,1,Arah 2,38,46,3,0,1,88,0,1473,0
1700000492054,492.05,4500,299.97,217.8,1.93,1415,1,Arah 2,15,53,6,0,3,77,0,1474,0
1700000492121,492.12,4376,112.49,202.0,68.6,1320,1,Arah 2,37,50,2,0,3,92,1,1474,0
1700000492188,492.19,4485,0.0,171.7,65.57,1265,1,Arah 2,29,66,3,0,4,102,0,1474,0
1700000492254,492.25,4405,667.43,246.06,55.73,1416,1,Arah 2,7,43,5,0,1,56,0,1474,0
1700000492321,492.32,4396,0.0,209.15,101.62,1301,1,Arah 2,28,46,5,0,4,83,0,1474,0
1700000492388,492.39,4513,0.0,177.78,1.0,1340,1,Arah 2,19,62,6,0,4,91,0,1476,0
1700000492454,492.45,4481,382.46,208.48,183.3,1218,1,Arah 2,6,59,5,0,4,74,1,1476,0
1700000492521,492.52,4462,824.91,300.94,100.56,1476,1,Arah 2,30,51,3,0,2,86,0,1476,0
1700000492588,492.59,4371,134.99,276.05,46.77,1481,1,Arah 2,25,50,2,0,1,78,0,1476,0
1700000492654,492.65,4444,232.47,269.51,407.21,1112,1,Arah 2,38,36,4,0,1,79,0,1476,0
1700000492721,492.72,4340,2137.26,549.68,294.24,1750,1,Arah 2,39,51,3,0,1,94,1,1477,0
1700000492788,492.79,4159,0.0,467.22,227.0,1663,1,Arah 2,5,65,6,0,4,80,0,1477,0
1700000492854,492.85,4501,0.0,397.14,48.99,1704,1,Arah 2,17,57,6,0,3,83,0,1477,0
1700000492921,492.92,4290,644.93,434.31,41.64,1778,1,Arah 2,35,72,4,0,4,115,0,1477,0
1700000492988,492.99,4415,0.0,369.16,91.84,1611,1,Arah 2,38,13,4,0,1,56,0,1477,0
1700000493054,493.05,4311,1214.87,496.02,101.5,1833,1,Arah 2,20,35,4,0,4,63,0,1477,0
1700000493121,493.12,4253,104.99,437.36,184.92,1648,1,Arah 2,13,45,5,0,1,64,0,1477,0
1700000493188,493.19,4297,0.0,371.76,180.62,1531,1,Arah 2,16,35,3,0,3,57,0,1477,0
1700000493254,493.25,4311,0.0,316.0,108.33,1496,1,Arah 2,23,59,3,0,3,88,0,1477,0
1700000493321,493.32,4371,202.48,298.97,35.16,1536,1,Arah 2,24,37,4,0,3,68,0,1477,0
1700000493388,493.39,4284,254.97,292.37,75.09,1484,1,Arah 2,20,39,3,0,2,64,0,1477,0
1700000493454,493.45,4337,0.0,248.51,75.54,1401,1,Arah 2,6,74,4,0,2,86,0,1477,0
1700000493521,493.52,4368,202.48,241.61,299.06,1167,1,Arah 2,17,40,6,0,3,66,0,1477,0
1700000493588,493.59,4310,1627.32,449.46,478.52,1386,1,Arah 2,16,54,2,0,2,74,0,1477,0
1700000493654,493.65,4151,1207.37,563.15,43.47,2003,1,Arah 2,3,21,4,0,4,32,0,1477,0
1700000493721,493.72,4149,0.0,478.68,232.57,1679,1,Arah 2,32,37,3,0,3,75,0,1477,0
1700000493788,493.79,4352,0.0,406.88,197.68,1580,1,Arah 2,36,33,6,0,1,76,0,1478,0
1700000493854,493.85,4189,0.0,345.84,168.03,1494,0,,43,65,4,0,2,114,0,1479,0
1700000493921,493.92,4354,0.0,293.97,59.12,1503,0,,14,34,2,0,3,53,0,1480,0
1700000493988,493.99,4260,374.96,306.12,50.26,1534,0,,32,34,2,0,4,72,1,1481,0
1700000494054,494.05,4304,0.0,260.2,10.85,1486,0,,36,21,6,0,3,66,0,1481,0
1700000494121,494.12,4356,614.93,313.41,9.22,1587,0,,39,24,2,0,4,69,0,1482,0
1700000494188,494.19,4222,0.0,266.4,129.43,1382,0,,18,17,5,0,4,44,0,1482,0
1700000494254,494.25,4357,0.0,226.44,81.56,1353,0,,10,72,4,0,2,88,0,1483,0
1700000494321,494.32,4329,127.49,211.59,69.32,1337,0,,39,15,4,0,2,60,1,1483,0
1700000494388,494.39,4340,0.0,179.86,85.71,1260,0,,44,74,2,0,4,124,0,1483,0
1700000494454,494.45,4435,7.5,154.0,123.01,1174,0,,10,73,6,0,4,93,0,1483,0
1700000494521,494.52,4339,877.4,262.51,271.96,1234,0,,22,74,5,0,2,103,1,1483,0
1700000494588,494.59,4318,757.42,336.75,169.23,1476,0,,17,57,3,0,1,78,0,1483,0
1700000494654,494.65,4238,599.93,376.23,25.23,1688,0,,33,13,6,0,1,53,1,1484,0
1700000494721,494.72,4238,0.0,319.79,155.37,1458,0,,9,71,5,0,2,87,0,1485,0
1700000494788,494.79,4384,0.0,271.82,75.52,1445,0,,11,25,6,0,3,45,0,1485,0
1700000494854,494.85,4240,929.9,370.53,176.35,1533,0,,20,20,4,0,4,48,0,1485,0
1700000494921,494.92,4260,502.44,390.32,47.78,1692,0,,19,12,5,0,3,39,0,1486,0
1700000494988,494.99,4173,472.45,402.64,71.55,1692,0,,19,38,4,0,4,65,0,1486,0
1700000495055,495.06,4197,0.0,342.24,99.89,1554,0,,28,49,5,0,1,83,0,1486,0
1700000495121,495.12,4366,1192.37,469.76,314.25,1584,0,,9,19,3,0,1,32,0,1486,0
1700000495188,495.19,4038,1027.39,553.41,0.94,2024,0,,41,17,2,0,2,62,1,1486,0
1700000495255,495.26,4229,0.0,470.39,9.17,1872,0,,8,14,3,0,2,27,0,1486,0
1700000495321,495.32,4206,1064.88,559.57,7.79,2028,0,,40,47,4,0,1,92,0,1486,0
1700000495388,495.39,4087,0.0,475.63,231.09,1675,0,,25,53,2,0,2,82,0,1486,0
1700000495455,495.46,4246,0.0,404.29,64.18,1702,0,,6,58,5,0,2,71,2,1486,0
1700000495521,495.52,4258,592.43,432.51,54.55,1763,0,,17,44,6,0,4,71,0,1486,0
1700000495588,495.59,4167,0.0,367.63,178.62,1525,0,,6,25,6,0,3,40,0,1486,0
1700000495655,495.66,4314,0.0,312.49,13.91,1581,0,,39,40,3,0,4,86,0,1486,1
1700000495721,495.72,4278,742.42,376.98,125.66,1593,0,,42,45,4,0,1,92,0,1486,0
1700000495788,495.79,4215,509.94,396.92,31.48,1720,0,,35,55,2,0,4,96,0,1487,0
1700000495855,495.86,4210,404.96,398.13,87.08,1669,0,,32,64,6,0,4,106,0,1487,0
1700000495921,495.92,4161,0.0,338.41,164.42,1484,0,,36,16,5,0,3,60,2,1487,0
1700000495988,495.99,4283,0.0,287.65,143.16,1409,0,,24,72,5,0,4,105,0,1487,0
1700000496055,496.06,4250,1267.36,434.6,121.69,1703,0,,20,29,5,0,1,55,0,1487,0
1700000496121,496.12,4114,0.0,369.41,179.48,1527,0,,28,34,2,0,3,67,0,1487,0
1700000496188,496.19,4268,0.0,314.0,43.3,1556,0,,44,47,2,0,1,94,0,1487,0
1700000496255,496.26,4148,877.4,398.51,36.81,1718,0,,21,67,2,0,1,91,0,1488,1
1700000496321,496.32,4151,0.0,338.73,32.33,1612,0,,43,19,6,0,2,70,0,1488,0
1700000496388,496.39,4203,592.43,376.79,27.48,1687,0,,43,56,6,0,4,109,0,1488,0
1700000496455,496.46,4072,0.0,320.27,71.9,1540,0,,35,39,6,0,3,83,0,1489,0
1700000496521,496.52,4372,374.96,328.47,307.17,1325,0,,25,38,4,0,3,70,0,1489,0
1700000496588,496.59,4022,1649.82,526.68,177.39,1817,0,,10,32,5,0,4,51,0,1489,0
1700000496655,496.66,4152,0.0,447.67,217.51,1636,0,,41,31,2,0,4,78,0,1489,0
1700000496721,496.72,4107,0.0,380.52,181.74,1546,0,,36,61,6,0,1,104,0,1489,0
1700000496788,496.79,4265,1642.32,569.79,248.22,1829,0,,5,42,6,0,3,56,0,1489,0
1700000496855,496.86,3888,419.95,547.32,155.63,1874,0,,40,34,2,0,2,78,0,1490,0
1700000496921,496.92,4209,0.0,465.22,33.51,1841,0,,29,25,5,0,1,60,0,1491,0
1700000496988,496.99,4168,862.4,524.8,16.77,1961,0,,23,72,5,0,4,104,0,1491,0
1700000497055,497.06,4094,52.49,453.95,52.76,1803,0,,17,73,2,0,1,93,0,1491,0
1700000497121,497.12,4161,689.92,489.35,53.21,1865,0,,30,54,3,0,1,88,0,1491,0
1700000497188,497.19,4002,15.0,418.19,199.24,1599,0,,7,71,5,0,2,85,0,1491,0
1700000497255,497.26,4159,0.0,355.47,172.71,1508,0,,17,43,2,0,1,63,0,1491,0
1700000497321,497.32,4069,0.0,302.15,146.8,1433,0,,6,22,2,0,4,34,0,1491,0
1700000497388,497.39,4169,0.0,256.82,66.19,1426,0,,43,73,2,0,4,122,0,1491,0
1700000497455,497.46,4187,262.47,257.67,116.17,1379,0,,28,58,4,0,4,94,0,1491,0
1700000497521,497.52,4134,772.41,334.88,40.15,1598,0,,17,44,3,0,4,68,0,1491,0
1700000497588,497.59,4084,0.0,284.65,138.3,1408,0,,23,17,6,0,1,47,0,1491,0
1700000497655,497.66,4175,0.0,241.95,115.88,1349,0,,21,72,5,0,3,101,0,1491,0
1700000497721,497.72,4126,7.5,206.78,98.5,1299,0,,11,64,3,0,3,81,1,1491,0
1700000497788,497.79,4174,0.0,175.77,170.73,1168,0,,3,12,2,0,3,20,0,1492,0
1700000497855,497.86,4157,1147.37,321.51,349.36,1270,0,,41,35,4,0,2,82,0,1492,0
1700000497921,497.92,4021,914.9,410.52,40.82,1736,0,,21,58,6,0,2,87,0,1492,0
1700000497988,497.99,4035,0.0,348.94,169.53,1499,0,,39,30,3,0,3,75,1,1492,0
1700000498055,498.06,4176,0.0,296.6,19.95,1546,0,,16,59,5,0,3,83,0,1492,0
1700000498122,498.12,4052,734.92,362.35,144.19,1548,0,,30,27,2,0,4,63,0,1492,0
1700000498188,498.19,4078,569.94,393.48,47.23,1699,0,,6,14,5,0,1,26,0,1492,0
1700000498255,498.26,3976,397.46,394.08,87.08,1662,0,,26,60,5,0,3,94,0,1492,0
1700000498322,498.32,4025,0.0,334.97,125.92,1515,0,,16,43,2,0,2,63,0,1492,0
1700000498388,498.39,4135,164.98,309.47,90.51,1502,0,,21,15,6,0,3,45,1,1492,0
1700000498455,498.46,4003,884.9,395.79,40.1,1710,0,,28,53,3,0,4,88,0,1492,1
1700000498522,498.52,4017,0.0,336.42,163.45,1481,0,,36,67,4,0,2,109,0,1492,0
1700000498588,498.59,4160,0.0,285.95,73.67,1474,0,,27,23,4,0,4,58,0,1492,0
1700000498655,498.66,4113,952.39,385.92,250.11,1490,0,,42,29,6,0,2,79,0,1492,0
1700000498722,498.72,4033,839.91,454.02,0.01,1852,0,,10,47,3,0,4,64,0,1494,0
1700000498788,498.79,4001,0.0,385.92,187.5,1550,0,,12,15,2,0,2,31,0,1494,0
1700000498855,498.86,4227,0.0,328.03,254.12,1376,0,,23,28,3,0,2,56,0,1495,0
1700000498922,498.92,4065,1852.29,556.67,383.4,1679,0,,34,37,4,0,1,76,0,1496,0
1700000498988,498.99,3980,749.92,585.66,77.55,2011,0,,37,72,2,0,4,115,0,1496,0
1700000499055,499.06,3965,45.0,504.56,233.33,1725,0,,41,72,2,0,1,116,1,1496,0
1700000499122,499.12,3974,0.0,428.87,208.37,1610,0,,38,35,2,0,4,79,0,1496,0
1700000499188,499.19,4030,0.0,364.54,118.52,1577,0,,5,52,5,0,3,65,1,1496,0
1700000499255,499.26,4040,262.47,349.23,70.61,1595,0,,15,15,3,0,1,34,0,1496,0
1700000499322,499.32,3995,134.99,317.09,55.0,1550,0,,28,22,4,0,2,56,0,1496,0
1700000499388,499.39,4022,284.97,312.28,76.88,1520,0,,36,36,5,0,3,80,0,1496,0
1700000499455,499.46,3957,0.0,265.43,128.96,1381,0,,17,33,3,0,4,57,0,1496,0
1700000499522,499.52,4062,0.0,225.62,14.2,1418,0,,30,42,5,0,1,78,0,1496,0
1700000499588,499.59,3991,427.45,255.89,12.07,1477,0,,7,61,6,0,1,75,0,1496,0
1700000499655,499.66,4005,0.0,217.51,105.68,1312,0,,13,45,4,0,2,64,1,1496,0
1700000499722,499.72,3996,0.0,184.88,89.83,1266,0,,6,33,2,0,3,44,0,1496,0
1700000499788,499.79,4146,0.0,157.15,285.24,1018,0,,11,24,4,0,3,42,1,1496,0
1700000499855,499.86,4120,1619.82,376.55,609.07,1117,0,,22,56,6,0,3,87,0,1496,0
1700000499922,499.92,3930,1642.32,566.42,253.21,1818,0,,16,27,2,0,1,46,2,1497,0
1700000499988,499.99,3901,434.95,546.7,151.39,1877,0,,3,12,3,0,2,20,0,1497,0
1700000500055,500.06,3872,0.0,464.69,153.79,1728,0,,10,16,3,0,4,33,1,1497,0
1700000500122,500.12,4048,322.46,443.36,130.72,1711,0,,18,19,4,0,1,42,0,1498,0
1700000500188,500.19,3829,0.0,376.85,183.1,1538,0,,38,51,4,0,2,95,0,1499,0
1700000500255,500.26,4082,0.0,320.33,274.6,1342,0,,40,61,3,0,2,106,0,1499,0
1700000500322,500.32,4056,1927.29,561.37,417.55,1655,0,,23,38,3,0,1,65,0,1499,0
1700000500388,500.39,3825,824.91,600.9,75.31,2039,0,,44,36,6,0,1,87,0,1499,0
1700000500455,500.46,3946,0.0,510.77,248.16,1723,0,,43,66,2,0,4,115,0,1499,0
1700000500522,500.52,3913,0.0,434.15,207.59,1621,0,,39,19,3,0,1,62,0,1499,0
1700000500588,500.59,3980,15.0,371.28,176.45,1534,0,,36,27,5,0,4,72,0,1499,0
1700000500655,500.66,3911,0.0,315.59,153.33,1452,0,,16,28,4,0,1,49,0,1499,0
1700000500722,500.72,3983,0.0,268.25,103.55,1411,0,,5,71,4,0,1,81,0,1499,0
1700000500788,500.79,4041,119.99,246.01,41.14,1430,0,,2,54,2,0,4,62,0,1499,0
1700000500855,500.86,3967,209.98,240.6,122.39,1340,0,,18,31,4,0,4,57,0,1499,0
1700000500922,500.92,4013,824.91,328.25,127.47,1501,0,,23,72,5,0,1,101,1,1499,0
1700000500988,500.99,3857,314.97,326.26,75.8,1547,0,,27,40,3,0,3,73,1,1499,0
1700000501055,501.06,3971,0.0,277.32,51.03,1480,0,,42,24,2,0,3,71,0,1499,0
1700000501122,501.12,3956,374.96,291.96,77.15,1482,0,,39,20,4,0,4,67,0,1499,0
1700000501189,501.19,3921,539.94,329.16,140.91,1489,1,aman,30,36,3,0,2,71,0,1499,0
1700000501255,501.26,3884,712.42,386.65,0.76,1730,1,aman,24,33,6,0,2,65,0,1499,1
1700000501322,501.32,3826,0.0,328.65,159.68,1470,1,aman,13,71,3,0,4,91,0,1499,0
1700000501389,501.39,3891,0.0,279.35,135.73,1401,1,aman,3,14,3,0,3,23,0,1499,0
1700000501455,501.46,3924,0.0,237.45,115.37,1341,1,aman,3,18,2,0,1,24,0,1500,0
1700000501522,501.52,4062,0.0,201.83,98.06,1290,1,aman,6,69,2,0,4,81,0,1500,0
1700000501589,501.59,4057,0.0,171.56,217.98,1113,1,aman,39,50,4,0,3,96,1,1500,0
1700000501655,501.66,4066,1349.85,348.3,458.15,1213,1,aman,31,71,4,0,4,110,0,1500,0
1700000501722,501.72,3877,1222.36,479.41,88.1,1816,1,aman,36,61,5,0,1,103,0,1501,0
1700000501789,501.79,3903,0.0,407.5,10.49,1759,1,aman,24,32,6,0,2,64,0,1501,0
1700000501855,501.86,3957,839.91,472.36,8.92,1876,1,aman,28,14,2,0,3,47,1,1501,0
1700000501922,501.92,3791,0.0,401.51,195.07,1572,1,aman,12,48,2,0,3,65,0,1501,0
1700000501989,501.99,3971,0.0,341.28,36.91,1613,1,aman,16,72,4,0,2,94,0,1501,0
1700000502055,502.06,3920,577.44,376.7,10.48,1703,1,aman,19,32,4,0,3,58,0,1502,0
1700000502122,502.12,3894,187.48,348.32,120.0,1546,1,aman,2,49,3,0,4,58,0,1502,0
1700000502189,502.19,3895,0.0,296.07,35.27,1530,1,aman,4,40,5,0,1,50,0,1502,0
1700000502255,502.26,4065,802.41,372.02,376.51,1340,1,aman,38,26,3,0,1,68,0,1503,0
1700000502322,502.32,3788,1552.33,549.07,140.91,1891,1,aman,38,60,6,0,2,106,0,1503,0
1700000502389,502.39,3858,0.0,466.71,226.75,1662,1,aman,12,39,5,0,2,58,0,1504,0
1700000502455,502.46,3864,0.0,396.7,3.12,1746,1,aman,6,67,4,0,4,81,2,1504,0
1700000502522,502.52,3950,877.4,468.81,171.73,1718,1,aman,18,18,2,0,2,40,0,1504,0
1700000502589,502.59,3747,757.42,512.1,49.89,1909,1,aman,28,48,5,0,1,82,0,1504,0
1700000502655,502.66,3849,0.0,435.28,49.67,1772,1,aman,8,72,2,0,2,84,0,1504,0
1700000502722,502.72,3873,1169.87,545.47,42.22,1973,1,aman,11,56,3,0,4,74,0,1505,0
1700000502789,502.79,3693,0.0,463.65,225.27,1658,1,aman,33,55,3,0,3,94,0,1505,0
1700000502855,502.86,3952,0.0,394.1,9.41,1735,1,aman,21,32,5,0,1,59,0,1505,0
1700000502922,502.92,3832,899.9,469.97,8.0,1873,1,aman,16,31,3,0,4,54,0,1505,0
1700000502989,502.99,3832,0.0,399.48,194.09,1569,1,aman,29,46,6,0,3,84,0,1505,0
1700000503055,503.06,3878,0.0,339.56,99.52,1549,1,aman,22,42,2,0,2,68,0,1505,0
1700000503122,503.12,3984,1184.87,466.35,323.99,1569,1,aman,4,67,5,0,4,80,0,1505,0
1700000503189,503.19,3720,1072.38,557.26,10.89,2022,1,aman,43,69,4,0,3,119,0,1505,0
1700000503255,503.26,3841,0.0,473.67,230.13,1672,1,aman,36,61,2,0,4,103,0,1505,0
1700000503322,503.32,3864,0.0,402.62,180.55,1588,1,aman,26,29,4,0,4,63,1,1505,0
1700000503389,503.39,3907,67.49,352.35,153.47,1521,1,aman,44,26,5,0,3,78,0,1505,0
1700000503455,503.46,3855,0.0,299.5,18.28,1553,1,aman,17,45,5,0,3,70,0,1506,0
1700000503522,503.52,3934,569.94,340.06,158.56,1493,1,aman,26,50,6,0,3,85,1,1506,0
1700000503589,503.59,3779,779.91,406.04,7.55,1759,1,aman,7,22,2,0,1,32,0,1506,0
1700000503655,503.66,3830,0.0,345.13,167.69,1493,0,,21,27,4,0,1,53,0,1507,0
1700000503722,503.72,3792,0.0,293.36,142.53,1420,0,,32,45,2,0,4,83,0,1507,0
1700000503789,503.79,3884,0.0,249.36,76.38,1402,0,,28,64,3,0,2,97,0,1507,0
1700000503855,503.86,3897,884.9,344.69,163.7,1496,0,,4,38,5,0,1,48,0,1507,0
1700000503922,503.92,3766,442.45,359.35,58.4,1625,0,,27,51,3,0,4,85,0,1507,0
1700000503989,503.99,3838,0.0,305.45,148.41,1437,0,,19,73,6,0,4,102,1,1507,0
1700000504056,504.06,3850,0.0,259.63,126.14,1373,0,,16,37,2,0,4,59,0,1507,0
1700000504122,504.12,3865,0.0,220.69,15.15,1408,0,,26,64,3,0,1,94,0,1507,0
1700000504189,504.19,3884,412.45,249.45,261.67,1219,0,,7,42,5,0,3,57,0,1507,0
1700000504256,504.26,3810,1229.86,396.52,207.35,1551,0,,15,43,2,0,4,64,0,1507,0
1700000504322,504.32,3720,344.96,388.78,60.74,1677,0,,21,54,4,0,1,80,0,1508,0
1700000504389,504.39,3764,712.42,437.33,56.65,1769,0,,8,37,5,0,3,53,0,1508,0
1700000504456,504.46,3625,367.46,426.85,110.88,1699,0,,40,54,5,0,3,102,0,1508,0
1700000504522,504.52,3715,0.0,362.82,176.28,1518,0,,21,40,2,0,3,66,0,1508,0
1700000504589,504.59,3687,0.0,308.4,149.84,1442,0,,14,58,2,0,4,78,0,1508,0
1700000504656,504.66,3826,0.0,262.14,127.36,1376,0,,35,32,2,0,2,71,0,1508,0
1700000504722,504.72,3832,0.0,222.82,10.6,1416,0,,41,63,3,0,2,109,0,1508,0
1700000504789,504.79,3882,532.44,269.26,377.3,1142,0,,33,42,3,0,3,81,0,1508,0
1700000504856,504.86,3761,1649.82,476.34,201.85,1704,0,,14,65,2,0,3,84,0,1509,0
1700000504922,504.92,3662,0.0,404.89,196.72,1577,0,,37,74,4,0,4,119,0,1509,0
1700000504989,504.99,3827,0.0,344.16,26.59,1628,0,,10,54,6,0,3,73,1,1510,0
1700000505056,505.06,3685,629.93,387.02,22.6,1710,0,,17,68,4,0,4,93,0,1510,0
1700000505122,505.12,3743,0.0,328.97,159.83,1471,0,,35,63,2,0,1,101,0,1510,0
1700000505189,505.19,3857,0.0,279.63,86.79,1449,0,,28,31,4,0,3,66,1,1510,0
1700000505256,505.26,3780,997.39,387.29,73.77,1662,0,,43,49,5,0,1,98,0,1510,0
1700000505322,505.32,3724,0.0,329.2,159.94,1471,0,,39,70,2,0,3,114,0,1510,0
1700000505389,505.39,3805,0.0,279.82,41.5,1494,0,,29,44,6,0,3,82,1,1511,0
1700000505456,505.46,3885,794.91,357.08,435.37,1253,0,,25,41,3,0,2,71,0,1511,0
1700000505522,505.52,3699,1792.3,572.36,192.62,1884,0,,27,63,2,0,4,96,0,1511,0
1700000505589,505.59,3646,0.0,486.51,236.37,1690,0,,12,16,4,0,3,35,0,1511,0
1700000505656,505.66,3765,0.0,413.53,28.49,1753,0,,13,67,6,0,4,90,0,1511,0
1700000505722,505.72,3782,772.41,467.37,94.64,1788,0,,20,48,2,0,1,71,2,1512,0
1700000505789,505.79,3662,532.44,477.13,14.98,1879,0,,20,26,3,0,4,53,0,1512,0
1700000505856,505.86,3711,344.96,457.3,131.59,1735,0,,7,15,5,0,3,30,0,1512,0
1700000505922,505.92,3616,0.0,388.71,188.86,1554,0,,26,63,5,0,3,97,0,1513,0
1700000505989,505.99,3776,0.0,330.4,19.91,1609,0,,43,56,6,0,3,108,1,1513,0
1700000506056,506.06,3726,629.93,375.33,1.49,1709,0,,18,13,6,0,3,40,0,1513,0
1700000506122,506.12,3692,82.49,331.4,41.45,1590,0,,21,51,4,0,2,78,0,1513,0
1700000506189,506.19,3715,809.91,403.18,16.82,1745,0,,11,73,6,0,4,94,0,1513,0
1700000506256,506.26,3584,0.0,342.7,166.5,1490,0,,15,51,6,0,3,75,0,1513,0
1700000506322,506.32,3784,0.0,291.3,141.53,1417,0,,11,19,6,0,3,39,0,1513,0
1700000506389,506.39,3772,0.0,247.6,30.36,1444,0,,4,63,5,0,4,76,0,1513,0
1700000506456,506.46,3791,674.93,311.7,236.74,1363,0,,43,45,2,0,1,91,0,1513,0
1700000506522,506.52,3682,944.9,406.68,100.79,1672,0,,18,56,6,0,4,84,0,1514,0
1700000506589,506.59,3665,224.98,379.42,80.06,1642,0,,32,44,4,0,3,83,0,1514,0
1700000506656,506.66,3652,202.48,352.88,93.16,1580,0,,44,55,3,0,2,104,0,1514,0
1700000506722,506.72,3638,112.49,316.82,165.22,1442,0,,2,20,6,0,3,31,0,1514,0
1700000506789,506.79,3637,1297.36,463.9,115.33,1762,0,,17,14,5,0,2,38,0,1514,0
1700000506856,506.86,3465,0.0,394.32,191.58,1562,0,,2,24,3,0,4,33,0,1514,0
1700000506922,506.92,3729,0.0,335.17,0.46,1636,0,,41,40,6,0,2,89,0,1515,0
1700000506989,506.99,3817,727.42,394.01,339.44,1418,0,,27,16,5,0,3,51,0,1516,0
1700000507056,507.06,3632,1522.33,563.26,208.17,1854,0,,17,61,2,0,2,82,1,1517,0
1700000507123,507.12,3614,367.46,533.89,57.42,1940,0,,35,42,2,0,2,81,0,1517,0
1700000507189,507.19,3583,472.45,524.67,130.84,1857,0,,24,44,2,0,4,74,1,1517,0
1700000507256,507.26,3551,0.0,445.97,216.68,1634,0,,11,38,4,0,4,57,0,1517,1
1700000507323,507.32,3633,0.0,379.07,184.18,1541,0,,28,18,2,0,1,49,0,1518,0
1700000507389,507.39,3589,0.0,322.21,116.37,1500,0,,7,42,2,0,4,55,2,1518,0
1700000507456,507.46,3642,179.98,300.88,85.23,1491,0,,10,74,3,0,2,89,2,1518,0
1700000507523,507.52,3565,824.91,379.48,32.27,1687,0,,37,15,4,0,4,60,0,1518,0
1700000507589,507.59,3532,0.0,322.56,156.72,1462,0,,26,20,4,0,4,54,2,1518,0
1700000507656,507.66,3595,0.0,274.18,119.82,1406,0,,41,16,4,0,2,63,1,1519,0
1700000507723,507.72,3664,59.99,242.05,129.17,1336,0,,21,19,2,0,2,44,0,1519,0
1700000507789,507.79,3587,1034.89,360.97,131.56,1558,0,,2,57,2,0,2,63,0,1519,0
1700000507856,507.86,3526,157.48,330.45,119.19,1513,0,,38,17,2,0,3,60,1,1519,0
1700000507923,507.92,3566,0.0,280.88,118.05,1421,0,,31,43,5,0,1,80,1,1519,0
1700000507989,507.99,3781,82.49,251.12,118.95,1363,0,,20,17,6,0,1,44,0,1519,0
1700000508056,508.06,3555,982.39,360.81,82.7,1605,0,,43,58,4,0,1,106,2,1519,0
1700000508123,508.12,3650,0.0,306.69,58.61,1527,0,,14,59,3,0,1,77,0,1519,0
1700000508189,508.19,3697,404.96,321.43,49.82,1563,0,,39,12,2,0,1,54,0,1519,0
1700000508256,508.26,3596,0.0,273.22,132.74,1392,0,,17,24,2,0,1,44,0,1519,0
1700000508323,508.32,3708,0.0,232.23,12.72,1432,0,,29,46,6,0,2,83,0,1520,0
1700000508389,508.39,3641,562.44,281.76,313.82,1229,0,,11,60,6,0,4,81,0,1521,0
1700000508456,508.46,3633,1357.35,443.1,335.38,1514,0,,27,31,5,0,4,67,0,1521,0
1700000508523,508.52,3460,869.9,507.12,17.93,1929,0,,28,40,2,0,4,74,0,1521,0
1700000508589,508.59,3517,0.0,431.05,209.43,1613,0,,25,49,2,0,4,80,0,1521,0
1700000508656,508.66,3570,0.0,366.4,178.02,1523,0,,10,39,3,0,1,53,0,1521,0
1700000508723,508.72,3528,0.0,311.44,151.31,1446,0,,26,48,6,0,4,84,0,1521,0
1700000508789,508.79,3577,0.0,264.72,68.35,1439,0,,42,37,4,0,4,87,0,1521,0
1700000508856,508.86,3539,269.97,265.51,119.35,1390,0,,3,70,3,0,3,79,0,1522,0
1700000508923,508.92,3541,794.91,344.92,41.18,1615,0,,24,61,3,0,1,89,0,1522,0
1700000508989,508.99,3433,0.0,293.18,142.44,1420,0,,23,15,3,0,3,44,0,1522,0
1700000509056,509.06,3597,0.0,249.2,104.34,1374,0,,35,50,6,0,3,94,2,1522,1
1700000509123,509.12,3477,74.99,223.07,88.69,1340,0,,2,35,4,0,3,44,0,1522,0
1700000509189,509.19,3587,0.0,189.61,13.34,1350,0,,2,22,5,0,2,31,0,1524,0
1700000509256,509.26,3526,472.45,232.04,11.34,1433,0,,31,36,5,0,1,73,0,1524,0
1700000509323,509.32,3524,0.0,197.23,19.68,1359,0,,12,43,6,0,3,64,0,1524,0
1700000509389,509.39,3603,517.44,245.26,165.72,1306,0,,33,30,4,0,3,70,1,1524,0
1700000509456,509.46,3455,667.43,308.59,55.49,1534,0,,37,45,2,0,4,88,0,1524,0
1700000509523,509.52,3514,134.99,282.55,101.83,1440,0,,15,66,2,0,4,87,0,1524,0
1700000509589,509.59,3437,0.0,240.16,116.69,1345,0,,25,32,4,0,3,64,0,1524,0
1700000509656,509.66,3582,0.0,204.14,99.18,1293,0,,3,23,3,0,4,33,0,1524,0
1700000509723,509.72,3470,0.0,173.52,69.24,1264,0,,41,30,6,0,4,81,0,1526,0
1700000509789,509.79,3614,67.49,157.62,58.85,1244,0,,30,20,5,0,3,58,0,1526,0
1700000509856,509.86,3461,0.0,133.97,65.09,1193,0,,17,64,6,0,2,89,0,1526,0
1700000509923,509.92,3628,0.0,113.88,38.42,1181,0,,30,34,2,0,2,68,0,1527,0
1700000509989,509.99,3515,419.95,159.79,32.66,1274,0,,16,40,4,0,4,64,1,1527,0
1700000510056,510.06,3572,0.0,135.82,2.65,1258,0,,34,55,4,0,1,94,1,1527,0
1700000510123,510.12,3655,307.47,161.57,457.59,1000,0,,23,30,6,0,3,62,0,1527,0
1700000510190,510.19,3531,2039.77,443.3,388.95,1462,0,,39,60,2,0,3,104,0,1527,0
1700000510256,510.26,3383,307.47,422.92,119.71,1684,0,,44,26,2,0,2,74,0,1528,0
1700000510323,510.32,3490,22.5,362.86,98.41,1593,0,,43,40,5,0,3,91,0,1528,0
1700000510390,510.39,3380,322.46,356.8,88.67,1592,0,,12,28,4,0,1,45,0,1528,0
1700000510456,510.46,3447,0.0,303.28,147.35,1434,0,,22,23,4,0,3,52,0,1528,0
1700000510523,510.52,3570,0.0,257.79,139.25,1356,0,,44,51,5,0,3,103,0,1528,0
1700000510590,510.59,3489,1184.87,396.85,190.35,1568,0,,34,72,6,0,2,114,0,1529,0
1700000510656,510.66,3412,322.46,385.69,102.7,1632,0,,11,21,3,0,1,36,0,1529,0
1700000510723,510.72,3446,0.0,327.84,159.28,1469,0,,2,62,3,0,4,71,0,1530,0
1700000510790,510.79,3580,0.0,278.66,23.23,1509,0,,8,42,3,0,3,56,0,1530,0
1700000510856,510.86,3459,502.44,312.23,19.74,1575,0,,6,31,2,0,3,42,0,1530,0
1700000510923,510.92,3513,0.0,265.4,95.46,1414,0,,8,58,3,0,2,71,0,1530,0
1700000510990,510.99,3524,149.98,248.08,146.53,1330,1,aman,6,21,2,0,2,31,0,1530,0
1700000511056,511.06,3493,1019.89,363.85,129.57,1565,1,aman,24,54,4,0,1,83,0,1530,0
1700000511123,511.12,3388,172.48,335.15,117.54,1523,1,aman,8,59,5,0,3,75,0,1530,1
1700000511190,511.19,3470,0.0,284.88,54.11,1491,1,aman,30,33,2,0,2,67,0,1530,0
1700000511256,511.26,3393,862.4,371.51,45.99,1660,1,aman,36,60,2,0,2,100,1,1530,0
1700000511323,511.32,3355,0.0,315.78,153.42,1452,1,aman,28,32,5,0,1,66,0,1530,0
1700000511390,511.39,3544,0.0,268.41,212.77,1304,1,aman,26,50,2,0,1,79,0,1530,0
1700000511456,511.46,3464,1537.33,458.75,180.85,1691,1,aman,9,50,5,0,1,65,0,1530,0
1700000511523,511.52,3339,0.0,389.94,189.45,1556,1,aman,31,23,4,0,3,61,0,1530,0
1700000511590,511.59,3489,0.0,331.45,67.29,1565,1,aman,5,31,4,0,1,41,1,1530,0
1700000511656,511.66,3495,419.95,344.72,33.76,1622,1,aman,7,17,3,0,1,28,0,1530,0
1700000511723,511.72,3433,104.99,308.76,200.65,1392,1,aman,26,16,6,0,4,52,0,1530,0
1700000511790,511.79,3481,1447.34,479.55,286.06,1629,1,aman,30,57,4,0,1,92,0,1530,0
1700000511856,511.86,3240,622.43,500.98,41.44,1897,1,aman,42,49,4,0,1,96,0,1530,0
1700000511923,511.92,3398,172.48,451.71,90.46,1764,1,aman,10,53,3,0,3,69,0,1530,0
1700000511990,511.99,3217,374.96,440.19,115.4,1719,1,aman,44,73,4,0,3,124,0,1530,0
1700000512056,512.06,3348,0.0,374.16,54.56,1656,1,aman,13,65,3,0,4,85,0,1530,0
1700000512123,512.12,3460,569.94,403.53,110.98,1657,1,aman,25,24,3,0,2,54,0,1531,0
1700000512190,512.19,3272,704.92,448.74,32.89,1812,1,aman,30,71,5,0,3,109,0,1531,0
1700000512256,512.26,3366,0.0,381.43,166.91,1562,1,aman,17,58,4,0,4,83,0,1531,0
1700000512323,512.32,3408,82.49,336.59,141.87,1502,1,aman,12,35,4,0,4,55,1,1531,0
1700000512390,512.39,3355,0.0,286.1,139.0,1410,1,aman,41,35,4,0,2,82,1,1531,0
1700000512456,512.46,3454,0.0,243.18,47.58,1419,1,aman,22,49,3,0,4,78,0,1531,0
1700000512523,512.52,3401,742.42,318.07,137.54,1472,1,aman,29,42,5,0,1,77,0,1532,0
1700000512590,512.59,3355,434.95,335.6,5.3,1632,1,aman,31,68,2,0,1,102,0,1532,0
1700000512656,512.66,3343,194.98,314.51,19.57,1580,1,aman,27,25,5,0,2,59,0,1532,0
1700000512723,512.72,3329,367.46,322.45,60.16,1555,1,aman,43,27,3,0,4,77,0,1532,0
1700000512790,512.79,3294,0.0,274.08,133.17,1393,1,aman,4,27,4,0,1,36,0,1533,0
1700000512856,512.86,3375,0.0,232.97,47.52,1399,1,aman,39,54,3,0,4,100,1,1533,0
1700000512923,512.92,3357,719.92,306.01,40.39,1544,1,aman,8,27,6,0,4,45,0,1533,0
1700000512990,512.99,3279,0.0,260.11,126.38,1373,1,aman,3,26,6,0,1,36,1,1534,0
1700000513057,513.06,3369,0.0,221.09,68.35,1356,1,aman,32,47,2,0,1,82,0,1535,0
1700000513123,513.12,3376,787.41,306.04,250.62,1338,1,aman,11,68,4,0,3,86,0,1535,0
1700000513190,513.19,3264,862.4,389.5,37.25,1701,1,aman,14,52,2,0,4,72,0,1535,0
1700000513257,513.26,3261,0.0,331.07,160.85,1474,1,aman,38,67,6,0,2,113,0,1535,0
1700000513323,513.32,3492,0.0,281.41,385.58,1157,1,aman,22,29,2,0,1,54,0,1535,0
1700000513390,513.39,3301,2339.74,590.16,327.74,1792,1,aman,39,15,4,0,2,60,0,1535,0
1700000513457,513.46,3180,0.0,501.64,205.22,1746,1,aman,38,37,5,0,3,83,0,1535,0
1700000513523,513.52,3378,172.48,452.26,118.52,1738,0,,28,27,2,0,1,58,0,1535,0
1700000513590,513.59,3157,1312.35,581.28,62.24,2017,0,,3,28,5,0,2,38,1,1536,0
1700000513657,513.66,3203,0.0,494.09,240.05,1700,0,,40,37,2,0,2,81,1,1536,0
1700000513723,513.72,3291,0.0,419.97,204.05,1598,0,,37,52,6,0,2,97,0,1536,0
1700000513790,513.79,3324,0.0,356.98,41.19,1637,0,,6,16,6,0,1,29,0,1536,0
1700000513857,513.86,3369,592.43,392.3,175.92,1574,0,,36,49,4,0,2,91,1,1536,0
1700000513923,513.92,3245,944.89,475.19,17.28,1873,0,,14,59,4,0,3,80,0,1536,0
1700000513990,513.99,3243,0.0,403.91,196.24,1576,0,,8,33,6,0,4,51,0,1536,0
1700000514057,514.06,3401,0.0,343.32,166.8,1491,0,,4,42,6,0,3,55,0,1536,0
1700000514123,514.12,3284,0.0,291.82,22.93,1534,0,,23,21,5,0,3,52,1,1537,0
1700000514190,514.19,3436,532.44,327.92,268.45,1362,0,,18,25,5,0,2,50,0,1538,0
1700000514257,514.26,3213,1289.86,472.21,109.32,1783,0,,9,56,3,0,2,70,1,1538,0
1700000514323,514.32,3264,0.0,401.38,195.01,1572,0,,27,24,2,0,1,54,0,1538,0
1700000514390,514.39,3274,0.0,341.17,118.89,1533,0,,7,20,2,0,3,32,0,1538,0
1700000514457,514.46,3289,209.98,321.49,101.05,1514,0,,34,29,4,0,3,70,0,1538,0
1700000514523,514.52,3246,0.0,273.27,132.77,1392,0,,15,59,2,0,4,80,0,1539,0
1700000514590,514.59,3309,0.0,232.28,15.76,1429,0,,34,37,3,0,3,77,0,1539,0
1700000514657,514.66,3260,434.95,262.68,130.57,1374,0,,3,62,6,0,4,75,0,1539,1
1700000514723,514.72,3251,644.93,320.02,193.02,1421,0,,26,12,2,0,4,44,0,1539,0
1700000514790,514.79,3174,802.41,392.37,20.1,1722,0,,7,41,6,0,3,57,0,1539,0
1700000514857,514.86,3144,0.0,333.52,162.04,1477,0,,33,31,5,0,1,70,1,1539,0
1700000514923,514.92,3394,0.0,283.49,329.32,1217,0,,24,67,6,0,3,100,0,1539,0
1700000514990,514.99,3276,2092.27,554.81,279.93,1773,0,,38,32,5,0,3,78,0,1539,0
1700000515057,515.06,3115,0.0,471.59,229.12,1669,0,,15,63,2,0,4,84,0,1539,0
1700000515123,515.12,3368,0.0,400.85,170.19,1595,0,,11,25,2,0,3,41,0,1539,0
1700000515190,515.19,3311,1634.82,585.94,479.47,1641,0,,7,20,4,0,1,32,1,1539,0
1700000515257,515.26,3150,1499.83,723.03,42.61,2268,0,,19,61,5,0,1,86,0,1539,1
1700000515323,515.32,3111,0.0,614.57,298.59,1862,0,,44,72,6,0,3,125,0,1539,0
1700000515390,515.39,3242,0.0,522.39,253.81,1738,0,,2,46,2,0,3,53,0,1539,0
1700000515457,515.46,3170,0.0,444.03,215.73,1631,0,,40,58,4,0,1,103,0,1539,0
1700000515523,515.52,3285,0.0,377.42,54.34,1662,0,,43,57,3,0,2,105,0,1540,0
1700000515590,515.59,3379,1064.88,480.54,201.88,1711,0,,6,16,6,0,3,31,0,1540,0
1700000515657,515.66,3143,697.42,513.08,66.12,1895,0,,5,33,3,0,3,44,0,1540,0
1700000515723,515.72,3286,0.0,436.11,211.89,1620,0,,33,13,2,0,2,50,1,1541,0
1700000515790,515.79,3304,0.0,370.7,49.24,1655,0,,16,70,2,0,4,92,0,1542,0
1700000515857,515.86,3311,1027.39,469.2,189.17,1703,0,,11,24,3,0,1,39,0,1542,0
1700000515923,515.92,3167,659.93,497.81,68.55,1866,0,,26,21,3,0,4,54,0,1542,0
1700000515990,515.99,3223,0.0,423.14,205.58,1602,0,,17,24,5,0,3,49,0,1542,1
1700000516057,516.06,3300,0.0,359.67,227.03,1463,0,,43,52,2,0,4,101,0,1542,0
1700000516124,516.12,3239,1799.8,575.69,192.97,1890,0,,40,33,6,0,2,81,0,1542,0
1700000516190,516.19,3060,0.0,489.33,237.75,1693,0,,2,29,2,0,2,35,0,1542,0
1700000516257,516.26,3299,0.0,415.93,68.16,1720,0,,16,73,6,0,3,98,0,1543,0
1700000516324,516.32,3343,599.93,443.53,96.08,1744,0,,10,36,6,0,2,54,0,1543,0
1700000516390,516.39,3219,689.92,480.49,52.26,1851,0,,22,70,2,0,3,97,0,1543,0
1700000516457,516.46,3251,0.0,408.42,124.77,1652,0,,24,16,3,0,2,45,0,1544,1
1700000516524,516.52,3300,329.96,396.65,188.57,1569,0,,5,67,5,0,2,79,0,1544,0
1700000516590,516.59,3207,1319.85,535.13,136.85,1870,0,,32,40,5,0,2,79,0,1544,0
1700000516657,516.66,3124,224.98,488.61,178.31,1748,0,,23,58,4,0,3,88,1,1544,0
1700000516724,516.72,3177,0.0,415.32,0.78,1782,0,,20,63,5,0,3,91,0,1544,0
1700000516790,516.79,3271,907.4,489.13,248.42,1683,0,,39,54,2,0,3,98,0,1544,0
1700000516857,516.86,3056,1109.88,582.24,8.6,2066,0,,32,14,3,0,2,51,0,1544,0
1700000516924,516.92,3123,0.0,494.9,240.45,1701,0,,24,53,6,0,4,87,1,1545,0
1700000516990,516.99,3242,0.0,420.67,10.2,1783,0,,27,26,4,0,2,59,0,1545,0
1700000517057,517.06,3233,869.9,488.05,175.48,1750,0,,17,56,3,0,4,80,0,1546,0
1700000517124,517.12,3126,824.91,538.58,45.03,1959,0,,15,21,3,0,2,41,0,1546,0
1700000517190,517.19,3123,0.0,457.79,29.91,1831,0,,7,35,6,0,3,51,0,1546,0
1700000517257,517.26,3207,862.4,518.49,25.42,1942,0,,11,67,3,0,3,84,0,1546,1
1700000517324,517.32,3008,0.0,440.71,214.12,1627,0,,38,65,6,0,3,112,1,1546,0
1700000517390,517.39,3227,0.0,374.61,173.63,1543,0,,14,70,6,0,1,91,1,1547,0
1700000517457,517.46,3136,37.5,324.04,147.59,1473,0,,33,35,3,0,4,75,0,1547,0
1700000517524,517.52,3222,0.0,275.43,95.52,1433,0,,38,67,2,0,1,108,0,1547,0
1700000517590,517.59,3215,1027.39,388.23,148.16,1593,0,,42,74,4,0,3,123,0,1547,0
1700000517657,517.66,3085,299.97,374.99,22.14,1689,0,,2,59,4,0,1,66,1,1547,0
1700000517724,517.72,3175,562.44,403.11,60.67,1703,0,,33,74,2,0,4,113,0,1547,0
1700000517790,517.79,3010,487.45,415.76,73.98,1714,0,,22,71,2,0,3,98,0,1547,0
1700000517857,517.86,3110,0.0,353.39,171.7,1505,0,,30,19,2,0,1,52,0,1548,0
1700000517924,517.92,3085,0.0,300.38,145.94,1430,0,,41,30,2,0,4,77,0,1548,0
1700000517990,517.99,3124,0.0,255.33,97.27,1393,0,,28,74,3,0,2,107,1,1548,0
1700000518057,518.06,3121,119.99,235.03,0.65,1449,0,,25,64,2,0,4,95,1,1548,0
1700000518124,518.12,3108,367.46,254.89,27.34,1460,0,,20,44,3,0,4,71,0,1548,0
1700000518190,518.19,3072,0.0,216.66,62.14,1354,0,,41,74,2,0,3,120,1,1549,0
1700000518257,518.26,3204,749.92,296.65,245.34,1325,0,,35,33,3,0,4,75,0,1549,0
1700000518324,518.32,2972,862.4,381.51,41.13,1683,0,,15,15,6,0,4,40,1,1549,0
1700000518390,518.39,3089,0.0,324.28,88.92,1531,0,,35,33,6,0,3,77,0,1549,0
1700000518457,518.46,3072,307.47,321.76,9.8,1602,0,,5,65,2,0,3,75,0,1549,0
1700000518524,518.52,3048,382.46,330.87,60.31,1571,0,,33,70,4,0,4,111,0,1549,0
1700000518590,518.59,3021,0.0,281.24,104.83,1434,0,,7,12,3,0,1,23,0,1549,0
1700000518657,518.66,3072,142.48,260.42,5.41,1492,0,,18,44,4,0,1,67,0,1549,0
1700000518724,518.72,3002,374.96,277.6,36.4,1494,0,,17,67,3,0,2,89,0,1549,0
1700000518790,518.79,3022,0.0,235.96,19.28,1433,0,,30,43,3,0,1,77,0,1549,0
1700000518857,518.86,3071,599.93,290.56,16.39,1538,0,,30,20,3,0,4,57,0,1550,0
1700000518924,518.92,2942,0.0,246.97,119.99,1354,0,,35,33,3,0,2,73,0,1550,0
1700000518990,518.99,3085,0.0,209.93,48.67,1354,0,,6,44,5,0,1,56,0,1550,0
1700000519057,519.06,3127,674.92,279.68,225.51,1313,0,,2,46,4,0,3,55,0,1550,0
1700000519124,519.12,2995,824.91,361.46,41.02,1646,0,,36,29,4,0,4,73,0,1550,0
1700000519191,519.19,3017,0.0,307.24,22.05,1564,0,,38,71,4,0,3,116,0,1550,0
1700000519257,519.26,3107,569.94,346.65,113.51,1549,0,,37,72,5,0,4,118,0,1552,0
1700000519324,519.32,2941,592.43,383.52,30.75,1696,0,,21,58,4,0,4,87,0,1552,0
1700000519391,519.39,3028,0.0,325.99,158.38,1466,0,,20,39,2,0,2,63,0,1553,0
1700000519457,519.46,3107,0.0,277.09,72.69,1458,0,,14,41,6,0,3,64,0,1554,0
1700000519524,519.52,3030,277.47,277.15,212.76,1320,0,,13,32,5,0,3,53,0,1554,0
1700000519591,519.59,3070,1229.86,420.05,118.91,1679,0,,3,43,6,0,4,56,0,1554,0
1700000519657,519.66,2866,0.0,357.05,173.47,1510,0,,35,18,4,0,3,60,0,1554,0
1700000519724,519.72,3086,0.0,303.49,230.88,1353,0,,32,30,5,0,4,71,0,1554,0
1700000519791,519.79,3051,1694.81,512.19,258.19,1716,0,,3,40,3,0,4,50,0,1554,0
1700000519857,519.86,2860,277.47,476.98,158.87,1745,0,,34,18,2,0,2,56,2,1554,0
1700000519924,519.92,3014,0.0,405.43,196.98,1578,0,,42,49,2,0,2,95,0,1554,0
1700000519991,519.99,2935,0.0,344.62,167.43,1493,0,,31,64,6,0,3,104,0,1554,0
1700000520057,520.06,3095,0.0,292.93,3.32,1555,0,,19,54,4,0,2,79,0,1554,0
1700000520124,520.12,2959,652.43,346.85,2.82,1655,0,,30,62,2,0,2,96,0,1555,0
1700000520191,520.19,3008,0.0,294.82,34.43,1528,0,,3,61,6,0,1,71,0,1555,0
1700000520257,520.26,2985,487.45,323.72,64.48,1553,0,,25,59,6,0,3,93,0,1555,0
1700000520324,520.32,2943,419.95,338.15,54.0,1590,0,,19,43,3,0,3,68,0,1555,0
1700000520391,520.39,2929,0.0,287.43,139.65,1412,0,,35,50,2,0,3,90,1,1555,0
1700000520457,520.46,3016,0.0,244.31,125.71,1344,0,,2,74,6,0,4,86,0,1555,0
1700000520524,520.52,2968,1094.88,371.9,115.22,1594,0,,18,17,2,0,4,41,0,1555,0
1700000520591,520.59,2870,37.5,321.74,146.47,1470,0,,27,47,6,0,4,84,1,1555,0
1700000520657,520.66,2963,0.0,273.48,132.87,1392,0,,36,57,5,0,3,101,0,1555,0
1700000520724,520.72,2898,0.0,232.46,112.94,1334,0,,13,71,3,0,1,88,0,1555,0
1700000520791,520.79,3062,0.0,197.59,27.88,1351,0,,5,56,4,0,2,67,0,1555,0
1700000520857,520.86,2939,554.94,251.19,23.7,1457,1,aman,26,53,6,0,2,87,0,1556,0
1700000520924,520.92,2988,0.0,213.51,102.17,1308,1,aman,36,22,5,0,3,66,0,1557,0
1700000520991,520.99,2999,922.4,319.84,168.87,1445,1,aman,8,70,5,0,1,84,0,1557,0
1700000521057,521.06,2865,367.46,326.99,62.36,1562,1,aman,29,25,2,0,4,60,0,1557,0
1700000521124,521.12,2950,0.0,277.94,135.04,1399,1,aman,6,30,4,0,3,43,0,1557,0
1700000521191,521.19,2999,0.0,236.25,22.71,1430,1,aman,39,57,6,0,4,106,0,1558,0
1700000521257,521.26,3026,412.45,262.68,235.15,1271,1,aman,38,50,4,0,1,93,1,1560,0
1700000521324,521.32,2944,1139.87,394.26,139.61,1612,1,aman,19,63,5,0,1,88,1,1560,0
1700000521391,521.39,2874,142.48,356.49,135.78,1546,1,aman,3,14,5,0,1,23,0,1560,1
1700000521457,521.46,2925,0.0,303.02,147.22,1434,1,aman,4,30,4,0,1,39,0,1561,0
1700000521524,521.52,2937,0.0,257.57,45.61,1448,1,aman,13,30,4,0,2,49,1,1561,0
1700000521591,521.59,2966,764.92,333.67,134.19,1504,1,aman,17,73,6,0,2,98,0,1561,0
1700000521657,521.66,2835,427.45,347.74,56.69,1605,1,aman,33,36,6,0,2,77,1,1561,0
1700000521724,521.72,2909,0.0,295.58,143.61,1423,1,aman,39,53,4,0,1,97,1,1561,0
1700000521791,521.79,2969,0.0,251.24,122.07,1361,1,aman,39,40,5,0,2,86,1,1561,1
1700000521857,521.86,2916,0.0,213.55,33.45,1376,1,aman,22,36,5,0,4,67,1,1561,0
1700000521924,521.92,2980,314.96,228.76,200.92,1240,1,aman,10,62,2,0,2,76,0,1561,0
1700000521991,521.99,2874,1027.39,348.56,346.55,1324,1,aman,13,42,4,0,4,63,0,1561,0
1700000522058,522.06,2843,1102.38,461.63,73.6,1797,1,aman,21,68,3,0,1,93,1,1561,0
1700000522124,522.12,2727,37.5,398.01,183.53,1577,1,aman,14,45,3,0,3,65,2,1561,0
1700000522191,522.19,2838,0.0,338.31,110.8,1536,1,aman,14,58,4,0,3,79,0,1561,0
1700000522258,522.26,2892,239.97,323.56,22.2,1594,1,aman,29,43,2,0,2,76,0,1561,0
1700000522324,522.32,2806,322.46,323.39,72.44,1545,1,aman,40,55,3,0,2,100,0,1562,0
1700000522391,522.39,2849,0.0,274.89,133.55,1394,1,aman,23,60,3,0,1,87,0,1563,0
1700000522458,522.46,2882,0.0,233.65,38.82,1409,1,aman,33,33,3,0,4,73,1,1563,0
1700000522524,522.52,2897,682.42,300.97,166.92,1411,1,aman,23,23,4,0,3,53,0,1564,0
1700000522591,522.59,2791,599.93,345.81,10.46,1646,1,aman,17,61,3,0,2,83,1,1564,0
1700000522658,522.66,2817,0.0,293.94,142.81,1421,1,aman,17,58,4,0,1,80,0,1564,0
1700000522724,522.72,2910,0.0,249.85,17.6,1460,1,aman,5,60,4,0,1,70,0,1565,0
1700000522791,522.79,2819,464.95,282.11,159.14,1383,1,aman,37,13,6,0,3,59,0,1565,0
1700000522858,522.86,2848,779.91,356.78,146.99,1535,1,aman,35,58,2,0,1,96,1,1565,0
1700000522924,522.92,2715,517.44,380.88,49.16,1674,1,aman,36,60,6,0,1,103,0,1566,0
1700000522991,522.99,2779,0.0,323.75,157.3,1463,1,aman,39,49,4,0,3,95,0,1566,0
1700000523058,523.06,2847,0.0,275.19,133.7,1395,1,aman,19,45,6,0,2,72,0,1567,0
1700000523124,523.12,2866,0.0,233.91,124.07,1326,1,aman,15,31,6,0,1,53,0,1568,0
1700000523191,523.19,2905,1064.88,358.56,112.15,1572,1,aman,8,53,4,0,2,67,0,1568,0
1700000523258,523.26,2724,30.0,309.27,142.38,1451,1,aman,34,48,3,0,1,86,0,1568,0
1700000523324,523.32,2901,0.0,262.88,15.56,1487,0,,26,52,5,0,4,87,0,1569,0
1700000523391,523.39,2807,502.44,298.82,80.52,1491,0,,4,23,2,0,1,30,1,1570,0
1700000523458,523.46,2834,419.95,316.99,43.72,1561,0,,16,43,4,0,3,66,0,1571,0
1700000523524,523.52,2751,0.0,269.44,130.91,1386,0,,11,45,2,0,1,59,1,1571,0
1700000523591,523.59,2910,0.0,229.02,126.44,1314,0,,32,25,3,0,3,63,0,1572,0
1700000523658,523.66,2983,1064.88,354.4,462.38,1221,0,,21,69,4,0,2,96,0,1575,0
1700000523724,523.72,2768,1589.82,539.71,240.68,1782,0,,18,45,2,0,1,66,0,1575,0
1700000523791,523.79,2771,382.46,516.13,150.32,1824,0,,36,12,6,0,2,56,1,1575,0
1700000523858,523.86,2717,0.0,438.71,213.15,1624,0,,21,40,5,0,1,67,0,1575,0
1700000523924,523.92,2870,0.0,372.9,7.08,1699,0,,34,52,6,0,1,93,0,1575,0
1700000523991,523.99,2983,779.91,433.95,327.12,1505,0,,19,67,3,0,4,93,1,1575,0
1700000524058,524.06,2766,1492.33,592.71,281.4,1839,0,,2,17,5,0,3,27,0,1576,0
1700000524124,524.12,2784,794.91,623.04,93.94,2060,0,,13,67,3,0,2,85,1,1576,0
1700000524191,524.19,2660,0.0,529.58,257.3,1748,0,,23,56,3,0,1,83,0,1576,0
1700000524258,524.26,2876,0.0,450.15,17.82,1828,0,,6,36,6,0,1,49,0,1576,0
1700000524324,524.32,2849,899.9,517.61,148.91,1828,0,,44,26,3,0,4,77,0,1576,0
1700000524391,524.39,2756,734.92,550.21,79.7,1948,0,,28,39,4,0,1,72,0,1576,0
1700000524458,524.46,2751,689.92,571.16,96.31,1969,0,,3,50,3,0,2,58,1,1576,0
1700000524524,524.52,2664,0.0,485.49,235.88,1688,0,,39,41,6,0,1,87,0,1576,0
1700000524591,524.59,2752,0.0,412.67,200.5,1588,0,,37,37,3,0,4,81,0,1576,0
1700000524658,524.66,2768,0.0,350.77,153.68,1518,0,,38,52,2,0,4,96,0,1577,0
1700000524724,524.72,2849,74.99,309.4,51.84,1539,0,,30,16,6,0,1,53,0,1577,0
1700000524791,524.79,2758,817.41,385.6,27.33,1703,0,,25,21,3,0,4,53,0,1577,0
1700000524858,524.86,2740,0.0,327.76,159.24,1469,0,,18,68,6,0,4,96,0,1577,0
1700000524924,524.92,2818,0.0,278.6,18.65,1513,0,,31,73,6,0,2,112,1,1577,0
1700000524991,524.99,2876,689.92,340.3,136.39,1515,0,,32,21,2,0,2,57,0,1578,0
1700000525058,525.06,2726,539.94,370.24,38.08,1665,0,,13,52,5,0,2,72,0,1578,0
1700000525125,525.13,2804,0.0,314.71,51.33,1549,0,,38,59,3,0,4,104,1,1578,1
1700000525191,525.19,2942,914.9,404.73,388.49,1390,0,,14,47,4,0,1,66,0,1578,0
1700000525258,525.26,2682,1544.83,575.75,125.98,1951,0,,40,37,3,0,4,84,0,1578,0
1700000525325,525.33,2736,0.0,489.39,63.67,1856,0,,37,30,3,0,4,74,0,1578,0
1700000525391,525.39,2761,779.91,532.97,58.04,1938,0,,16,19,6,0,3,44,0,1579,0
1700000525458,525.46,2632,502.44,528.39,124.77,1869,0,,22,66,2,0,2,92,0,1579,0
1700000525525,525.53,2694,0.0,449.13,218.21,1638,0,,18,35,5,0,1,59,0,1579,0
1700000525591,525.59,2724,0.0,381.76,83.36,1643,0,,11,66,6,0,2,85,0,1580,0
1700000525658,525.66,2809,457.45,393.11,119.98,1629,0,,29,33,5,0,4,71,1,1581,0
1700000525725,525.73,2663,854.91,462.38,0.13,1866,0,,26,48,2,0,2,78,0,1581,0
1700000525791,525.79,2695,0.0,393.02,190.95,1560,0,,4,56,4,0,4,68,1,1581,0
1700000525858,525.86,2702,0.0,334.07,162.31,1478,0,,24,24,2,0,2,52,0,1582,0
1700000525925,525.93,2747,0.0,283.96,136.29,1409,0,,37,24,6,0,3,70,0,1582,0
1700000525991,525.99,2706,7.5,242.49,50.56,1414,0,,16,18,6,0,4,44,0,1582,0
1700000526058,526.06,2746,292.47,249.99,11.17,1467,0,,34,62,4,0,4,104,1,1582,0
1700000526125,526.13,2667,149.98,234.99,74.78,1376,0,,12,30,2,0,2,46,1,1582,0
1700000526191,526.19,2726,0.0,199.74,1.72,1381,0,,23,49,5,0,2,79,0,1582,0
1700000526258,526.26,2825,442.45,236.15,145.43,1309,0,,42,36,2,0,2,82,0,1582,0
1700000526325,526.33,2667,644.93,297.46,24.85,1543,0,,30,55,2,0,2,89,0,1582,0
1700000526391,526.39,2739,0.0,252.84,14.03,1470,0,,36,62,6,0,3,107,1,1582,0
1700000526458,526.46,2726,487.45,288.03,188.96,1365,0,,42,13,3,0,3,61,1,1582,0
1700000526525,526.53,2674,899.9,379.81,272.78,1456,0,,5,66,6,0,1,78,0,1582,0
1700000526591,526.59,2606,989.89,471.33,30.97,1854,0,,4,64,2,0,2,72,0,1582,0
1700000526658,526.66,2542,0.0,400.63,194.65,1571,0,,32,22,5,0,2,61,0,1582,0
1700000526725,526.73,2723,0.0,340.53,65.01,1584,0,,20,63,6,0,1,90,0,1582,0
1700000526791,526.79,2637,449.95,356.95,108.8,1572,0,,14,41,6,0,4,65,0,1583,0
1700000526858,526.86,2663,734.92,413.64,64.02,1719,0,,4,66,6,0,4,80,0,1584,0
1700000526925,526.93,2539,322.46,399.96,32.63,1724,0,,41,34,5,0,1,81,0,1584,0
1700000526991,526.99,2620,344.96,391.71,37.78,1704,0,,39,25,4,0,4,72,0,1584,0
1700000527058,527.06,2493,277.47,374.58,109.12,1605,0,,14,65,5,0,4,88,0,1585,0
1700000527125,527.13,2583,0.0,318.39,154.69,1456,0,,26,32,2,0,4,64,0,1586,0
1700000527191,527.19,2560,0.0,270.63,131.49,1388,0,,10,66,4,0,3,83,0,1586,0
1700000527258,527.26,2694,0.0,230.04,6.3,1434,0,,25,21,6,0,3,55,0,1586,0
1700000527325,527.33,2729,472.45,266.4,118.52,1393,0,,25,26,4,0,4,59,0,1587,0
1700000527391,527.39,2631,554.94,309.68,4.72,1585,0,,31,69,3,0,1,104,0,1587,0
1700000527458,527.46,2655,0.0,263.23,127.89,1378,0,,36,58,6,0,2,102,0,1587,0
1700000527525,527.53,2642,0.0,223.74,4.92,1424,0,,2,40,6,0,4,52,0,1587,0
1700000527591,527.59,2771,464.95,259.92,151.51,1348,0,,20,46,4,0,1,71,0,1587,1
1700000527658,527.66,2580,697.42,325.55,24.99,1595,0,,40,47,3,0,3,93,2,1587,0
1700000527725,527.73,2678,0.0,276.72,87.57,1443,0,,26,38,3,0,3,70,0,1587,0
1700000527791,527.79,2604,209.98,266.71,74.44,1437,0,,3,14,3,0,2,22,0,1587,0
1700000527858,527.86,2650,0.0,226.7,110.14,1326,0,,31,47,2,0,4,84,0,1587,0
1700000527925,527.93,2639,0.0,192.69,93.62,1277,0,,25,54,2,0,2,83,0,1587,0
1700000527991,527.99,2666,0.0,163.79,79.58,1236,0,,2,54,4,0,2,62,0,1587,1
1700000528058,528.06,2723,0.0,139.22,19.09,1249,0,,30,39,3,0,2,74,0,1587,0
1700000528125,528.13,2668,217.48,150.96,77.52,1213,0,,28,38,6,0,1,73,1,1587,0
1700000528192,528.19,2694,419.95,191.31,42.45,1325,0,,12,72,5,0,2,91,0,1587,0
1700000528258,528.26,2612,112.49,179.49,44.27,1301,0,,11,36,4,0,4,55,0,1587,0
1700000528325,528.33,2679,59.99,161.56,220.17,1091,0,,12,38,5,0,3,58,1,1587,0
1700000528392,528.39,2604,1267.36,327.43,173.76,1454,0,,34,54,2,0,3,93,0,1587,0
1700000528458,528.46,2510,0.0,278.32,121.83,1412,0,,28,54,2,0,3,87,0,1587,0
1700000528525,528.53,2693,59.99,245.57,85.61,1386,0,,26,40,5,0,2,73,1,1587,0
1700000528592,528.59,2502,847.41,335.84,59.38,1581,0,,36,16,5,0,3,60,0,1587,0
1700000528658,528.66,2580,0.0,285.47,73.91,1473,0,,21,18,5,0,4,48,0,1588,0
1700000528725,528.73,2624,952.39,385.51,153.22,1583,0,,38,61,6,0,2,107,0,1589,0
1700000528792,528.79,2453,404.95,388.42,55.58,1681,0,,9,43,2,0,1,55,0,1589,0
1700000528858,528.86,2570,119.99,348.16,137.64,1528,0,,33,41,4,0,4,82,1,1589,0
1700000528925,528.93,2437,0.0,295.93,143.78,1424,0,,41,30,4,0,3,78,1,1589,0
1700000528992,528.99,2578,0.0,251.54,93.74,1389,0,,36,72,5,0,2,115,0,1591,0
1700000529058,529.06,2496,967.39,358.92,292.28,1398,0,,2,17,5,0,4,28,1,1592,0
1700000529125,529.13,2449,952.39,447.94,55.92,1789,0,,44,54,4,0,3,105,0,1592,0
1700000529192,529.19,2369,104.99,396.5,165.07,1592,0,,24,71,6,0,4,105,0,1592,0
1700000529258,529.26,2435,0.0,337.02,163.75,1482,0,,31,18,2,0,4,55,0,1592,0
1700000529325,529.33,2575,0.0,286.47,85.61,1463,0,,11,31,5,0,3,50,1,1592,0
1700000529392,529.39,2507,239.97,279.5,72.77,1462,0,,31,57,3,0,1,92,1,1592,0
1700000529458,529.46,2543,0.0,237.57,130.66,1326,0,,17,67,5,0,3,92,1,1592,0
1700000529525,529.53,2569,1102.38,367.29,111.06,1590,0,,14,72,6,0,3,95,0,1592,0
1700000529592,529.59,2396,0.0,312.2,151.68,1447,0,,6,13,3,0,2,24,1,1592,0
1700000529658,529.66,2612,0.0,265.37,13.36,1494,0,,18,29,2,0,4,53,0,1593,0
1700000529725,529.73,2462,637.43,321.18,11.36,1600,0,,16,49,3,0,3,71,1,1593,0
1700000529792,529.79,2527,0.0,273.0,132.64,1391,0,,5,65,2,0,1,73,0,1593,0
1700000529858,529.86,2543,0.0,232.05,112.74,1333,0,,5,32,2,0,3,42,1,1593,0
1700000529925,529.93,2552,0.0,197.24,34.74,1344,0,,41,70,5,0,4,120,0,1593,0
1700000529992,529.99,2552,584.93,255.4,124.95,1366,0,,10,60,3,0,2,75,0,1593,0
1700000530058,530.06,2474,427.45,281.21,24.37,1513,0,,31,39,4,0,2,76,0,1593,0
1700000530125,530.13,2495,0.0,239.02,32.43,1425,0,,42,62,5,0,3,112,0,1593,0
1700000530192,530.19,2498,374.96,259.41,20.87,1475,0,,44,44,4,0,4,96,0,1593,0
1700000530258,530.26,2445,30.0,225.0,101.44,1331,0,,34,29,4,0,4,71,0,1593,0
1700000530325,530.33,2494,0.0,191.25,89.57,1278,0,,7,12,5,0,4,28,0,1593,0
1700000530392,530.39,2627,15.0,164.81,24.24,1292,0,,11,52,5,0,2,70,0,1593,0
1700000530458,530.46,2492,232.47,174.96,13.91,1322,0,,40,41,4,0,4,89,0,1593,0
1700000530525,530.53,2596,45.0,155.47,90.29,1209,0,,12,60,6,0,2,80,1,1593,0
1700000530592,530.59,2486,689.92,235.64,66.71,1385,0,,39,15,2,0,4,60,0,1593,0
1700000530658,530.66,2504,0.0,200.29,97.31,1288,1,aman,7,25,6,0,2,40,0,1593,0
1700000530725,530.73,2517,0.0,170.25,82.72,1245,1,aman,29,20,5,0,2,56,0,1593,0
1700000530792,530.79,2570,0.0,144.71,46.88,1231,1,aman,10,34,2,0,3,49,0,1593,0
1700000530858,530.86,2567,524.94,201.74,362.94,1026,1,aman,40,19,4,0,3,66,2,1593,0
1700000530925,530.93,2500,1447.34,388.58,326.91,1420,1,aman,4,56,4,0,3,67,0,1593,0
1700000530992,530.99,2374,607.43,421.41,45.22,1751,1,aman,39,54,5,0,4,102,1,1593,0
1700000531059,531.06,2419,0.0,358.2,174.03,1512,1,aman,5,57,2,0,2,66,0,1593,0
1700000531125,531.13,2386,0.0,304.47,147.93,1436,1,aman,11,70,4,0,2,87,0,1593,0
1700000531192,531.19,2459,0.0,258.8,125.74,1371,1,aman,26,19,3,0,2,50,0,1593,0
1700000531259,531.26,2461,0.0,219.98,45.46,1377,1,aman,43,58,4,0,4,109,1,1593,0
1700000531325,531.33,2469,682.42,289.35,445.44,1112,1,aman,35,54,2,0,1,92,1,1593,0
1700000531392,531.39,2370,1822.3,519.29,226.28,1759,1,aman,6,27,3,0,1,37,0,1593,0
1700000531459,531.46,2226,0.0,441.4,214.45,1628,1,aman,35,23,2,0,4,64,0,1593,0
1700000531525,531.53,2532,0.0,375.19,48.73,1664,1,aman,4,12,2,0,2,20,0,1593,0
1700000531592,531.59,2478,1034.88,474.14,454.91,1456,1,aman,43,28,6,0,4,81,0,1593,0
1700000531659,531.66,2394,1852.29,680.86,155.66,2104,1,aman,40,14,5,0,1,60,0,1594,0
1700000531725,531.73,2231,0.0,578.73,281.18,1814,1,aman,10,53,3,0,1,67,1,1594,0
1700000531792,531.79,2406,0.0,491.92,239.0,1697,1,aman,39,18,5,0,3,65,0,1594,0
1700000531859,531.86,2414,0.0,418.14,112.76,1682,1,aman,3,54,6,0,3,66,0,1594,0
1700000531925,531.93,2443,404.96,416.16,52.32,1735,1,aman,23,65,4,0,3,95,0,1594,0
1700000531992,531.99,2360,194.98,382.98,134.87,1596,1,aman,38,46,2,0,2,88,0,1595,0
1700000532059,532.06,2417,0.0,325.53,158.16,1466,1,aman,43,70,4,0,4,121,0,1596,0
1700000532125,532.13,2483,0.0,276.7,186.98,1345,1,aman,5,46,4,0,2,57,0,1596,0
1700000532192,532.19,2422,1439.84,451.17,200.78,1659,1,aman,36,13,5,0,1,55,0,1597,0
1700000532259,532.26,2291,187.48,411.62,150.75,1633,1,aman,17,16,3,0,1,37,0,1597,0
1700000532325,532.33,2397,0.0,349.88,169.99,1500,1,aman,6,42,3,0,2,53,1,1598,1
1700000532392,532.39,2331,0.0,297.4,144.49,1426,1,aman,38,72,6,0,3,119,0,1598,0
1700000532459,532.46,2472,0.0,252.79,122.82,1363,1,aman,28,52,2,0,2,84,1,1598,0
1700000532525,532.53,2400,0.0,214.87,104.4,1309,1,aman,33,63,3,0,2,101,0,1598,0
1700000532592,532.59,2541,0.0,182.64,154.0,1198,1,aman,42,54,4,0,3,103,0,1598,1
1700000532659,532.66,2424,1087.38,318.35,130.9,1479,1,aman,23,65,6,0,3,97,0,1599,0
1700000532725,532.73,2396,0.0,270.6,104.69,1414,1,aman,25,30,4,0,1,60,0,1599,0
1700000532792,532.79,2437,119.99,248.01,264.24,1214,1,aman,7,69,3,0,3,82,1,1599,0
1700000532859,532.86,2380,1582.32,448.15,392.01,1469,1,aman,35,36,3,0,4,78,0,1599,0
1700000532925,532.93,2226,869.9,511.42,20.02,1934,1,aman,9,20,6,0,3,38,1,1599,0
1700000532992,532.99,2264,0.0,434.7,211.2,1618,1,aman,28,62,5,0,1,96,0,1599,0
1700000533059,533.06,2250,0.0,369.5,117.58,1587,1,aman,27,40,2,0,1,70,0,1599,1
1700000533125,533.13,2350,277.47,355.69,99.95,1579,1,aman,13,71,4,0,1,89,0,1599,0
1700000533192,533.19,2213,0.0,302.34,146.89,1433,0,,17,51,5,0,4,77,0,1599,0
1700000533259,533.26,2366,0.0,256.99,124.86,1369,0,,12,69,3,0,3,87,3,1599,0
1700000533325,533.33,2378,0.0,218.44,106.13,1314,0,,22,53,4,0,4,83,0,1599,0
1700000533392,533.39,2440,0.0,185.67,1.86,1354,0,,20,12,3,0,4,39,0,1599,0
1700000533459,533.46,2431,412.45,219.69,122.11,1300,0,,39,12,3,0,1,55,0,1599,0
1700000533525,533.53,2385,539.94,267.73,108.82,1405,0,,17,28,5,0,3,53,0,1599,0
1700000533592,533.59,2359,434.95,292.81,28.04,1531,0,,38,54,5,0,2,99,0,1599,0
1700000533659,533.66,2327,0.0,248.89,120.92,1357,0,,14,24,4,0,4,46,0,1599,0
1700000533725,533.73,2403,0.0,211.56,21.09,1385,0,,31,16,5,0,2,54,0,1599,0
1700000533792,533.79,2384,554.94,263.06,43.04,1460,0,,14,47,5,0,4,70,0,1600,0
1700000533859,533.86,2329,112.49,240.48,87.3,1374,0,,28,33,3,0,4,68,0,1601,0
1700000533925,533.93,2369,0.0,204.41,32.35,1360,0,,20,51,4,0,4,79,0,1601,0
1700000533992,533.99,2466,299.97,218.74,290.57,1131,0,,28,66,6,0,1,101,1,1602,0
1700000534059,534.06,2329,1424.84,399.66,180.02,1583,0,,27,71,2,0,4,104,0,1603,0
1700000534126,534.13,2276,0.0,339.71,165.05,1486,0,,30,61,3,0,2,96,0,1603,0
1700000534192,534.19,2392,0.0,288.75,30.46,1521,0,,39,32,6,0,1,78,1,1603,0
1700000534259,534.26,2429,764.91,360.18,131.36,1557,0,,10,18,6,0,2,36,0,1603,0
1700000534326,534.33,2290,472.45,377.02,59.1,1657,0,,24,51,4,0,4,83,0,1603,0
1700000534392,534.39,2366,0.0,320.46,266.16,1350,0,,21,14,6,0,2,43,0,1603,0
1700000534459,534.46,2364,1889.79,555.86,226.24,1824,0,,42,49,6,0,2,99,1,1603,0
1700000534526,534.53,2114,0.0,472.48,229.56,1670,0,,33,65,2,0,1,101,0,1604,0
1700000534592,534.59,2378,0.0,401.61,76.07,1686,0,,4,68,5,0,4,81,0,1604,0
1700000534659,534.66,2298,1214.87,523.6,310.75,1687,0,,39,35,6,0,1,81,0,1605,0
1700000534726,534.73,2216,1102.38,610.42,7.06,2114,0,,36,38,2,0,1,77,0,1605,0
1700000534792,534.79,2151,0.0,518.85,252.09,1734,0,,5,28,2,0,3,38,0,1605,0
1700000534859,534.86,2306,0.0,441.03,118.85,1718,0,,36,51,3,0,1,91,0,1605,0
1700000534926,534.93,2272,427.45,438.99,66.38,1763,0,,6,40,3,0,1,50,0,1605,0
1700000534992,534.99,2249,749.92,485.63,61.44,1851,0,,35,50,3,0,2,90,0,1605,0
1700000535059,535.06,2172,449.95,480.28,115.18,1792,0,,25,40,6,0,3,74,0,1605,0
1700000535126,535.13,2189,0.0,408.24,198.34,1582,0,,34,23,6,0,2,65,0,1605,0
1700000535192,535.19,2202,0.0,347.0,3.83,1655,0,,3,52,5,0,4,64,0,1605,0
1700000535259,535.26,2202,772.41,410.81,3.26,1771,0,,11,61,2,0,1,75,0,1605,0
1700000535326,535.33,2099,0.0,349.19,169.66,1499,0,,17,17,4,0,4,42,0,1605,0
1700000535392,535.39,2247,0.0,296.81,83.94,1484,0,,27,72,4,0,2,105,0,1605,1
1700000535459,535.46,2283,269.97,292.79,25.74,1533,0,,31,57,6,0,3,97,0,1605,0
1700000535526,535.53,2211,434.95,314.11,38.38,1561,0,,21,62,6,0,4,93,0,1605,0
1700000535592,535.59,2225,0.0,266.99,129.72,1383,0,,13,17,2,0,1,33,0,1605,0
1700000535659,535.66,2277,0.0,226.94,103.57,1333,0,,13,36,5,0,3,57,0,1606,0
1700000535726,535.73,2235,30.0,197.4,88.03,1292,0,,14,73,5,0,3,95,0,1607,0
1700000535792,535.79,2273,0.0,167.79,95.93,1227,0,,12,14,2,0,3,31,1,1607,0
1700000535859,535.86,2256,794.91,261.86,136.78,1366,0,,34,47,5,0,1,87,0,1607,0
1700000535926,535.93,2167,247.47,259.7,61.19,1436,0,,4,67,3,0,2,76,1,1607,0
1700000535992,535.99,2223,0.0,220.75,107.25,1317,0,,22,13,3,0,1,39,0,1607,0
1700000536059,536.06,2272,0.0,187.63,7.46,1353,0,,17,40,5,0,4,66,0,1607,0
1700000536126,536.13,2332,374.96,215.73,184.5,1231,0,,32,45,4,0,2,83,0,1607,0
1700000536192,536.19,2222,854.9,311.61,106.6,1490,0,,15,54,3,0,2,74,0,1607,0
1700000536259,536.26,2218,149.98,287.37,167.62,1384,0,,8,22,5,0,3,38,2,1607,0
1700000536326,536.33,2202,1199.87,424.24,299.84,1513,0,,5,47,5,0,1,58,0,1607,0
1700000536392,536.39,2058,854.91,488.84,12.99,1901,0,,36,69,4,0,2,111,0,1607,0
1700000536459,536.46,2088,0.0,415.51,201.88,1592,0,,13,14,5,0,1,33,1,1607,1
1700000536526,536.53,2156,0.0,353.19,171.6,1505,0,,21,58,3,0,3,85,0,1607,0
1700000536592,536.59,2193,0.0,300.21,145.86,1430,0,,18,72,2,0,2,94,0,1607,0
1700000536659,536.66,2256,0.0,255.18,132.15,1358,0,,25,31,4,0,2,62,0,1607,0
1700000536726,536.73,2193,1147.37,389.01,112.33,1628,0,,19,56,4,0,4,83,0,1607,0
1700000536792,536.79,2103,0.0,330.66,160.65,1473,0,,41,39,2,0,2,84,0,1607,0
1700000536859,536.86,2236,0.0,281.06,67.92,1470,0,,21,70,5,0,3,99,0,1607,0
1700000536926,536.93,2166,307.47,285.02,7.51,1536,0,,3,66,6,0,2,77,0,1607,0
1700000536992,536.99,2195,224.98,276.01,38.82,1489,0,,35,18,2,0,4,59,0,1607,0
1700000537059,537.06,2136,509.94,311.1,66.48,1528,0,,22,31,3,0,4,60,0,1607,0
1700000537126,537.13,2127,374.96,320.68,2.93,1607,0,,27,44,2,0,1,74,0,1607,0
1700000537193,537.19,2086,269.97,313.07,81.21,1517,0,,22,74,4,0,3,103,1,1607,0
1700000537259,537.26,2091,0.0,266.11,129.29,1382,0,,22,61,3,0,2,88,0,1607,0
1700000537326,537.33,2136,0.0,226.2,109.9,1325,0,,12,61,2,0,2,77,0,1607,0
1700000537393,537.39,2100,0.0,192.27,93.41,1276,0,,29,44,2,0,3,78,0,1607,0
1700000537459,537.46,2149,0.0,163.43,47.59,1267,0,,13,16,4,0,4,37,0,1608,0
1700000537526,537.53,2132,142.48,160.29,40.46,1268,0,,16,42,2,0,1,61,0,1608,0
1700000537593,537.59,2130,0.0,136.24,66.19,1196,0,,4,26,3,0,2,35,0,1608,0
1700000537659,537.66,2188,0.0,115.81,134.58,1088,0,,26,36,2,0,2,66,0,1608,0
1700000537726,537.73,2185,854.91,226.67,186.37,1250,0,,3,67,3,0,2,75,0,1608,0
1700000537793,537.79,2074,322.46,241.04,32.42,1429,0,,7,27,2,0,2,38,0,1608,0
1700000537859,537.86,2142,0.0,204.88,99.54,1294,0,,17,19,5,0,2,43,0,1608,0
1700000537926,537.93,2130,0.0,174.15,57.68,1277,0,,4,50,6,0,1,61,0,1608,0
1700000537993,537.99,2204,637.43,243.64,49.03,1418,0,,2,36,5,0,1,44,0,1608,0
1700000538059,538.06,2045,0.0,207.1,100.62,1298,0,,23,27,4,0,1,55,0,1609,0
1700000538126,538.13,2229,0.0,176.03,5.17,1333,0,,43,26,5,0,4,78,0,1609,0
1700000538193,538.19,2130,359.96,203.62,305.3,1087,0,,26,71,2,0,1,100,0,1609,0
1700000538259,538.26,2181,1387.35,381.18,237.74,1493,0,,25,73,3,0,1,102,0,1609,0
1700000538326,538.33,1945,262.47,363.37,107.62,1586,0,,29,58,5,0,1,93,0,1609,0
1700000538393,538.39,2146,0.0,308.87,34.08,1555,0,,31,28,3,0,3,65,0,1609,0
1700000538459,538.46,2057,824.91,386.27,109.32,1626,0,,32,19,2,0,4,57,0,1609,0
1700000538526,538.53,2036,359.96,382.33,84.53,1643,0,,8,45,3,0,2,58,0,1609,0
1700000538593,538.59,2009,30.0,329.48,76.87,1552,0,,9,62,5,0,4,80,0,1609,0
1700000538659,538.66,2032,337.46,330.67,30.18,1599,0,,21,68,6,0,1,96,0,1609,0
1700000538726,538.73,1964,187.48,309.2,100.99,1491,0,,13,31,3,0,1,48,0,1609,0
1700000538793,538.79,2007,0.0,262.82,127.69,1377,0,,24,50,2,0,4,80,0,1609,0
1700000538859,538.86,2007,0.0,223.39,108.54,1321,0,,40,26,3,0,1,70,0,1609,0
1700000538926,538.93,2101,0.0,189.88,39.99,1325,0,,3,56,5,0,2,66,0,1609,0
1700000538993,538.99,2076,592.43,250.27,65.8,1414,0,,6,39,6,0,2,53,0,1609,0
1700000539059,539.06,2022,142.48,234.1,76.32,1373,0,,18,69,6,0,2,95,0,1609,0
1700000539126,539.13,2057,0.0,198.98,96.68,1286,0,,41,50,6,0,2,99,0,1609,0
1700000539193,539.19,2074,0.0,169.14,26.64,1298,0,,9,65,4,0,3,81,0,1609,1
1700000539259,539.26,2166,487.45,216.88,267.05,1151,0,,34,20,5,0,4,63,1,1609,0
1700000539326,539.33,2009,1094.88,348.58,118.18,1548,0,,18,14,4,0,1,37,0,1609,0
1700000539393,539.39,2020,0.0,296.3,143.96,1425,0,,14,53,6,0,3,76,0,1609,0
1700000539459,539.46,2047,0.0,251.85,108.97,1375,0,,40,50,4,0,2,96,0,1609,0
1700000539526,539.53,2098,59.99,223.07,32.93,1395,0,,34,48,6,0,3,91,1,1609,0
1700000539593,539.59,2039,562.44,273.98,14.6,1509,0,,30,68,3,0,4,105,1,1610,0
1700000539659,539.66,2023,0.0,232.88,113.15,1334,0,,29,28,3,0,2,62,0,1610,1
1700000539726,539.73,2045,0.0,197.95,108.06,1273,0,,23,36,4,0,2,65,0,1610,0
1700000539793,539.79,2056,914.9,305.49,306.13,1282,0,,4,38,6,0,3,51,0,1611,0
1700000539859,539.86,1923,959.89,403.65,55.98,1709,0,,29,24,3,0,3,59,0,1611,0
1700000539926,539.93,1928,0.0,343.1,131.54,1525,0,,4,60,3,0,2,69,0,1611,1
1700000539993,539.99,2057,157.48,315.26,111.81,1492,0,,40,12,5,0,2,59,0,1611,0
1700000540060,540.06,1907,0.0,267.97,130.2,1384,0,,22,28,6,0,4,60,0,1611,0
1700000540126,540.13,2188,0.0,227.78,292.78,1146,0,,9,33,5,0,1,48,0,1611,0
1700000540193,540.19,1941,1807.3,464.7,248.86,1638,0,,29,59,2,0,2,92,0,1611,0
1700000540260,540.26,1947,0.0,395.0,191.91,1563,0,,41,72,4,0,1,118,0,1611,0
1700000540326,540.33,2010,0.0,335.75,17.48,1621,0,,34,49,5,0,2,90,0,1611,0
1700000540393,540.39,2120,652.43,383.25,273.08,1462,0,,21,65,2,0,3,91,0,1611,0
1700000540460,540.46,1923,1289.86,519.24,86.47,1888,0,,25,39,2,0,3,69,0,1611,0
1700000540526,540.53,1948,0.0,441.36,214.44,1627,1,aman,16,27,6,0,3,52,0,1611,0
1700000540593,540.59,1965,0.0,375.15,56.72,1656,1,aman,23,63,2,0,2,90,2,1611,0
1700000540660,540.66,1971,562.44,403.24,5.36,1756,1,aman,12,74,3,0,1,90,0,1611,0
1700000540726,540.73,1890,239.97,378.75,121.0,1601,1,aman,26,33,3,0,2,64,0,1611,0
1700000540793,540.79,1939,0.0,321.94,47.82,1566,1,aman,16,61,4,0,4,85,0,1611,0
1700000540860,540.86,1963,914.9,410.88,95.89,1684,1,aman,11,39,2,0,4,56,0,1611,0
1700000540926,540.93,1817,247.47,386.37,122.73,1614,1,aman,20,52,2,0,2,76,0,1613,0
1700000540993,540.99,1930,0.0,328.42,66.43,1560,1,aman,28,19,4,0,3,54,0,1613,0
1700000541060,541.06,1985,1012.39,431.01,200.44,1622,1,aman,11,29,4,0,4,48,0,1613,0
1700000541126,541.13,1795,644.93,463.1,55.63,1817,1,aman,32,54,3,158,1,248,0,1614,0
1700000541193,541.19,1899,0.0,393.63,114.24,1635,1,aman,28,16,4,0,4,52,0,1614,0
1700000541260,541.26,1871,344.96,386.33,97.11,1638,1,aman,17,29,5,0,1,52,0,1615,0
1700000541326,541.33,1853,0.0,328.38,159.55,1470,1,aman,19,42,3,0,2,66,0,1615,0
1700000541393,541.39,1959,0.0,279.13,35.14,1498,1,aman,27,42,6,0,1,76,0,1615,0
1700000541460,541.46,1879,764.92,351.99,29.87,1639,1,aman,21,23,5,0,2,51,0,1615,0
1700000541526,541.53,1857,0.0,299.2,145.37,1429,1,aman,17,26,2,0,4,49,0,1615,1
1700000541593,541.59,1917,0.0,254.32,123.56,1365,1,aman,16,25,4,0,2,47,0,1615,0
1700000541660,541.66,1961,0.0,216.17,23.87,1391,1,aman,29,25,6,0,1,61,1,1616,0
1700000541726,541.73,1920,577.44,270.36,20.29,1496,1,aman,27,64,5,0,4,100,0,1616,0
1700000541793,541.79,1884,0.0,229.8,60.77,1380,1,aman,24,22,4,0,2,52,0,1616,0
1700000541860,541.86,1967,772.41,311.2,326.2,1273,1,aman,24,73,3,0,3,103,1,1616,0
1700000541926,541.93,1781,1229.86,449.0,104.85,1745,1,aman,5,67,5,0,3,80,0,1616,0
1700000541993,541.99,1803,0.0,381.65,182.08,1548,1,aman,5,56,4,0,2,67,0,1616,0
1700000542060,542.06,2053,15.0,326.65,203.48,1424,1,aman,31,50,3,0,4,88,0,1617,0
1700000542126,542.13,1801,1604.82,518.38,169.61,1810,1,aman,29,16,4,190,1,240,0,1617,0
1700000542193,542.19,1839,0.0,440.62,150.46,1687,1,aman,11,68,5,0,2,86,0,1617,0
1700000542260,542.26,1897,284.97,417.27,127.89,1666,1,aman,3,64,4,0,4,75,0,1617,0
1700000542326,542.33,1801,0.0,354.68,172.32,1507,1,aman,25,64,6,0,4,99,0,1618,0
1700000542393,542.39,1932,0.0,301.48,146.48,1432,1,aman,40,27,6,0,1,74,0,1619,0
1700000542460,542.46,1951,0.0,256.26,124.5,1368,1,aman,30,63,5,0,3,101,1,1619,0
1700000542526,542.53,1979,0.0,217.82,105.83,1313,1,aman,31,69,5,0,2,107,0,1619,0
1700000542593,542.59,1956,0.0,185.15,266.62,1090,1,aman,38,41,3,0,3,85,0,1619,0
1700000542660,542.66,2012,1597.32,396.97,378.96,1385,1,aman,22,19,5,0,2,48,0,1619,0
1700000542726,542.73,1743,682.42,439.79,25.81,1802,1,aman,28,46,6,152,4,236,0,1619,1
1700000542793,542.79,1921,269.97,414.32,130.4,1658,1,aman,23,31,4,0,3,61,0,1619,0
1700000542860,542.86,1707,0.0,352.17,171.1,1503,1,aman,5,43,3,0,2,53,0,1620,0
1700000542926,542.93,1925,0.0,299.34,122.0,1452,1,aman,38,21,6,0,3,68,0,1620,0
1700000542993,542.99,1824,104.99,270.19,103.7,1415,0,,31,42,6,0,3,82,0,1620,0
1700000543060,543.06,1911,0.0,229.66,134.5,1307,0,,43,70,2,0,2,117,1,1621,0
1700000543127,543.13,1878,1102.38,360.57,146.13,1543,0,,11,22,4,0,1,38,0,1621,0
1700000543193,543.19,1764,142.48,327.86,121.87,1506,0,,16,44,2,0,1,63,0,1621,0
1700000543260,543.26,1859,0.0,278.68,55.04,1478,0,,17,53,2,0,1,73,0,1621,0
1700000543327,543.33,1790,359.96,290.87,11.81,1543,0,,21,46,2,0,3,72,0,1621,0
1700000543393,543.39,1811,262.47,286.61,70.32,1478,0,,32,15,6,0,1,54,0,1621,0
1700000543460,543.46,1755,0.0,243.62,118.36,1350,0,,17,42,5,0,1,65,0,1621,0
1700000543527,543.53,1851,0.0,207.08,26.95,1370,0,,43,62,6,0,3,114,0,1621,0
1700000543593,543.59,1827,329.96,225.51,169.61,1264,0,,28,47,3,0,2,80,0,1621,0
1700000543660,543.66,1807,862.4,321.04,145.84,1469,0,,43,25,2,0,4,74,1,1621,0
1700000543727,543.73,1712,337.46,323.51,68.55,1549,0,,30,53,2,0,2,87,0,1621,0
1700000543793,543.79,1762,0.0,274.98,133.6,1394,0,,26,34,6,0,2,68,0,1621,0
1700000543860,543.86,1804,0.0,233.73,6.42,1441,0,,17,49,6,0,4,76,1,1621,0
1700000543927,543.93,1792,479.95,270.67,5.46,1511,0,,22,25,6,0,3,56,0,1621,0
1700000543993,543.99,1740,0.0,230.07,111.78,1330,0,,44,26,2,0,2,74,0,1621,0
1700000544060,544.06,1838,0.0,195.56,83.29,1293,0,,21,13,3,0,2,39,0,1621,0
1700000544127,544.13,1852,52.49,174.1,69.82,1265,0,,38,44,6,0,4,92,0,1621,0
1700000544193,544.19,1831,629.93,242.47,143.05,1323,0,,9,20,6,0,1,36,0,1622,0
1700000544260,544.26,1768,427.45,270.22,19.03,1497,0,,39,22,5,0,3,69,0,1622,0
1700000544327,544.33,1774,0.0,229.69,111.05,1330,0,,17,51,6,0,3,77,0,1623,0
1700000544393,544.39,1837,997.39,344.84,295.28,1368,0,,16,12,4,0,2,34,0,1623,1
1700000544460,544.46,1641,899.9,428.1,28.34,1779,1,Arah 2,31,66,2,115,2,216,0,1623,0
1700000544527,544.53,1717,0.0,363.89,176.8,1520,0,,8,22,6,0,1,37,0,1623,0
1700000544593,544.59,1784,0.0,309.3,114.22,1478,0,,15,36,5,0,1,57,0,1624,1
1700000544660,544.66,1728,1184.87,440.64,97.09,1737,1,Arah 2,44,31,6,212,3,296,0,1625,0
1700000544727,544.73,1626,0.0,374.54,181.97,1535,0,,5,58,6,0,3,72,0,1626,0
1700000544793,544.79,1765,0.0,318.36,154.68,1456,0,,35,28,2,0,3,68,0,1626,0
1700000544860,544.86,1791,0.0,270.61,82.93,1436,0,,12,65,5,0,2,84,0,1626,1
1700000544927,544.93,1788,217.48,262.64,70.49,1433,0,,30,59,5,0,1,95,0,1626,0
1700000544993,544.99,1762,0.0,223.24,104.14,1325,0,,36,13,2,0,3,54,1,1627,0
1700000545060,545.06,1867,952.39,332.61,247.55,1392,0,,12,16,3,0,1,32,0,1627,0
1700000545127,545.13,1635,712.42,389.59,2.18,1734,1,Arah 2,35,14,5,224,4,282,0,1628,0
1700000545193,545.19,1772,0.0,331.15,53.39,1578,0,,44,35,5,0,2,86,0,1629,0
1700000545260,545.26,1694,959.89,425.46,45.38,1758,1,Arah 2,23,21,5,161,2,212,0,1629,0
1700000545327,545.33,1644,0.0,361.64,175.71,1517,0,,22,49,2,0,4,77,0,1630,0
1700000545393,545.39,1797,0.0,307.39,23.08,1563,0,,42,50,3,0,4,99,0,1630,0
1700000545460,545.46,1803,772.41,377.15,88.25,1630,0,,34,30,3,0,4,71,0,1630,0
1700000545527,545.53,1694,307.47,366.7,97.41,1602,0,,28,35,6,0,4,73,0,1631,0
1700000545593,545.59,1762,0.0,311.69,52.67,1542,0,,12,38,5,0,1,56,1,1631,0
1700000545660,545.66,1833,442.45,331.3,139.38,1495,0,,13,67,4,0,2,86,1,1631,0
1700000545727,545.73,1703,824.91,405.35,19.7,1746,1,Arah 2,37,23,5,109,4,178,0,1631,0
1700000545793,545.79,1723,0.0,344.54,167.4,1493,0,,44,39,3,0,1,87,0,1631,0
1700000545860,545.86,1894,0.0,292.86,117.18,1444,0,,15,17,6,0,2,40,0,1632,0
1700000545927,545.93,1749,112.49,265.81,226.84,1285,0,,9,26,4,0,4,43,1,1632,0
1700000545993,545.99,1879,1462.34,445.29,584.54,1274,0,,44,39,6,0,2,91,1,1633,0
1700000546060,546.06,1554,1867.29,658.59,170.42,2053,1,Arah 2,15,58,5,223,4,305,0,1633,0
1700000546127,546.13,1630,0.0,559.8,271.98,1789,1,Arah 2,27,53,4,226,2,312,0,1633,0
1700000546194,546.19,1660,0.0,475.83,152.5,1749,1,Arah 2,37,15,2,219,4,277,0,1633,0
1700000546260,546.26,1709,352.46,457.32,129.63,1737,1,Arah 2,40,46,3,180,3,272,0,1634,0
1700000546327,546.33,1613,0.0,388.73,188.86,1554,0,,21,44,3,0,4,72,0,1634,0
1700000546394,546.39,1718,0.0,330.42,13.22,1615,0,,19,42,5,0,3,69,0,1634,0
1700000546460,546.46,1639,659.93,379.84,18.9,1701,1,Arah 2,14,16,6,207,4,247,0,1634,0
1700000546527,546.53,1630,134.99,343.11,76.33,1578,0,,21,74,4,0,4,103,1,1634,0
1700000546594,546.59,1621,929.9,431.13,34.75,1779,1,Arah 2,13,32,4,126,1,176,0,1635,0
1700000546660,546.66,1506,0.0,366.46,178.05,1523,1,Arah 2,7,39,4,173,1,224,0,1637,0
1700000546727,546.73,1651,0.0,311.49,29.46,1564,0,,21,25,6,0,2,54,0,1637,0
1700000546794,546.79,1684,809.91,386.26,137.2,1600,0,,15,38,3,0,3,59,0,1637,0
1700000546860,546.86,1543,502.44,403.68,64.18,1701,1,Arah 2,4,72,3,138,1,218,0,1637,1
1700000546927,546.93,1617,0.0,343.13,166.71,1491,0,,26,61,4,0,2,93,0,1637,0
1700000546994,546.99,1715,0.0,291.66,141.71,1418,0,,31,67,4,0,1,103,0,1637,0
1700000547060,547.06,1638,0.0,247.91,86.97,1389,0,,26,25,2,0,1,54,1,1637,0
1700000547127,547.13,1836,149.98,233.22,465.12,1000,0,,12,51,2,0,2,67,0,1637,0
1700000547194,547.19,1618,2414.73,560.45,361.87,1706,1,Arah 2,40,13,5,176,1,235,0,1638,1
1700000547260,547.26,1514,0.0,476.38,231.45,1676,1,Arah 2,15,34,6,133,1,189,0,1638,0
1700000547327,547.33,1673,0.0,404.92,99.64,1670,0,,13,59,2,0,1,75,0,1638,0
1700000547394,547.39,1678,434.95,409.43,198.22,1584,0,,7,51,2,0,1,61,1,1638,0
1700000547460,547.46,1615,1267.36,538.12,99.85,1909,1,Arah 2,36,22,3,192,4,257,0,1638,0
1700000547527,547.53,1509,127.49,476.52,198.04,1708,1,Arah 2,4,50,2,126,4,186,0,1638,0
1700000547594,547.59,1598,0.0,405.04,196.79,1577,0,,11,21,5,0,3,40,0,1639,0
1700000547660,547.66,1634,0.0,344.29,118.73,1539,0,,5,18,2,0,1,26,1,1639,0
1700000547727,547.73,1753,217.48,325.27,95.9,1526,0,,2,19,4,0,4,29,0,1639,0
1700000547794,547.79,1605,22.5,279.85,130.06,1407,0,,24,42,5,0,2,73,0,1640,0
1700000547860,547.86,1750,0.0,237.87,155.62,1302,0,,3,18,4,0,4,29,0,1640,0
1700000547927,547.93,1700,1214.87,384.42,336.51,1402,0,,11,29,3,0,3,46,0,1640,0
1700000547994,547.99,1588,914.9,463.99,14.84,1856,1,Arah 2,40,36,5,160,1,242,1,1640,1
1700000548060,548.06,1578,0.0,394.39,191.62,1562,0,,36,24,2,0,2,64,1,1641,0
1700000548127,548.13,1613,0.0,335.24,162.88,1479,0,,7,46,3,0,1,57,0,1641,0
1700000548194,548.19,1608,0.0,284.95,184.65,1363,0,,27,39,5,0,2,73,0,1641,0
1700000548260,548.26,1712,1447.34,459.31,188.76,1685,0,,12,54,3,0,1,70,0,1641,0
1700000548327,548.33,1415,142.48,411.78,112.43,1670,1,Arah 2,34,67,2,163,1,267,0,1641,0
1700000548394,548.39,1693,224.97,383.76,306.21,1431,0,,7,30,3,0,1,41,0,1641,0
1700000548460,548.46,1385,1942.28,617.54,210.06,1948,1,Arah 2,34,26,2,190,2,254,0,1641,0
1700000548527,548.53,1434,0.0,524.91,255.03,1742,1,Arah 2,39,58,6,176,1,280,0,1642,0
1700000548594,548.59,1544,0.0,446.17,216.78,1634,1,Arah 2,36,41,2,102,1,182,0,1642,0
1700000548660,548.66,1545,0.0,379.25,117.3,1606,1,Arah 2,16,57,5,92,3,173,0,1642,0
1700000548727,548.73,1585,299.97,367.36,69.57,1629,1,Arah 2,39,22,4,145,3,213,0,1642,0
1700000548794,548.79,1505,134.98,332.5,126.1,1510,1,Arah 2,13,12,3,156,4,188,1,1643,0
1700000548860,548.86,1567,0.0,282.62,127.27,1415,0,,5,54,2,0,4,65,0,1643,0
1700000548927,548.93,1613,45.0,246.98,27.42,1445,0,,24,55,5,0,2,86,1,1643,0
1700000548994,548.99,1561,607.43,301.05,30.0,1544,0,,33,34,4,0,4,75,0,1643,0
1700000549061,549.06,1532,74.99,267.14,110.1,1403,0,,31,53,2,0,2,88,0,1643,0
1700000549127,549.13,1551,0.0,227.07,114.0,1322,0,,4,29,5,0,4,42,0,1643,1
1700000549194,549.19,1615,1004.89,343.74,199.02,1460,0,,28,25,4,0,1,58,0,1643,0
1700000549261,549.26,1417,457.45,360.8,55.16,1631,1,Arah 2,42,28,6,143,1,220,0,1643,0
1700000549327,549.33,1554,0.0,306.68,149.0,1439,0,,8,25,6,0,3,42,0,1643,0
1700000549394,549.39,1534,0.0,260.68,102.69,1398,0,,25,29,6,0,1,61,2,1643,0
1700000549461,549.46,1584,1027.39,375.68,135.84,1581,0,,24,53,6,0,3,86,0,1643,0
1700000549527,549.53,1397,217.48,351.95,113.88,1558,1,Arah 2,3,66,3,128,3,203,0,1643,0
1700000549594,549.59,1555,0.0,299.16,197.83,1377,0,,11,59,2,0,2,74,0,1643,0
1700000549661,549.66,1522,1537.33,484.88,168.16,1751,1,Arah 2,31,18,2,126,1,178,0,1643,0
1700000549727,549.73,1350,0.0,412.15,200.25,1587,1,Arah 2,22,36,3,173,3,237,0,1643,0
1700000549794,549.79,1557,0.0,350.33,170.21,1501,0,,38,55,4,0,1,98,0,1643,0
1700000549861,549.86,1588,0.0,297.78,230.31,1342,0,,35,47,3,0,3,88,0,1643,0
1700000549927,549.93,1566,1679.81,505.08,2005.41,1000,0,,21,37,2,0,1,61,0,1643,0
1700000549994,549.99,1364,8106.6,1645.31,2714.05,1457,1,Arah 2,24,47,3,209,1,284,0,1643,0
1700000550061,550.06,485,6201.81,2328.79,497.3,3609,1,Arah 2,23,53,5,177,1,259,0,1643,0
1700000550127,550.13,537,0.0,1979.47,826.14,3282,1,Arah 2,43,70,4,161,1,279,0,1643,0
1700000550194,550.19,495,607.43,1773.66,702.22,3159,1,Arah 2,28,29,3,134,3,197,0,1643,0
1700000550261,550.26,456,0.0,1507.61,732.48,2861,1,Arah 2,25,31,2,146,1,205,1,1643,0
1700000550327,550.33,523,0.0,1281.47,622.61,2646,1,aman,15,45,3,121,1,185,0,1643,0
1700000550394,550.39,460,0.0,1089.25,529.22,2443,1,aman,4,74,4,177,2,261,0,1644,0
1700000550461,550.46,585,0.0,925.86,190.36,2461,1,aman,8,29,6,100,3,146,0,1644,0
1700000550527,550.53,530,1162.37,961.34,56.34,2610,1,aman,12,45,6,138,4,205,0,1644,0
1700000550594,550.59,430,472.45,888.01,307.37,2311,1,aman,23,24,2,117,3,169,0,1644,0
1700000550661,550.66,467,0.0,754.8,353.33,2056,1,aman,14,74,6,195,1,290,0,1644,0
1700000550727,550.73,464,59.99,650.58,300.33,1924,1,aman,12,20,3,162,2,199,0,1645,0
1700000550794,550.79,459,0.0,553.0,173.26,1868,1,aman,29,36,2,208,2,277,0,1645,0
1700000550861,550.86,616,427.45,534.16,13.34,1980,1,aman,23,30,3,187,1,244,0,1645,0
1700000550927,550.93,402,599.93,544.03,9.67,2000,1,aman,20,50,2,205,2,279,0,1645,0
1700000550994,550.99,536,434.95,527.67,142.14,1852,1,aman,21,28,2,199,3,253,0,1645,0
1700000551061,551.06,344,0.0,448.52,217.92,1637,1,aman,13,48,5,129,2,197,3,1646,0
1700000551127,551.13,540,0.0,381.24,185.23,1544,1,aman,44,20,4,171,3,242,0,1646,0
1700000551194,551.19,570,0.0,324.05,28.54,1589,1,aman,39,61,2,183,1,286,1,1647,0
1700000551261,551.26,579,577.44,362.06,114.69,1576,1,aman,7,43,6,204,2,262,0,1647,0
1700000551327,551.33,493,622.43,401.12,31.42,1727,1,aman,19,51,3,158,2,233,0,1647,0
1700000551394,551.39,496,0.0,340.95,132.17,1520,1,aman,8,74,5,224,2,313,0,1647,0
1700000551461,551.46,680,149.98,312.3,34.97,1561,1,aman,34,20,2,149,2,207,0,1648,0
1700000551527,551.53,476,659.93,364.45,3.76,1687,1,aman,3,73,6,126,4,212,0,1648,0
1700000551594,551.59,592,0.0,309.78,33.33,1557,1,aman,40,50,2,111,4,207,0,1648,1
1700000551661,551.66,545,524.94,342.05,93.88,1559,1,aman,7,39,5,221,4,276,0,1648,0
1700000551727,551.73,522,547.44,372.86,37.39,1670,1,aman,44,54,4,152,3,257,0,1648,0
1700000551794,551.79,472,0.0,316.93,153.98,1454,1,aman,35,17,6,195,1,254,1,1648,0
1700000551861,551.86,567,0.0,269.39,66.65,1449,1,aman,43,39,3,222,3,310,0,1648,0
1700000551927,551.93,520,884.9,361.72,56.65,1631,1,aman,42,30,6,215,3,296,0,1648,0
1700000551994,551.99,449,0.0,307.46,149.38,1440,1,aman,9,60,5,153,2,229,0,1648,0
1700000552061,552.06,531,0.0,261.34,126.97,1375,1,aman,32,74,6,110,1,223,3,1648,0
1700000552128,552.13,653,0.0,222.14,87.84,1339,1,aman,18,28,4,177,3,230,1,1648,0
1700000552194,552.19,648,89.99,202.32,345.52,1044,1,aman,29,59,4,187,3,282,0,1648,0
1700000552261,552.26,641,1882.29,454.31,317.13,1553,1,aman,21,32,6,221,4,284,0,1648,0
1700000552328,552.33,397,194.98,415.41,150.63,1641,1,aman,21,46,3,92,4,166,0,1648,0
1700000552394,552.39,615,0.0,353.1,129.71,1545,1,aman,39,39,2,105,2,187,0,1648,0
1700000552461,552.46,726,187.48,328.26,197.78,1432,1,aman,30,55,5,225,1,316,0,1648,0
1700000552528,552.53,590,1379.85,486.0,132.95,1786,1,aman,17,57,3,203,2,282,1,1648,0
1700000552594,552.59,542,30.0,417.6,189.99,1607,1,aman,39,15,4,100,4,162,2,1648,0
1700000552661,552.66,586,22.5,358.33,131.36,1553,1,aman,27,38,3,98,3,169,0,1648,0
1700000552728,552.73,539,164.98,329.33,70.82,1558,1,aman,27,25,3,168,4,227,0,1648,0
1700000552794,552.79,564,839.91,405.92,23.36,1744,1,aman,9,12,3,207,1,232,0,1648,0
1700000552861,552.86,427,0.0,345.03,167.63,1493,1,Arah 2,14,70,2,196,4,286,0,1649,0
1700000552928,552.93,602,0.0,293.27,115.7,1446,1,Arah 2,3,71,4,103,4,185,0,1649,0
1700000552994,552.99,724,119.99,267.28,62.36,1450,1,Arah 2,31,34,2,226,3,296,0,1649,0
1700000553061,553.06,586,719.92,335.18,272.31,1372,1,Arah 2,29,30,6,152,4,221,0,1649,0
1700000553128,553.13,628,1102.38,450.26,385.47,1479,1,Arah 2,5,65,6,192,1,269,0,1649,0
1700000553194,553.19,439,1409.84,594.19,81.57,2022,1,Arah 2,34,34,5,187,1,261,0,1649,0
1700000553261,553.26,440,0.0,505.07,245.39,1715,1,Arah 2,6,13,6,216,1,242,1,1650,0
1700000553328,553.33,537,0.0,429.31,208.58,1611,1,Arah 2,30,61,3,208,2,304,1,1650,0
1700000553394,553.39,638,0.0,364.91,177.29,1521,1,Arah 2,6,37,6,97,4,150,0,1650,0
1700000553461,553.46,664,0.0,310.17,150.7,1444,1,Arah 2,10,45,5,184,1,245,0,1650,0
1700000553528,553.53,668,0.0,263.65,128.09,1378,1,Arah 2,42,65,4,140,3,254,0,1650,0
1700000553594,553.59,703,0.0,224.1,209.19,1222,1,Arah 2,30,33,6,156,2,227,0,1651,0
1700000553661,553.66,791,1424.84,404.21,437.29,1341,1,Arah 2,13,40,2,104,2,161,0,1651,0
1700000553728,553.73,513,1162.37,517.94,62.0,1908,1,Arah 2,10,71,3,148,2,234,0,1651,0
1700000553794,553.79,636,37.5,445.87,176.65,1672,1,Arah 2,28,39,6,186,3,262,0,1651,0
1700000553861,553.86,508,134.98,399.24,158.52,1603,1,Arah 2,37,61,5,188,1,292,0,1651,0
1700000553928,553.93,618,0.0,339.35,164.88,1485,1,Arah 2,34,25,4,220,4,287,0,1651,0
1700000553994,553.99,625,0.0,288.45,140.14,1413,1,Arah 2,11,25,5,151,2,194,0,1652,0
1700000554061,554.06,628,0.0,245.18,119.12,1352,1,Arah 2,40,14,3,141,4,202,0,1652,0
1700000554128,554.13,773,0.0,208.4,277.08,1125,1,Arah 2,5,25,5,228,1,264,0,1653,0
1700000554194,554.19,634,1694.81,431.37,292.44,1534,1,Arah 2,36,48,4,160,3,251,0,1653,0
1700000554261,554.26,547,254.97,404.91,129.76,1641,1,Arah 2,25,29,5,90,3,152,0,1653,0
1700000554328,554.33,600,0.0,344.17,167.22,1492,1,Arah 2,12,70,4,165,4,255,0,1654,0
1700000554394,554.39,835,0.0,292.54,502.37,1062,1,Arah 2,9,40,5,146,4,204,0,1655,0
1700000554461,554.46,631,2887.18,681.74,447.11,1845,1,Arah 2,23,64,5,90,1,183,1,1655,0
1700000554528,554.53,450,89.99,592.98,264.47,1855,1,Arah 2,5,40,3,113,3,164,0,1655,0
1700000554594,554.59,619,0.0,504.03,102.59,1846,1,Arah 2,44,47,5,97,3,196,1,1656,0
1700000554661,554.66,569,637.43,524.04,87.2,1896,1,Arah 2,43,46,5,95,4,193,0,1656,0
1700000554728,554.73,534,0.0,445.43,216.42,1633,1,Arah 2,40,14,6,176,2,238,0,1657,0
1700000554794,554.79,601,0.0,378.62,172.24,1552,1,Arah 2,19,41,2,155,2,219,0,1657,0
1700000554861,554.86,694,52.49,329.7,146.4,1485,1,Arah 2,3,61,3,218,3,288,0,1657,0
1700000554928,554.93,594,0.0,280.25,126.11,1412,1,Arah 2,2,21,2,212,1,238,0,1657,0
1700000554994,554.99,701,45.0,244.96,95.36,1375,1,Arah 2,13,27,2,145,2,189,0,1658,0
1700000555061,555.06,588,907.4,344.32,71.01,1585,1,Arah 2,17,35,5,159,2,218,0,1659,0
1700000555128,555.13,580,0.0,292.68,142.2,1419,1,Arah 2,34,52,4,215,4,309,0,1660,0
1700000555195,555.2,637,0.0,248.77,120.87,1357,1,Arah 2,2,55,3,98,1,159,1,1660,0
1700000555261,555.26,675,0.0,211.46,79.73,1327,1,Arah 2,20,67,6,126,4,223,0,1660,0
1700000555328,555.33,676,817.41,302.35,114.65,1465,1,Arah 2,41,45,5,207,4,302,1,1660,0
1700000555395,555.4,566,209.98,288.49,85.02,1467,1,Arah 2,2,60,4,201,4,271,2,1660,0
1700000555461,555.46,648,0.0,245.22,50.51,1419,1,Arah 2,10,42,5,175,2,234,1,1661,0
1700000555528,555.53,756,307.47,254.56,20.68,1466,1,Arah 2,9,33,4,178,2,226,0,1661,0
1700000555595,555.6,607,284.97,259.12,51.05,1445,1,Arah 2,4,61,5,154,2,226,0,1662,0
1700000555661,555.66,718,0.0,220.25,50.35,1372,1,Arah 2,19,45,6,98,1,169,0,1662,0
1700000555728,555.73,733,704.92,292.95,42.8,1517,1,Arah 2,36,53,2,102,1,194,0,1662,0
1700000555795,555.8,624,0.0,249.01,120.98,1357,1,Arah 2,15,37,6,174,2,234,0,1663,0
1700000555861,555.86,750,0.0,211.66,42.81,1363,1,Arah 2,29,69,5,98,4,205,1,1663,0
1700000555928,555.93,702,652.43,277.77,36.39,1495,1,Arah 2,20,55,2,228,2,307,0,1663,0
1700000555995,556.0,663,0.0,236.11,29.34,1423,1,Arah 2,11,59,4,226,4,304,0,1663,0
1700000556061,556.06,737,382.46,258.06,100.62,1395,1,Arah 2,23,19,3,159,4,208,0,1663,0
1700000556128,556.13,612,562.44,303.72,0.15,1578,1,Arah 2,4,45,5,121,1,176,0,1663,0
1700000556195,556.2,662,0.0,258.16,125.43,1370,1,Arah 2,5,48,4,150,1,208,0,1663,0
1700000556261,556.26,647,0.0,219.44,106.61,1315,1,Arah 2,30,59,4,145,2,240,0,1663,1
1700000556328,556.33,735,0.0,186.52,143.75,1215,1,Arah 2,26,63,2,227,4,322,0,1663,0
1700000556395,556.4,670,1049.88,316.02,122.18,1483,1,Arah 2,26,74,3,211,1,315,0,1663,0
1700000556461,556.46,595,0.0,268.62,130.51,1385,1,Arah 2,15,43,2,127,2,189,1,1663,0
1700000556528,556.53,745,0.0,228.33,79.91,1359,1,Arah 2,6,18,5,171,2,202,0,1663,0
1700000556595,556.6,646,854.9,322.31,67.92,1547,1,Arah 2,41,60,3,128,2,234,0,1663,1
1700000556661,556.66,631,0.0,273.97,133.11,1393,1,Arah 2,8,33,6,190,1,238,1,1664,0
1700000556728,556.73,726,0.0,232.87,99.46,1348,1,Arah 2,3,37,2,216,3,261,0,1664,0
1700000556795,556.8,789,952.39,340.8,258.64,1396,1,Arah 2,41,43,4,182,1,271,0,1664,0
1700000556861,556.86,599,779.91,406.67,7.24,1760,1,Arah 2,28,62,5,142,2,239,0,1664,0
1700000556928,556.93,685,0.0,345.67,167.94,1494,1,Arah 2,42,20,4,212,3,281,0,1664,0
1700000556995,557.0,721,0.0,293.82,54.03,1508,1,Arah 2,14,54,5,227,1,301,0,1664,0
1700000557061,557.06,733,397.46,309.36,196.81,1397,1,Arah 2,30,73,6,143,1,253,1,1665,0
1700000557128,557.13,668,1087.38,426.07,78.57,1728,1,Arah 2,43,12,4,219,4,282,0,1666,0
1700000557195,557.2,588,0.0,362.16,175.96,1517,1,Arah 2,44,23,2,141,3,213,0,1666,0
1700000557261,557.26,864,0.0,307.83,78.11,1510,1,Arah 2,43,57,6,135,3,244,1,1667,0
1700000557328,557.33,802,1019.89,414.64,78.11,1708,1,Arah 2,22,22,2,172,4,222,0,1667,0
1700000557395,557.4,728,52.49,360.32,157.93,1531,1,Arah 2,38,38,5,101,4,186,1,1667,0
1700000557461,557.46,795,15.0,308.52,48.23,1541,1,Arah 2,22,65,2,172,1,262,1,1667,0
1700000557528,557.53,726,869.9,392.73,211.75,1540,1,Arah 2,3,74,5,103,4,189,0,1667,0
1700000557595,557.6,679,779.91,450.81,136.46,1719,1,Arah 2,13,67,5,156,4,245,0,1667,0
1700000557661,557.66,622,674.93,484.42,58.11,1852,1,Arah 2,27,42,2,125,4,200,0,1667,0
1700000557728,557.73,589,0.0,411.76,200.06,1586,1,Arah 2,32,34,2,130,4,202,1,1667,0
1700000557795,557.8,774,0.0,350.0,170.05,1500,1,Arah 2,44,47,2,183,1,277,1,1667,0
1700000557861,557.86,767,0.0,297.5,144.54,1426,1,Arah 2,29,67,2,217,1,316,0,1668,0
1700000557928,557.93,823,0.0,252.87,35.81,1448,1,Arah 2,11,21,5,99,1,137,0,1668,0
1700000557995,558.0,785,389.96,273.43,30.44,1492,1,Arah 2,44,34,6,130,4,218,0,1668,0
1700000558062,558.06,771,0.0,232.42,17.65,1427,1,Arah 2,19,15,3,202,3,242,0,1669,0
1700000558128,558.13,834,584.94,285.3,110.43,1437,1,Arah 2,14,40,5,190,2,251,1,1669,0
1700000558195,558.2,693,427.45,306.62,135.71,1452,1,Arah 2,24,17,3,157,2,203,0,1669,0
1700000558262,558.26,777,772.41,376.49,230.87,1491,1,Arah 2,12,59,2,225,1,299,0,1669,0
1700000558328,558.33,590,944.9,461.75,23.81,1843,1,Arah 2,12,25,5,133,3,178,0,1669,0
1700000558395,558.4,651,0.0,392.49,143.82,1605,1,Arah 2,6,43,4,125,4,182,0,1670,0
1700000558462,558.46,687,209.98,365.11,122.25,1575,1,Arah 2,40,58,6,195,4,303,0,1670,0
1700000558528,558.53,623,0.0,310.34,150.78,1444,1,Arah 2,5,73,4,203,2,287,0,1670,0
1700000558595,558.6,852,0.0,263.79,128.17,1378,1,Arah 2,41,13,4,182,3,243,0,1670,0
1700000558662,558.66,678,0.0,224.22,108.94,1322,1,Arah 2,42,37,2,144,3,228,0,1670,0
1700000558728,558.73,897,0.0,190.59,21.24,1345,1,Arah 2,10,53,2,142,4,211,0,1670,0
1700000558795,558.8,827,509.94,238.49,18.05,1439,1,Arah 2,17,26,6,97,2,148,0,1670,0
1700000558862,558.86,829,0.0,202.72,186.1,1204,1,Arah 2,11,58,5,194,1,269,0,1670,0
1700000558928,558.93,878,1274.86,363.54,158.18,1537,1,Arah 2,20,29,5,133,3,190,0,1670,0
1700000558995,559.0,659,0.0,309.01,150.13,1442,1,Arah 2,32,45,6,114,4,201,1,1670,0
1700000559062,559.06,892,0.0,262.66,138.56,1366,1,Arah 2,24,19,6,162,3,214,0,1671,0
1700000559128,559.13,751,1192.37,402.11,144.56,1622,1,Arah 2,39,40,5,214,2,300,0,1671,0
1700000559195,559.2,733,119.99,359.8,143.3,1544,1,Arah 2,32,53,6,186,4,281,0,1671,0
1700000559262,559.26,735,0.0,305.83,108.41,1477,1,Arah 2,42,34,3,139,4,222,1,1671,0
1700000559328,559.33,809,179.98,286.95,86.97,1463,1,Arah 2,19,13,3,193,1,229,0,1671,0
1700000559395,559.4,711,802.41,364.27,33.75,1658,1,Arah 2,30,25,5,203,4,267,0,1671,0
1700000559462,559.46,702,0.0,309.63,150.43,1443,1,Arah 2,20,34,3,194,2,253,1,1671,0
1700000559528,559.53,870,0.0,263.18,99.8,1405,1,Arah 2,27,32,3,193,2,257,1,1671,0
1700000559595,559.6,769,1019.89,376.69,84.83,1632,1,Arah 2,22,59,5,163,2,251,0,1671,0
1700000559662,559.66,734,0.0,320.19,155.56,1458,1,Arah 2,31,14,4,186,3,238,0,1671,0
1700000559728,559.73,840,0.0,272.16,82.01,1440,1,Arah 2,21,17,4,227,4,273,0,1671,0
1700000559795,559.8,853,224.97,265.08,41.25,1466,1,Arah 2,37,49,3,167,1,257,0,1671,0
1700000559862,559.86,810,127.49,244.44,10.14,1458,1,Arah 2,11,16,4,202,1,234,0,1671,0
1700000559928,559.93,836,427.45,271.89,70.56,1450,1,Arah 2,31,26,5,171,3,236,0,1671,0
1700000559995,560.0,753,404.95,291.85,35.45,1522,1,Arah 2,40,47,6,124,1,218,0,1671,0
1700000560062,560.06,782,0.0,248.07,5.03,1469,1,Arah 2,4,48,5,128,1,186,0,1671,0
1700000560128,560.13,756,562.44,295.23,4.27,1558,1,Arah 2,24,33,3,208,2,270,1,1671,0
1700000560195,560.2,707,0.0,250.94,38.79,1442,1,aman,41,44,4,228,1,318,0,1671,0
1700000560262,560.26,820,719.92,321.29,265.66,1352,1,aman,5,45,2,160,2,214,0,1671,0
1700000560328,560.33,611,1042.38,429.45,65.1,1747,1,aman,12,66,6,150,2,236,2,1671,0
1700000560395,560.4,681,0.0,365.04,177.36,1521,1,aman,38,68,5,210,4,325,1,1671,0
1700000560462,560.46,727,0.0,310.28,150.75,1444,1,aman,8,62,4,129,2,205,0,1671,0
1700000560528,560.53,809,0.0,263.74,128.14,1378,1,aman,8,39,2,188,4,241,0,1673,0
1700000560595,560.6,811,0.0,224.18,108.92,1322,1,aman,15,42,5,113,3,178,0,1674,0
1700000560662,560.66,847,0.0,190.55,11.21,1354,1,aman,30,26,2,182,2,242,0,1674,0
1700000560728,560.73,976,464.95,231.71,553.6,1000,1,aman,33,25,3,162,1,224,0,1674,0
1700000560795,560.8,785,2437.23,562.54,366.76,1705,1,aman,11,36,4,197,3,251,0,1674,0
1700000560862,560.86,651,0.0,478.16,232.32,1678,1,aman,25,24,3,181,2,235,1,1674,1
1700000560928,560.93,885,0.0,406.43,197.47,1579,1,aman,22,17,6,190,1,236,0,1674,0
1700000560995,561.0,788,0.0,345.47,167.85,1494,1,aman,41,30,4,161,3,239,0,1674,0
1700000561062,561.06,888,0.0,293.65,56.54,1505,1,aman,8,18,3,128,1,158,0,1674,0
1700000561129,561.13,939,892.4,383.46,237.23,1498,1,aman,5,13,5,114,4,141,1,1674,0
1700000561195,561.2,769,847.41,453.05,2.43,1848,1,aman,13,36,2,178,4,233,0,1674,0
1700000561262,561.26,826,0.0,385.1,105.07,1628,1,aman,8,28,4,146,3,189,1,1674,0
1700000561329,561.33,799,367.46,382.45,89.31,1638,1,aman,44,34,5,190,1,274,0,1674,0
1700000561395,561.4,777,0.0,325.08,157.94,1465,1,aman,29,21,3,146,4,203,0,1674,0
1700000561462,561.46,858,0.0,276.32,134.25,1396,1,aman,16,61,2,203,4,286,1,1674,0
1700000561529,561.53,860,0.0,234.87,76.73,1374,1,aman,34,15,6,134,1,190,0,1674,0
1700000561595,561.6,952,854.9,327.88,175.71,1453,1,aman,12,22,2,181,1,218,1,1674,0
1700000561662,561.66,746,494.94,352.94,41.49,1630,1,aman,14,12,3,212,2,243,0,1674,0
1700000561729,561.73,886,0.0,300.0,145.76,1430,1,aman,10,35,3,201,1,250,0,1674,0
1700000561795,561.8,885,0.0,255.0,123.89,1366,1,aman,43,35,5,151,4,238,0,1674,0
1700000561862,561.86,986,0.0,216.75,28.3,1387,1,aman,3,29,2,124,2,160,0,1674,0
1700000561929,561.93,1011,344.96,235.98,238.77,1216,1,aman,39,44,6,215,3,307,0,1674,0
1700000561995,562.0,940,1177.37,377.19,161.1,1560,1,aman,9,40,6,162,1,218,1,1675,0
1700000562062,562.06,854,157.48,344.23,62.27,1594,1,aman,35,32,4,154,1,226,0,1675,0
1700000562129,562.13,919,284.97,335.34,67.6,1572,1,aman,28,28,6,177,3,242,0,1675,0
1700000562195,562.2,816,697.42,389.65,37.37,1701,1,aman,36,42,5,191,3,277,0,1675,0
1700000562262,562.26,826,194.98,360.45,123.92,1564,1,aman,36,37,3,116,1,193,0,1676,0
1700000562329,562.33,790,0.0,306.39,148.86,1439,1,aman,39,66,2,140,1,248,0,1676,0
1700000562395,562.4,918,0.0,260.43,71.29,1428,1,aman,10,34,2,105,1,152,0,1676,0
1700000562462,562.46,847,247.47,258.48,8.7,1485,1,aman,34,26,3,102,4,169,1,1676,0
1700000562529,562.53,885,232.47,254.58,166.71,1323,1,aman,38,51,2,154,1,246,1,1677,0
1700000562595,562.6,816,1027.39,370.5,89.81,1616,1,aman,5,35,3,127,1,171,0,1677,0
1700000562662,562.66,748,0.0,314.93,153.01,1451,1,Arah 2,34,19,6,198,1,258,1,1678,0
1700000562729,562.73,931,0.0,267.69,76.49,1437,1,Arah 2,42,54,6,192,3,297,0,1678,0
1700000562795,562.8,814,239.97,263.53,65.02,1440,1,Arah 2,6,53,3,105,2,169,0,1678,0
1700000562862,562.86,899,0.0,224.0,108.83,1322,1,Arah 2,38,72,6,146,3,265,1,1678,0
1700000562929,562.93,991,0.0,190.4,254.02,1113,1,Arah 2,13,25,6,228,4,276,0,1678,0
1700000562995,563.0,999,1552.33,394.69,359.89,1399,1,Arah 2,15,41,6,109,4,175,0,1678,0
1700000563062,563.06,784,644.93,432.23,40.63,1775,1,Arah 2,35,58,5,170,3,271,0,1679,0
1700000563129,563.13,913,0.0,367.39,116.56,1584,1,Arah 2,43,32,6,202,2,285,0,1679,1
1700000563195,563.2,994,277.47,353.9,62.25,1612,1,Arah 2,18,71,6,173,1,269,0,1680,0
1700000563262,563.26,876,164.98,325.57,114.85,1508,1,Arah 2,43,12,4,161,4,224,0,1681,0
1700000563329,563.33,972,0.0,276.73,22.29,1506,1,Arah 2,36,50,4,161,1,252,0,1681,0
1700000563395,563.4,1042,502.44,310.59,238.86,1358,1,Arah 2,33,64,3,192,4,296,0,1681,0
1700000563462,563.46,905,1154.87,437.23,117.65,1712,1,Arah 2,23,29,3,175,2,232,0,1681,0
1700000563529,563.53,888,119.99,389.64,127.67,1615,1,Arah 2,27,13,3,118,4,165,0,1682,0
1700000563595,563.6,889,134.98,351.44,118.56,1553,1,Arah 2,23,27,5,126,3,184,0,1683,0
1700000563662,563.66,870,74.99,309.98,130.91,1463,1,Arah 2,23,17,3,120,3,166,1,1683,0
1700000563729,563.73,879,0.0,263.48,66.07,1439,1,Arah 2,15,65,3,117,3,203,0,1683,0
1700000563795,563.8,880,277.47,265.58,56.16,1452,1,Arah 2,35,26,3,173,3,240,0,1683,0
1700000563862,563.86,842,0.0,225.74,109.68,1324,1,Arah 2,10,54,5,211,2,282,0,1683,0
1700000563929,563.93,889,0.0,191.88,48.03,1321,1,Arah 2,43,41,2,187,1,274,0,1683,0
1700000563995,564.0,873,202.48,193.47,40.82,1331,1,Arah 2,23,41,3,96,4,167,0,1684,0
1700000564062,564.06,862,0.0,164.45,142.75,1174,1,Arah 2,32,43,3,171,1,250,0,1684,0
1700000564129,564.13,947,997.39,289.39,121.34,1434,1,Arah 2,44,35,2,109,2,192,1,1685,0
1700000564196,564.2,729,0.0,245.98,119.51,1353,1,Arah 2,36,28,5,157,3,229,0,1685,0
1700000564262,564.26,984,0.0,209.08,122.74,1279,1,Arah 2,29,56,4,156,3,248,0,1685,1
1700000564329,564.33,734,1004.89,328.46,104.33,1524,1,Arah 2,30,46,2,203,1,282,0,1685,0
1700000564396,564.4,850,0.0,279.19,135.64,1400,1,Arah 2,37,26,5,108,3,179,0,1686,0
1700000564462,564.46,978,0.0,237.31,115.3,1341,1,Arah 2,16,60,2,98,3,179,0,1686,0
1700000564529,564.53,1097,0.0,201.71,27.55,1360,1,Arah 2,25,15,4,169,2,215,0,1686,0
1700000564596,564.6,994,562.44,255.82,23.42,1466,1,Arah 2,24,31,6,219,1,281,0,1686,0
1700000564662,564.66,1022,0.0,217.45,98.95,1319,1,Arah 2,31,36,4,196,4,271,1,1686,0
1700000564729,564.73,1147,30.0,189.33,401.36,1000,0,,15,15,2,0,3,35,0,1686,0
1700000564796,564.8,1018,2174.76,487.14,525.31,1412,1,Arah 2,31,21,3,126,2,183,0,1686,1
1700000564862,564.86,857,854.91,542.31,38.96,1971,1,Arah 2,35,61,2,109,1,208,0,1686,0
1700000564929,564.93,904,0.0,460.96,175.41,1701,1,Arah 2,37,19,4,114,1,175,0,1686,0
1700000564996,565.0,969,217.48,424.44,149.1,1659,1,Arah 2,24,45,2,173,3,247,0,1686,0
1700000565062,565.06,875,0.0,360.77,71.49,1615,1,Arah 2,22,29,4,212,3,270,0,1686,0
1700000565129,565.13,1017,464.95,376.4,60.77,1654,1,Arah 2,23,12,4,189,1,229,0,1686,0
1700000565196,565.2,813,0.0,319.94,155.44,1458,1,Arah 2,31,70,2,208,3,314,0,1687,0
1700000565262,565.26,1156,0.0,271.95,308.15,1216,1,Arah 2,35,68,3,183,3,292,0,1687,0
1700000565329,565.33,994,1972.28,527.0,261.92,1739,1,Arah 2,25,40,4,225,3,297,0,1688,0
1700000565396,565.4,893,0.0,447.95,217.64,1637,1,Arah 2,33,20,4,94,4,155,0,1689,0
1700000565462,565.46,1001,0.0,380.76,169.93,1558,1,Arah 2,23,24,4,193,2,246,0,1689,0
1700000565529,565.53,979,67.49,333.77,100.91,1537,1,Arah 2,8,20,2,200,3,233,0,1689,0
1700000565596,565.6,992,194.98,312.95,100.84,1498,1,Arah 2,4,43,2,153,2,204,0,1689,0
1700000565662,565.66,953,0.0,266.01,129.24,1382,1,Arah 2,33,44,3,226,3,309,0,1689,0
1700000565729,565.73,1066,0.0,226.11,119.49,1315,1,Arah 2,8,48,6,99,1,162,0,1690,0
1700000565796,565.8,997,1027.39,346.3,290.73,1375,1,Arah 2,38,45,3,161,2,249,1,1691,0
1700000565862,565.86,929,847.41,421.46,17.78,1777,1,Arah 2,6,51,4,209,3,273,0,1691,0
1700000565929,565.93,884,0.0,358.24,174.06,1512,1,Arah 2,35,62,2,209,2,310,0,1691,0
1700000565996,566.0,932,0.0,304.51,147.95,1436,1,Arah 2,32,65,2,228,4,331,0,1692,0
1700000566062,566.06,1077,0.0,258.83,180.6,1317,1,Arah 2,34,31,6,142,2,215,0,1692,0
1700000566129,566.13,1035,1372.35,425.86,307.52,1509,1,Arah 2,12,47,5,185,2,251,0,1692,0
1700000566196,566.2,894,689.92,465.47,44.96,1831,1,Arah 2,35,30,5,162,3,235,0,1692,0
1700000566262,566.26,943,0.0,395.65,192.23,1564,1,Arah 2,22,12,3,119,3,159,0,1692,0
1700000566329,566.33,978,0.0,336.3,163.39,1481,1,Arah 2,7,31,3,149,4,194,0,1692,0
1700000566396,566.4,944,0.0,285.86,135.54,1413,1,Arah 2,11,66,6,167,3,253,0,1693,0
1700000566462,566.46,1106,15.0,245.23,320.05,1153,1,Arah 2,31,65,6,181,3,286,0,1694,0
1700000566529,566.53,942,1949.78,500.91,297.15,1658,1,Arah 2,32,23,3,100,4,162,1,1694,0
1700000566596,566.6,846,127.49,444.9,182.68,1664,1,Arah 2,25,50,5,205,4,289,0,1694,0
1700000566662,566.66,925,0.0,378.16,183.73,1540,1,Arah 2,44,46,4,175,1,270,0,1694,0
1700000566729,566.73,1028,0.0,321.44,156.17,1460,1,Arah 2,43,54,6,134,4,241,0,1694,0
1700000566796,566.8,1018,0.0,273.22,22.94,1499,1,Arah 2,38,37,5,174,3,257,0,1694,1
1700000566862,566.86,1140,697.42,336.85,250.52,1397,1,Arah 2,40,60,6,137,1,244,0,1694,0
1700000566929,566.93,925,1034.88,441.56,57.25,1776,1,Arah 2,5,28,5,184,2,224,0,1694,0
1700000566996,567.0,1002,0.0,375.32,182.35,1536,1,Arah 2,6,66,4,164,4,244,0,1695,0
1700000567063,567.06,1061,0.0,319.03,108.13,1502,1,Arah 2,5,72,6,171,3,257,0,1695,0
1700000567129,567.13,1062,209.98,302.67,31.97,1546,1,Arah 2,2,39,5,173,4,223,0,1695,0
1700000567196,567.2,1033,554.94,340.51,72.38,1577,1,Arah 2,43,57,2,91,1,194,0,1695,0
1700000567263,567.26,988,412.45,351.3,40.6,1627,1,Arah 2,27,72,2,128,3,232,0,1696,0
1700000567329,567.33,978,97.49,313.23,88.08,1511,1,Arah 2,11,73,5,208,2,299,0,1696,0
1700000567396,567.4,975,172.48,292.12,17.21,1540,1,Arah 2,23,66,5,152,4,250,1,1696,0
1700000567463,567.46,955,509.94,324.79,23.88,1594,1,Arah 2,42,54,2,227,4,329,0,1696,0
1700000567529,567.53,907,0.0,276.07,134.13,1396,1,Arah 2,30,18,3,108,4,163,0,1697,0
1700000567596,567.6,1096,0.0,234.66,93.57,1357,1,Arah 2,37,55,4,113,2,211,0,1697,0
1700000567663,567.66,993,929.9,338.95,163.24,1486,1,Arah 2,38,14,3,128,2,185,1,1697,0
1700000567729,567.73,972,374.96,344.35,26.98,1628,1,Arah 2,18,38,4,144,1,205,1,1697,0
1700000567796,567.8,943,187.48,320.82,106.63,1507,1,Arah 2,16,13,5,141,1,176,1,1697,0
1700000567863,567.86,947,0.0,272.7,132.49,1391,1,Arah 2,21,13,6,157,3,200,0,1697,0
1700000567929,567.93,1017,0.0,231.79,97.55,1348,1,Arah 2,20,39,2,104,2,167,0,1697,0
1700000567996,568.0,1118,67.49,207.15,57.81,1340,1,Arah 2,26,46,3,169,2,246,0,1698,0
1700000568063,568.06,1008,112.49,192.95,64.2,1307,1,Arah 2,9,61,6,129,4,209,1,1698,0
1700000568129,568.13,1103,0.0,164.01,60.94,1254,1,Arah 2,36,72,2,213,2,325,0,1699,0
1700000568196,568.2,1150,629.93,233.89,389.95,1061,0,,7,21,2,0,1,31,0,1699,0
1700000568263,568.26,1019,1514.83,426.03,190.84,1622,1,Arah 2,16,13,2,160,4,195,0,1699,0
1700000568329,568.33,948,0.0,362.13,175.94,1517,1,Arah 2,41,33,6,185,3,268,0,1699,0
1700000568396,568.4,1062,0.0,307.81,60.83,1527,1,Arah 2,16,66,5,189,1,277,0,1700,0
1700000568463,568.46,1176,397.46,321.26,150.86,1465,1,Arah 2,2,41,4,91,2,140,0,1701,0
1700000568529,568.53,1009,907.4,409.18,84.7,1692,1,Arah 2,17,34,4,124,1,180,0,1702,1
1700000568596,568.6,1055,202.48,378.17,120.55,1601,1,Arah 2,4,28,2,161,2,197,0,1703,0
1700000568663,568.66,982,1124.88,490.18,57.26,1863,1,Arah 2,13,56,4,219,2,294,0,1704,0
1700000568729,568.73,905,0.0,416.65,202.43,1593,1,Arah 2,6,21,2,224,3,256,1,1704,0
1700000568796,568.8,1057,0.0,354.15,172.07,1506,1,Arah 2,22,40,4,207,3,276,1,1704,0
1700000568863,568.86,1045,0.0,301.03,146.26,1431,1,Arah 2,32,63,4,203,2,304,0,1704,0
1700000568929,568.93,1116,0.0,255.88,48.11,1442,1,Arah 2,23,59,2,176,2,262,0,1704,0
1700000568996,569.0,1065,772.41,333.36,40.89,1594,1,Arah 2,9,59,3,196,1,268,0,1704,0
1700000569063,569.06,1013,0.0,283.35,137.67,1406,1,Arah 2,43,12,6,197,4,262,0,1704,1
1700000569129,569.13,1175,0.0,240.85,191.01,1273,1,Arah 2,20,19,2,112,2,155,0,1704,0
1700000569196,569.2,1048,1379.85,411.7,162.36,1623,1,Arah 2,44,48,6,112,2,212,0,1704,0
1700000569263,569.26,991,0.0,349.94,170.02,1500,1,Arah 2,32,18,5,153,3,211,0,1704,0
1700000569329,569.33,1086,0.0,297.45,67.51,1501,1,Arah 2,43,18,5,151,2,219,0,1704,0
1700000569396,569.4,1154,344.96,304.58,73.19,1509,1,Arah 2,4,36,6,157,1,204,1,1705,1
1700000569463,569.46,1040,584.93,346.63,14.8,1644,1,Arah 2,12,46,2,124,4,188,0,1705,0
1700000569529,569.53,1076,0.0,294.64,59.41,1504,1,Arah 2,22,47,3,201,4,277,1,1705,1
1700000569596,569.6,1166,907.4,386.55,142.57,1595,1,Arah 2,39,74,4,183,3,303,0,1705,0
1700000569663,569.66,955,412.45,390.44,81.38,1661,1,Arah 2,38,40,5,166,3,252,0,1705,1
1700000569729,569.73,1111,0.0,331.87,56.38,1576,1,Arah 2,26,19,6,129,1,181,0,1706,0
1700000569796,569.8,1161,974.89,428.32,237.09,1582,1,Arah 2,14,33,3,222,4,276,0,1706,0
1700000569863,569.86,981,847.41,491.19,16.1,1903,1,Arah 2,5,38,4,168,4,219,0,1706,0
1700000569929,569.93,1048,0.0,417.51,202.85,1594,1,Arah 2,34,55,3,182,4,278,0,1706,0
1700000569996,570.0,1029,0.0,354.88,133.92,1544,1,aman,29,50,2,197,2,280,0,1706,0
1700000570063,570.06,1110,172.48,327.52,56.91,1568,1,aman,7,47,3,122,3,182,0,1706,0
1700000570130,570.13,1006,254.97,316.64,86.88,1518,1,aman,18,49,6,129,1,203,0,1706,0
1700000570196,570.2,1076,0.0,269.14,130.77,1386,1,aman,37,51,3,136,2,229,1,1706,0
1700000570263,570.26,1171,0.0,228.77,49.21,1390,1,aman,4,72,4,127,4,211,0,1706,0
1700000570330,570.33,1134,277.47,236.08,21.74,1430,1,aman,3,29,4,110,1,147,0,1706,0
1700000570396,570.4,1134,89.99,214.16,80.42,1331,1,aman,18,73,6,161,2,260,1,1706,0
1700000570463,570.46,1122,0.0,182.04,88.44,1262,1,aman,40,62,2,221,3,328,0,1706,0
1700000570530,570.53,1135,0.0,154.73,75.18,1223,1,aman,22,43,5,148,4,222,0,1706,0
1700000570596,570.6,1232,0.0,131.52,163.77,1090,1,aman,2,26,2,0,1,31,0,1706,0
1700000570663,570.66,1159,1019.89,264.78,192.77,1317,1,aman,30,43,4,225,2,304,0,1706,0
1700000570730,570.73,1096,239.97,261.06,24.91,1474,1,aman,34,14,2,187,3,240,0,1706,1
1700000570796,570.8,1127,397.46,281.52,13.98,1523,1,aman,30,60,6,193,3,292,0,1706,0
1700000570863,570.86,1043,82.49,251.66,100.61,1382,1,aman,35,53,2,209,2,301,0,1706,0
1700000570930,570.93,1116,0.0,213.91,75.19,1336,1,aman,31,27,5,221,2,286,0,1707,1
1700000570996,571.0,1105,802.41,302.19,63.91,1514,1,aman,22,67,4,186,4,283,0,1707,0
1700000571063,571.06,1009,0.0,256.86,124.8,1369,1,aman,27,34,5,95,3,164,0,1707,0
1700000571130,571.13,1231,0.0,218.33,94.81,1325,1,aman,37,72,2,203,4,318,0,1707,0
1700000571196,571.2,1081,899.9,320.57,80.59,1532,1,aman,42,40,2,119,2,205,0,1707,0
1700000571263,571.26,1111,0.0,272.48,24.97,1496,1,aman,18,21,5,100,1,145,0,1707,1
1700000571330,571.33,1276,704.92,337.35,170.22,1476,1,aman,35,74,2,221,4,336,0,1707,0
1700000571396,571.4,1017,667.43,386.86,12.68,1719,1,aman,10,55,2,190,2,259,0,1707,0
1700000571463,571.46,1187,0.0,328.83,34.43,1592,1,aman,8,68,6,180,3,265,0,1707,0
1700000571530,571.53,1095,869.9,409.99,29.26,1746,1,aman,44,59,4,187,1,295,0,1707,0
1700000571596,571.6,1071,0.0,348.49,169.32,1498,1,aman,40,47,4,205,1,297,0,1707,0
1700000571663,571.66,1137,0.0,296.22,92.12,1475,1,aman,43,60,3,127,2,235,0,1707,1
1700000571730,571.73,1130,1057.38,410.39,78.3,1700,1,aman,32,21,4,190,2,249,0,1707,0
1700000571796,571.8,996,0.0,348.83,136.0,1531,1,aman,17,73,2,140,3,235,2,1707,0
1700000571863,571.86,1219,149.98,319.01,41.76,1567,1,aman,12,42,3,202,4,263,1,1707,0
1700000571930,571.93,976,704.92,376.89,2.01,1711,1,aman,20,51,6,186,4,267,0,1708,0
1700000571996,572.0,1125,0.0,320.36,155.65,1459,1,aman,16,50,2,201,4,273,0,1708,0
1700000572063,572.06,1142,0.0,272.31,132.3,1391,1,aman,29,41,6,112,4,192,0,1709,0
1700000572130,572.13,1173,0.0,231.46,112.46,1332,1,aman,13,28,6,114,4,165,0,1709,0
1700000572196,572.2,1412,0.0,196.74,4.86,1372,1,aman,4,24,6,0,1,35,0,1709,0
1700000572263,572.26,1194,449.95,234.72,89.5,1361,1,aman,33,31,4,199,2,269,0,1709,0
1700000572330,572.33,1352,382.46,256.88,330.53,1165,1,aman,17,12,3,0,2,34,0,1709,0
1700000572396,572.4,1143,1589.82,456.82,354.61,1521,1,aman,33,25,3,227,4,292,0,1709,1
1700000572463,572.46,1140,712.42,495.16,53.48,1875,1,aman,29,58,4,168,1,260,0,1709,0
1700000572530,572.53,1048,0.0,420.89,204.49,1599,1,Arah 2,6,23,6,184,2,221,1,1709,0
1700000572596,572.6,1224,0.0,357.76,173.82,1511,1,Arah 2,32,70,6,142,1,251,0,1709,0
1700000572663,572.66,1218,0.0,304.09,89.15,1493,1,Arah 2,31,23,5,196,4,259,2,1709,0
1700000572730,572.73,1295,262.47,297.85,44.75,1524,1,Arah 2,25,16,3,137,1,182,0,1709,0
1700000572796,572.8,1183,539.94,334.16,26.32,1609,1,Arah 2,42,74,6,195,2,319,1,1709,0
1700000572863,572.86,1223,209.98,315.53,31.2,1570,1,Arah 2,16,41,2,211,2,272,1,1709,0
1700000572930,572.93,1155,299.97,313.2,73.39,1525,1,Arah 2,9,48,3,200,2,262,0,1709,0
1700000572996,573.0,1183,0.0,266.22,129.34,1382,1,Arah 2,23,66,5,163,3,260,0,1710,0
1700000573063,573.06,1331,0.0,226.29,300.2,1136,0,,19,59,6,0,2,86,0,1711,0
1700000573130,573.13,1230,1837.3,467.94,333.85,1562,1,Arah 2,10,38,5,153,3,209,1,1712,0
1700000573197,573.2,1086,352.46,450.62,126.37,1728,1,Arah 2,9,24,2,101,2,138,0,1712,0
1700000573263,573.26,1183,0.0,383.02,186.09,1546,1,Arah 2,24,14,5,202,4,249,0,1712,0
1700000573330,573.33,1116,0.0,325.57,158.18,1466,1,Arah 2,38,64,6,131,4,243,0,1712,0
1700000573397,573.4,1228,0.0,276.73,62.47,1467,1,Arah 2,2,57,6,135,3,203,0,1712,0
1700000573463,573.46,1226,322.46,283.59,16.27,1525,1,Arah 2,10,52,5,184,3,254,1,1712,0
1700000573530,573.53,1185,164.98,265.8,85.81,1424,1,Arah 2,6,49,6,160,2,223,0,1712,0
1700000573597,573.6,1204,0.0,225.93,109.77,1324,1,Arah 2,42,37,5,194,3,281,0,1712,0
1700000573663,573.66,1198,0.0,192.04,54.8,1314,1,Arah 2,5,13,5,120,3,146,1,1713,0
1700000573730,573.73,1253,172.48,189.11,55.54,1308,1,Arah 2,7,20,3,94,4,128,0,1713,0
1700000573797,573.8,1175,457.45,229.36,8.7,1430,1,Arah 2,4,66,6,187,3,266,0,1713,0
1700000573863,573.86,1192,0.0,194.96,93.05,1282,1,Arah 2,23,43,4,99,4,173,0,1713,0
1700000573930,573.93,1192,7.5,166.84,67.37,1254,1,Arah 2,7,62,5,149,2,225,0,1713,0
1700000573997,574.0,1191,52.49,149.69,50.57,1237,1,Arah 2,13,71,5,101,4,194,0,1713,0
1700000574063,574.06,1185,37.5,132.86,40.72,1215,1,Arah 2,14,21,2,217,4,258,1,1713,0
1700000574130,574.13,1186,427.45,177.05,26.24,1314,1,Arah 2,19,44,5,194,1,263,0,1713,0
1700000574197,574.2,1128,0.0,150.49,73.12,1216,1,Arah 2,22,12,6,229,1,270,0,1713,0
1700000574263,574.26,1240,0.0,127.92,62.15,1184,0,,38,42,3,0,3,86,1,1713,0
1700000574330,574.33,1219,0.0,108.73,27.72,1181,0,,20,74,6,0,1,101,0,1715,0
1700000574397,574.4,1241,112.49,109.29,214.16,1000,0,,21,19,4,0,3,47,0,1715,0
1700000574463,574.46,1204,1064.88,252.63,156.92,1329,1,Arah 2,40,23,3,157,4,227,0,1715,0
1700000574530,574.53,1099,0.0,214.74,104.33,1309,1,Arah 2,25,65,3,229,4,326,0,1715,0
1700000574597,574.6,1265,0.0,182.53,73.7,1277,1,Arah 2,40,56,2,162,3,263,0,1716,0
1700000574663,574.66,1232,727.42,264.26,62.65,1444,1,Arah 2,23,27,4,201,4,259,0,1716,0
1700000574730,574.73,1168,0.0,224.62,109.13,1323,1,Arah 2,34,67,6,161,1,269,0,1716,1
1700000574797,574.8,1304,0.0,190.93,92.76,1274,0,,20,70,6,0,3,99,0,1718,0
1700000574863,574.86,1200,0.0,162.29,75.5,1237,1,Arah 2,31,33,3,118,3,188,0,1718,0
1700000574930,574.93,1338,15.0,140.2,45.76,1224,0,,9,31,3,0,2,45,0,1718,0
1700000574997,575.0,1198,82.49,131.54,42.25,1211,1,Arah 2,10,38,5,161,4,218,0,1718,0
1700000575063,575.06,1327,0.0,111.81,54.32,1161,0,,22,42,2,0,1,67,0,1718,0
1700000575130,575.13,1398,0.0,95.04,451.02,1000,0,,44,36,6,0,4,90,0,1718,0
1700000575197,575.2,1346,2227.25,414.87,721.52,1079,0,,38,25,4,0,4,71,0,1718,0
1700000575263,575.26,1101,1514.83,579.86,116.1,1967,1,Arah 2,16,72,4,188,4,284,0,1718,0
1700000575330,575.33,1144,0.0,492.88,239.47,1698,1,Arah 2,15,49,6,134,2,206,0,1719,0
1700000575397,575.4,1130,0.0,418.95,203.55,1596,1,Arah 2,20,24,3,172,4,223,1,1720,0
1700000575463,575.46,1360,0.0,356.11,79.76,1599,1,Arah 2,10,54,6,113,2,185,0,1720,0
1700000575530,575.53,1199,1132.37,472.55,67.8,1822,1,Arah 2,44,26,4,209,4,287,0,1720,0
1700000575597,575.6,1209,0.0,401.67,158.32,1608,1,Arah 2,32,28,6,152,3,221,0,1721,0
1700000575663,575.66,1326,164.98,366.16,97.75,1600,1,Arah 2,27,30,6,226,2,291,1,1721,0
1700000575730,575.73,1187,164.98,335.99,119.91,1523,1,Arah 2,32,44,6,127,3,212,0,1721,0
1700000575797,575.8,1304,0.0,285.59,13.2,1532,1,Arah 2,22,48,4,93,4,171,0,1721,0
1700000575863,575.86,1266,562.44,327.12,11.22,1611,1,Arah 2,25,51,4,204,2,286,0,1721,0
1700000575930,575.93,1229,0.0,278.05,135.09,1399,1,Arah 2,12,48,4,107,4,175,1,1722,0
1700000575997,576.0,1291,0.0,236.34,109.81,1344,1,Arah 2,42,25,6,126,3,202,1,1722,0
1700000576064,576.06,1253,22.5,204.26,93.33,1299,1,Arah 2,2,33,3,121,3,162,0,1723,0
1700000576130,576.13,1288,0.0,173.62,84.36,1250,0,,5,48,2,0,4,59,2,1723,0
1700000576197,576.2,1420,0.0,147.58,50.5,1233,0,,38,34,4,0,4,80,0,1723,0
1700000576264,576.26,1383,547.44,207.56,42.93,1355,0,,8,63,5,0,2,78,1,1723,0
1700000576330,576.33,1347,0.0,176.43,29.79,1309,0,,36,46,5,0,2,89,1,1724,0
1700000576397,576.4,1420,517.44,227.58,127.44,1310,0,,15,69,2,0,1,87,0,1724,0
1700000576464,576.46,1278,457.45,262.06,7.19,1494,1,Arah 2,19,16,4,155,2,196,1,1725,0
1700000576530,576.53,1359,0.0,222.75,19.0,1408,1,Arah 2,2,63,2,164,2,233,0,1725,0
1700000576597,576.6,1405,569.94,274.83,265.59,1264,0,,31,16,6,0,1,54,1,1726,0
1700000576664,576.66,1283,1117.38,401.21,98.52,1664,1,Arah 2,4,15,3,102,4,128,1,1726,0
1700000576730,576.73,1256,0.0,341.03,165.69,1488,1,Arah 2,34,12,2,200,4,252,0,1726,0
1700000576797,576.8,1330,0.0,289.87,140.84,1415,1,Arah 2,32,65,2,198,3,300,0,1726,0
1700000576864,576.86,1271,0.0,246.39,119.71,1354,1,Arah 2,41,32,4,195,1,273,0,1726,0
1700000576930,576.93,1354,0.0,209.43,30.49,1371,1,Arah 2,34,28,5,179,4,250,0,1726,0
1700000576997,577.0,1287,592.43,266.88,25.92,1484,1,Arah 2,18,39,5,188,4,254,0,1726,1
1700000577064,577.06,1275,0.0,226.85,110.22,1326,1,Arah 2,2,17,6,169,2,196,0,1727,0
1700000577130,577.13,1402,0.0,192.82,144.03,1227,0,,8,73,4,0,2,87,0,1728,0
1700000577197,577.2,1422,1064.88,323.63,336.7,1287,0,,22,27,4,0,3,56,0,1728,0
1700000577264,577.26,1260,959.89,419.07,50.16,1742,1,Arah 2,29,29,2,109,1,170,2,1728,0
1700000577330,577.33,1294,7.5,357.34,171.64,1512,1,Arah 2,15,50,3,105,3,176,1,1728,0
1700000577397,577.4,1259,0.0,303.74,147.57,1435,1,Arah 2,13,54,3,143,4,217,1,1728,0
1700000577464,577.46,1383,0.0,258.18,85.26,1410,1,Arah 2,7,57,5,104,3,176,0,1728,0
1700000577530,577.53,1350,179.98,246.45,72.47,1400,1,Arah 2,31,48,3,193,3,278,0,1729,0
1700000577597,577.6,1359,0.0,209.48,127.57,1275,0,,20,30,2,0,4,56,0,1729,0
1700000577664,577.66,1396,1027.39,332.16,108.43,1527,1,Arah 2,15,27,6,138,3,189,1,1729,0
1700000577730,577.73,1222,0.0,282.34,137.18,1405,1,Arah 2,17,57,2,109,3,188,0,1729,0
1700000577797,577.8,1478,0.0,239.99,1.09,1458,0,,44,16,5,0,2,67,1,1730,0
1700000577864,577.86,1265,517.44,281.61,0.93,1536,1,Arah 2,37,17,4,186,2,246,0,1730,1
1700000577930,577.93,1409,0.0,239.37,143.18,1317,0,,44,74,3,0,3,124,0,1730,0
1700000577997,578.0,1428,1162.37,377.82,153.51,1568,1,Arah 2,26,44,6,194,3,273,0,1731,0
1700000578064,578.06,1254,142.48,342.52,10.14,1640,1,Arah 2,15,34,3,124,1,177,0,1731,0
1700000578130,578.13,1409,532.44,371.01,116.94,1591,1,Arah 2,43,56,5,200,3,307,0,1731,0
1700000578197,578.2,1183,704.92,421.09,19.46,1775,1,Arah 2,4,68,6,132,3,213,0,1731,0
1700000578264,578.26,1315,0.0,357.93,173.9,1511,1,Arah 2,42,55,5,183,2,287,0,1731,0
1700000578330,578.33,1336,0.0,304.24,114.34,1468,1,Arah 2,15,58,5,144,2,224,0,1731,0
1700000578397,578.4,1321,149.98,281.1,97.19,1442,1,Arah 2,42,47,5,195,2,291,0,1731,0
1700000578464,578.46,1316,0.0,238.94,116.09,1343,1,Arah 2,27,63,2,115,1,208,0,1733,0
1700000578530,578.53,1383,0.0,203.1,118.95,1272,0,,33,12,5,0,2,52,0,1733,0
1700000578597,578.6,1417,974.89,318.87,101.11,1509,1,Arah 2,2,51,5,91,2,151,1,1733,0
1700000578664,578.66,1253,0.0,271.04,131.68,1389,1,Arah 2,27,38,2,159,1,227,0,1733,0
1700000578730,578.73,1422,0.0,230.38,234.6,1209,0,,41,60,5,0,4,110,0,1733,0
1700000578797,578.8,1300,1552.33,428.67,199.41,1618,1,Arah 2,41,44,5,182,4,276,1,1733,0
1700000578864,578.86,1215,0.0,364.37,177.03,1520,1,Arah 2,16,15,6,133,2,172,0,1734,0
1700000578930,578.93,1332,0.0,309.72,150.48,1443,1,Arah 2,39,74,5,112,4,234,0,1734,0
1700000578997,579.0,1392,0.0,263.26,127.91,1378,0,,3,21,5,0,3,32,0,1734,0
1700000579064,579.06,1435,0.0,223.77,85.28,1345,0,,13,71,6,0,1,91,0,1734,0
1700000579131,579.13,1433,104.99,205.95,146.81,1250,0,,34,21,4,0,3,62,0,1734,0
1700000579197,579.2,1421,982.39,322.42,148.23,1470,1,Arah 2,13,70,5,224,2,314,1,1734,0
1700000579264,579.26,1302,209.98,305.55,93.31,1491,1,Arah 2,33,70,2,221,3,329,2,1734,1
1700000579331,579.33,1393,0.0,259.72,126.19,1373,0,,22,26,4,0,2,54,0,1734,0
1700000579397,579.4,1523,0.0,220.76,214.16,1211,0,,7,57,5,0,1,70,0,1734,0
1700000579464,579.46,1425,1439.84,403.62,247.32,1526,1,Arah 2,17,40,2,165,1,225,0,1734,0
1700000579531,579.53,1331,292.47,386.95,111.19,1626,1,Arah 2,19,45,5,154,2,225,0,1734,0
1700000579597,579.6,1386,0.0,328.91,159.8,1471,1,Arah 2,26,70,4,176,4,280,1,1734,0
1700000579664,579.66,1476,0.0,279.57,85.14,1450,0,,30,43,3,0,1,77,1,1734,0
1700000579731,579.73,1418,989.89,386.12,132.64,1604,1,Arah 2,29,21,4,125,4,183,0,1734,0
1700000579797,579.8,1344,269.97,368.7,108.23,1595,1,Arah 2,34,58,2,209,4,307,0,1735,0
1700000579864,579.86,1382,0.0,313.39,152.26,1449,1,aman,24,40,5,169,3,241,0,1735,0
1700000579931,579.93,1456,0.0,266.38,129.42,1382,1,aman,42,56,6,0,4,108,0,1736,0
1700000579997,580.0,1472,0.0,226.43,228.15,1208,1,aman,4,25,2,0,1,32,1,1736,0
1700000580064,580.06,1481,1514.83,419.69,493.58,1315,1,aman,19,24,5,0,3,51,1,1736,0
1700000580131,580.13,1270,1342.35,558.09,81.39,1960,1,aman,37,18,5,218,1,279,1,1737,0
1700000580197,580.2,1302,0.0,474.37,230.48,1673,1,aman,43,41,2,90,4,180,0,1737,0
1700000580264,580.26,1274,0.0,403.22,195.91,1575,1,aman,36,57,5,182,1,281,0,1738,0
1700000580331,580.33,1484,0.0,342.73,62.82,1590,1,aman,38,74,5,92,4,213,1,1738,0
1700000580397,580.4,1330,1027.39,445.43,53.4,1787,1,aman,35,43,3,94,1,176,0,1738,0
1700000580464,580.46,1347,0.0,378.62,183.95,1540,1,aman,39,49,5,131,1,225,0,1738,0
1700000580531,580.53,1403,0.0,321.82,156.36,1461,1,aman,10,37,4,204,1,256,1,1738,0
1700000580597,580.6,1479,0.0,273.55,144.99,1380,1,aman,24,70,6,0,3,103,0,1738,0
1700000580664,580.66,1403,1244.86,419.25,123.24,1674,1,aman,29,21,2,206,4,262,0,1739,0
1700000580731,580.73,1313,0.0,356.36,173.14,1509,1,aman,15,49,5,156,1,226,1,1739,0
1700000580797,580.8,1545,0.0,302.91,62.09,1517,1,aman,17,37,3,0,3,60,0,1739,0
1700000580864,580.86,1478,937.4,398.08,52.77,1702,1,aman,13,40,3,113,2,171,0,1739,0
1700000580931,580.93,1420,0.0,338.37,164.4,1484,1,aman,39,50,5,189,1,284,0,1739,0
1700000580997,581.0,1610,0.0,287.61,205.12,1348,1,aman,26,70,6,0,2,104,0,1739,0
1700000581064,581.06,1509,1544.83,476.2,351.8,1560,1,aman,44,42,5,174,3,268,0,1739,0
1700000581131,581.13,1404,794.91,524.0,45.83,1933,1,aman,4,50,2,215,2,273,0,1739,0
1700000581197,581.2,1403,0.0,445.4,216.4,1633,1,aman,43,22,6,169,1,241,0,1739,0
1700000581264,581.26,1476,0.0,378.59,6.9,1710,1,aman,10,35,3,161,4,213,0,1739,0
1700000581331,581.33,1553,854.9,450.04,340.68,1522,1,aman,35,52,2,0,3,92,0,1739,0
1700000581397,581.4,1362,1499.83,607.51,98.73,2030,1,aman,5,17,2,90,4,118,1,1740,0
1700000581464,581.46,1353,0.0,516.38,43.31,1922,1,aman,17,52,5,133,3,210,0,1741,0
1700000581531,581.53,1363,929.9,578.41,31.79,2039,1,aman,16,68,6,111,4,205,0,1741,0
1700000581597,581.6,1229,22.5,495.02,234.6,1707,1,aman,37,39,2,125,3,206,0,1741,0
1700000581664,581.66,1360,0.0,420.77,204.43,1599,1,aman,6,46,2,208,4,266,0,1741,0
1700000581731,581.73,1357,0.0,357.65,173.77,1511,1,aman,22,14,2,200,1,239,0,1741,0
1700000581797,581.8,1393,0.0,304.01,147.7,1435,1,aman,20,60,3,148,3,234,0,1741,0
1700000581864,581.86,1392,0.0,258.4,125.55,1371,1,aman,8,32,5,0,2,47,1,1741,0
1700000581931,581.93,1469,0.0,219.64,106.72,1316,1,aman,20,14,5,0,2,41,0,1741,0
1700000581997,582.0,1448,0.0,186.7,90.71,1268,1,aman,15,44,6,0,3,68,0,1741,0
1700000582064,582.06,1507,0.0,158.69,81.93,1223,1,aman,37,33,4,0,2,76,0,1741,0
1700000582131,582.13,1475,712.42,241.75,309.03,1157,1,aman,27,36,2,0,3,68,0,1741,0
1700000582198,582.2,1412,1072.38,366.35,103.64,1595,1,aman,35,57,3,192,3,290,1,1742,0
1700000582264,582.26,1332,0.0,311.39,151.29,1446,1,aman,31,21,3,160,2,217,0,1742,0
1700000582331,582.33,1571,0.0,264.69,128.6,1380,0,,39,66,4,0,3,112,0,1742,0
1700000582398,582.4,1400,0.0,224.98,109.31,1323,0,,25,56,4,0,1,86,1,1742,0
1700000582464,582.46,1681,0.0,191.24,457.85,1000,0,,5,22,6,0,1,34,1,1743,0
1700000582531,582.53,1409,2467.23,532.63,389.17,1629,1,Arah 2,28,19,4,228,4,283,0,1743,0
1700000582598,582.6,1352,0.0,452.74,219.97,1643,1,Arah 2,22,40,6,151,1,220,0,1743,0
1700000582664,582.66,1495,0.0,384.83,69.79,1661,1,Arah 2,7,60,6,169,2,244,2,1743,0
1700000582731,582.73,1481,524.94,405.84,59.32,1710,1,Arah 2,16,21,3,151,1,192,0,1743,0
1700000582798,582.8,1425,0.0,344.97,30.33,1626,1,Arah 2,31,27,3,102,3,166,0,1743,0
1700000582864,582.86,1509,614.93,385.46,25.78,1704,1,Arah 2,23,27,3,103,3,159,0,1743,0
1700000582931,582.93,1343,0.0,327.64,159.19,1469,1,Arah 2,44,40,4,225,2,315,0,1743,0
1700000582998,583.0,1617,0.0,278.5,106.85,1427,0,,31,58,6,0,4,99,0,1744,0
1700000583064,583.06,1576,127.49,255.85,36.4,1453,0,,33,25,5,0,4,67,0,1744,0
1700000583131,583.13,1600,569.94,302.96,554.92,1029,0,,31,54,6,0,1,92,0,1744,0
1700000583198,583.2,1500,2474.73,628.72,344.46,1845,1,Arah 2,35,12,6,134,1,188,0,1744,0
1700000583264,583.26,1270,0.0,534.42,259.65,1755,1,Arah 2,44,18,3,148,3,216,0,1744,0
1700000583331,583.33,1509,0.0,454.25,220.7,1645,1,Arah 2,32,59,6,145,3,245,1,1744,0
1700000583398,583.4,1460,0.0,386.12,187.6,1551,1,Arah 2,31,12,4,183,4,234,0,1744,0
1700000583464,583.46,1576,0.0,328.2,46.45,1579,1,Arah 2,22,14,3,168,1,208,0,1744,0
1700000583531,583.53,1595,922.4,417.33,391.03,1411,0,,9,17,4,0,2,32,0,1744,0
1700000583598,583.6,1453,1574.83,590.95,126.47,1977,1,Arah 2,2,32,4,109,1,148,1,1744,0
1700000583664,583.66,1385,0.0,502.31,244.05,1711,1,Arah 2,9,13,4,158,2,186,1,1744,0
1700000583731,583.73,1517,0.0,426.96,207.44,1608,1,Arah 2,33,33,5,91,2,164,0,1744,0
1700000583798,583.8,1466,0.0,362.92,119.41,1573,1,Arah 2,33,56,3,223,2,317,0,1744,0
1700000583864,583.86,1523,254.97,346.73,69.26,1592,1,Arah 2,30,36,4,224,4,298,0,1744,0
1700000583931,583.93,1432,764.91,409.45,38.78,1736,1,Arah 2,17,47,3,180,2,249,0,1745,0
1700000583998,584.0,1421,164.98,372.78,137.79,1574,1,Arah 2,18,13,5,191,1,228,0,1746,0
1700000584064,584.06,1410,0.0,316.87,153.95,1454,1,Arah 2,3,42,2,167,4,218,0,1747,0
1700000584131,584.13,1443,0.0,269.34,130.86,1386,0,,11,31,3,0,2,47,0,1747,0
1700000584198,584.2,1547,0.0,228.94,10.79,1428,0,,27,37,2,0,3,69,0,1748,0
1700000584264,584.26,1458,449.95,262.09,5.9,1495,1,Arah 2,22,34,4,118,4,182,1,1748,0
1700000584331,584.33,1487,67.49,232.9,125.54,1322,0,,13,74,4,0,3,94,2,1748,0
1700000584398,584.4,1449,989.89,346.45,91.65,1569,1,Arah 2,3,12,3,160,2,180,0,1748,0
1700000584464,584.46,1355,0.0,294.48,143.08,1422,1,Arah 2,6,21,6,190,4,227,0,1748,0
1700000584531,584.53,1554,0.0,250.31,121.61,1359,0,,16,53,6,0,2,77,0,1748,0
1700000584598,584.6,1488,0.0,212.76,103.37,1306,0,,24,53,2,0,4,83,0,1748,0
1700000584664,584.66,1570,0.0,180.85,96.28,1252,0,,38,29,5,0,1,73,0,1749,0
1700000584731,584.73,1497,824.91,277.46,81.84,1450,0,,21,66,2,0,2,91,0,1749,0
1700000584798,584.8,1460,0.0,235.84,20.84,1431,0,,16,65,6,0,4,91,0,1749,0
1700000584864,584.86,1585,419.95,263.46,17.71,1486,0,,12,39,6,0,3,60,0,1749,0
1700000584931,584.93,1404,0.0,223.94,108.8,1322,0,,26,56,4,0,3,89,0,1749,0
1700000584998,585.0,1629,0.0,190.35,173.69,1193,0,,29,62,6,0,2,99,0,1749,0
1700000585065,585.07,1419,1192.37,340.65,147.64,1504,1,Arah 2,18,20,5,98,1,142,0,1749,0
1700000585131,585.13,1470,0.0,289.55,140.68,1415,0,,23,43,3,0,3,72,0,1749,0
1700000585198,585.2,1597,0.0,246.12,144.92,1328,0,,38,70,3,0,3,114,0,1750,0
1700000585265,585.27,1648,1184.87,386.93,205.21,1535,0,,34,38,3,0,3,78,0,1750,0
1700000585331,585.33,1439,367.46,384.01,90.07,1641,1,Arah 2,26,64,6,122,3,221,1,1750,0
1700000585398,585.4,1599,0.0,326.41,66.52,1556,0,,2,18,5,0,3,28,0,1750,0
1700000585465,585.47,1552,412.45,339.32,56.54,1590,1,Arah 2,18,41,4,95,2,160,1,1750,0
1700000585531,585.53,1544,0.0,288.42,140.13,1413,0,,38,68,2,0,3,111,0,1750,0
1700000585598,585.6,1600,0.0,245.16,119.11,1352,0,,7,52,3,0,4,66,0,1750,0
1700000585665,585.67,1612,0.0,208.38,62.81,1337,0,,17,27,3,0,3,50,0,1750,0
1700000585731,585.73,1655,734.92,287.36,515.43,1039,0,,16,56,4,0,4,80,1,1751,0
1700000585798,585.8,1514,2069.77,554.72,274.06,1778,1,Arah 2,4,73,4,150,1,232,1,1751,0
1700000585865,585.87,1379,0.0,471.52,229.09,1669,1,Arah 2,29,26,3,103,1,162,0,1751,0
1700000585931,585.93,1581,0.0,400.79,194.73,1571,0,,22,42,4,0,4,72,0,1751,0
1700000585998,586.0,1554,0.0,340.67,165.52,1487,0,,20,29,2,0,2,53,0,1751,0
1700000586065,586.07,1730,0.0,289.57,292.89,1265,0,,36,24,5,0,1,66,0,1751,0
1700000586131,586.13,1590,1942.28,537.48,444.82,1584,0,,29,34,4,0,1,68,0,1751,0
1700000586198,586.2,1471,877.4,588.47,55.48,2035,1,Arah 2,40,69,6,104,4,223,0,1751,0
1700000586265,586.27,1473,0.0,500.2,243.02,1708,1,Arah 2,17,47,5,118,1,188,1,1751,0
1700000586331,586.33,1506,0.0,425.17,206.57,1605,1,Arah 2,37,44,2,160,4,247,1,1751,0
1700000586398,586.4,1553,0.0,361.39,86.86,1602,1,Arah 2,29,31,2,177,2,241,0,1751,0
1700000586465,586.47,1640,397.46,366.8,73.83,1624,0,,41,45,5,0,2,93,1,1751,0
1700000586531,586.53,1500,0.0,311.78,151.48,1446,0,,11,50,5,0,4,70,0,1751,0
1700000586598,586.6,1662,0.0,265.01,52.04,1455,0,,40,63,2,0,4,109,0,1751,0
1700000586665,586.67,1579,809.91,346.75,44.23,1616,1,Arah 2,35,33,3,212,3,286,0,1752,1
1700000586731,586.73,1554,0.0,294.74,41.08,1522,0,,31,31,5,0,1,68,0,1752,0
1700000586798,586.8,1644,457.45,319.14,37.06,1571,0,,24,62,3,0,2,91,0,1754,0
1700000586865,586.87,1493,322.46,319.64,115.21,1497,1,Arah 2,39,32,3,212,3,289,0,1754,0
1700000586931,586.93,1601,832.41,396.56,123.04,1632,1,Arah 2,20,15,5,158,4,202,0,1755,0
1700000586998,587.0,1382,434.95,402.32,81.24,1683,1,Arah 2,19,73,3,147,2,244,1,1755,0
1700000587065,587.07,1543,0.0,341.97,166.15,1489,0,,21,64,4,0,4,93,0,1755,0
1700000587131,587.13,1592,0.0,290.67,102.72,1454,0,,43,30,6,0,1,80,0,1755,0
1700000587198,587.2,1545,172.48,272.94,87.31,1436,0,,29,49,2,0,2,82,0,1755,0
1700000587265,587.27,1569,0.0,232.0,44.08,1401,0,,10,16,3,0,4,33,0,1755,0
1700000587331,587.33,1730,307.47,243.32,151.7,1316,0,,10,17,2,0,1,30,0,1755,0
1700000587398,587.4,1528,847.41,333.93,144.01,1495,0,,5,65,5,0,3,78,0,1755,0
1700000587465,587.47,1617,374.96,340.09,66.76,1582,0,,21,40,4,0,2,67,0,1755,0
1700000587531,587.53,1478,0.0,289.07,140.45,1414,0,,13,33,2,0,4,52,0,1755,0
1700000587598,587.6,1790,0.0,245.71,84.85,1387,0,,33,48,2,0,3,86,0,1756,0
1700000587665,587.67,1716,914.9,346.09,334.95,1331,0,,41,25,3,0,3,72,0,1756,0
1700000587731,587.73,1668,1177.37,470.78,455.46,1449,0,,23,20,3,0,3,49,0,1756,0
1700000587798,587.8,1559,1679.81,652.14,124.32,2083,1,Arah 2,13,27,5,93,3,141,0,1756,0
1700000587865,587.87,1444,0.0,554.32,269.32,1782,1,Arah 2,28,12,5,192,1,238,1,1756,0
1700000587931,587.93,1602,0.0,471.17,148.57,1744,1,Arah 2,26,42,5,173,3,249,1,1756,0
1700000587998,588.0,1483,359.96,454.49,126.28,1735,1,Arah 2,21,74,5,112,4,216,0,1756,1
1700000588065,588.07,1554,0.0,386.31,187.69,1551,0,,40,64,5,0,1,110,0,1756,0
1700000588132,588.13,1484,0.0,328.37,159.54,1470,0,,26,27,6,0,3,62,0,1757,0
1700000588198,588.2,1613,0.0,279.11,135.61,1400,0,,16,25,4,0,1,46,0,1757,0
1700000588265,588.27,1648,0.0,237.25,65.05,1390,0,,15,13,4,0,3,35,0,1757,0
1700000588332,588.33,1647,224.98,235.4,97.05,1355,0,,43,71,6,0,3,123,0,1757,0
1700000588398,588.4,1618,682.42,302.46,95.88,1483,0,,26,51,5,0,2,84,0,1757,1
1700000588465,588.47,1556,284.97,299.83,27.31,1545,0,,41,59,4,0,4,108,0,1757,0
1700000588532,588.53,1580,194.98,284.11,86.83,1457,0,,36,49,6,0,2,93,0,1757,0
1700000588598,588.6,1530,0.0,241.49,117.33,1347,0,,14,72,2,0,4,92,1,1757,0
1700000588665,588.67,1614,0.0,205.27,91.36,1303,0,,14,26,5,0,4,49,0,1757,0
1700000588732,588.73,1536,37.5,180.1,77.66,1269,0,,36,73,4,0,2,115,0,1757,0
1700000588798,588.8,1609,0.0,153.09,2.63,1291,0,,6,24,4,0,2,36,0,1757,1
1700000588865,588.87,1583,344.96,181.87,2.23,1347,0,,41,69,5,0,4,119,0,1757,0
1700000588932,588.93,1563,0.0,154.59,75.11,1222,0,,22,63,5,0,1,91,0,1757,0
1700000588998,589.0,1749,0.0,131.4,168.85,1084,0,,9,22,3,0,2,36,1,1757,0
1700000589065,589.07,1610,1042.38,268.05,202.12,1314,0,,34,42,5,0,1,82,0,1757,0
1700000589132,589.13,1610,262.47,267.21,14.02,1497,0,,22,50,6,0,3,81,0,1757,0
1700000589198,589.2,1575,209.98,258.63,28.66,1466,0,,32,57,2,0,4,95,0,1757,0
1700000589265,589.27,1582,187.48,247.95,87.8,1388,0,,42,61,3,0,3,109,0,1757,0
1700000589332,589.33,1550,712.42,317.62,81.33,1526,0,,44,72,5,0,3,124,0,1757,1
1700000589398,589.4,1487,217.48,302.6,89.91,1489,1,Arah 2,6,54,6,118,1,185,0,1758,0
1700000589465,589.47,1521,0.0,257.21,124.97,1369,0,,44,24,4,0,4,76,0,1758,0
1700000589532,589.53,1558,0.0,218.63,49.46,1370,0,,44,54,2,0,2,102,0,1759,0
1700000589598,589.6,1650,697.42,290.45,57.11,1498,0,,6,30,5,0,2,43,0,1760,0
1700000589665,589.67,1465,67.49,257.01,107.14,1386,1,aman,17,13,4,0,2,36,0,1760,0
1700000589732,589.73,1641,0.0,218.45,106.14,1314,1,aman,39,18,4,0,1,62,0,1760,0
1700000589798,589.8,1575,0.0,185.69,60.08,1297,1,aman,19,26,4,0,4,53,0,1760,0
1700000589865,589.87,1656,134.99,178.08,221.8,1121,1,aman,22,19,5,0,3,49,0,1760,1
1700000589932,589.93,1557,1222.36,334.72,158.4,1483,1,aman,25,38,4,0,3,70,1,1761,0
1700000589998,590.0,1493,0.0,284.51,138.23,1408,1,aman,2,13,5,0,4,24,0,1761,0
1700000590065,590.07,1595,0.0,241.84,97.41,1367,1,aman,32,41,5,0,2,80,0,1761,0
1700000590132,590.13,1659,89.99,219.06,82.8,1338,1,aman,12,61,2,0,1,76,0,1761,0
1700000590198,590.2,1583,0.0,186.2,51.96,1306,1,aman,16,51,2,0,2,71,0,1761,0
1700000590265,590.27,1694,172.48,184.14,108.17,1246,1,aman,23,70,6,0,3,102,0,1762,0
1700000590332,590.33,1560,682.42,258.89,53.44,1442,1,aman,6,43,6,0,1,56,0,1763,0
1700000590398,590.4,1603,0.0,220.05,106.91,1316,1,aman,20,63,2,0,3,88,0,1763,0
1700000590465,590.47,1621,0.0,187.04,74.14,1285,1,aman,20,35,6,0,1,62,1,1763,0
1700000590532,590.53,1695,74.99,170.24,208.18,1120,1,aman,2,17,5,0,1,25,0,1763,0
1700000590598,590.6,1611,1214.86,326.93,160.21,1466,1,aman,16,48,3,0,3,70,0,1763,0
1700000590665,590.67,1533,0.0,277.89,135.02,1398,1,aman,6,50,5,0,4,65,0,1764,0
1700000590732,590.73,1625,0.0,236.21,44.27,1409,1,aman,41,57,3,0,2,103,0,1764,0
1700000590798,590.8,1651,712.42,307.64,173.23,1417,1,aman,40,30,4,0,2,76,1,1764,0
1700000590865,590.87,1530,607.43,352.61,239.32,1438,1,aman,8,49,4,0,2,63,0,1764,0
1700000590932,590.93,1570,1124.87,468.45,67.82,1815,1,aman,43,70,2,135,1,251,0,1764,0
1700000590998,591.0,1380,0.0,398.18,193.46,1568,1,aman,23,69,5,90,4,191,0,1765,0
1700000591065,591.07,1661,0.0,338.45,164.44,1484,1,aman,9,27,5,0,3,44,0,1765,0
1700000591132,591.13,1500,0.0,287.69,139.77,1412,1,aman,44,43,5,0,1,93,0,1766,0
1700000591199,591.2,1763,0.0,244.53,232.74,1238,1,aman,42,22,4,0,1,69,0,1766,0
1700000591265,591.27,1689,1574.83,444.08,288.23,1562,1,aman,10,16,4,0,4,34,2,1767,0
1700000591332,591.33,1553,404.96,438.21,106.56,1724,1,aman,22,29,2,94,2,149,0,1767,0
1700000591399,591.4,1635,0.0,372.48,180.97,1532,1,aman,11,19,6,0,1,37,0,1767,0
1700000591465,591.47,1614,0.0,316.61,153.82,1453,1,aman,36,72,2,0,1,111,0,1767,0
1700000591532,591.53,1707,0.0,269.11,50.05,1465,1,aman,33,35,3,0,4,75,0,1767,0
1700000591599,591.6,1695,809.91,350.23,42.54,1624,1,aman,21,20,4,0,1,46,0,1767,0
1700000591665,591.67,1599,0.0,297.7,144.64,1427,1,aman,44,37,2,0,3,86,0,1767,0
1700000591732,591.73,1704,0.0,253.04,5.76,1478,1,aman,9,65,6,0,3,83,0,1768,0
1700000591799,591.8,1690,524.94,293.83,160.84,1403,1,aman,23,54,2,0,3,82,0,1768,0
1700000591865,591.87,1634,742.42,361.12,98.21,1590,1,aman,29,71,5,0,2,107,0,1768,0
1700000591932,591.93,1591,352.46,359.82,82.26,1603,1,aman,3,71,5,201,4,284,1,1768,0
1700000591999,592.0,1587,0.0,305.85,148.6,1438,1,aman,3,30,2,0,3,38,0,1768,0
1700000592065,592.07,1637,0.0,259.97,117.94,1381,1,aman,33,30,2,0,3,68,0,1768,0
1700000592132,592.13,1591,37.5,226.6,100.25,1335,1,aman,4,28,2,0,3,37,0,1768,0
1700000592199,592.2,1632,0.0,192.61,83.54,1287,0,,7,50,3,0,4,64,0,1768,0
1700000592265,592.27,1773,45.0,170.47,221.95,1107,0,,24,35,3,0,2,64,0,1768,0
1700000592332,592.33,1626,1312.35,341.75,178.62,1476,0,,40,14,2,0,1,57,0,1768,0
1700000592399,592.4,1598,0.0,290.49,32.32,1522,0,,39,21,3,0,4,67,1,1768,0
1700000592465,592.47,1751,487.45,320.03,272.18,1343,0,,6,33,6,0,4,49,0,1768,0
1700000592532,592.53,1533,1342.35,473.38,122.54,1773,1,Arah 2,5,26,2,134,4,171,0,1768,0
1700000592599,592.6,1572,0.0,402.37,195.5,1573,1,Arah 2,39,58,5,124,2,228,1,1768,0
1700000592665,592.67,1752,0.0,342.02,59.03,1593,0,,32,41,3,0,4,80,0,1768,0
1700000592732,592.73,1611,479.95,362.71,50.18,1639,1,Arah 2,26,73,2,133,2,236,0,1768,0
1700000592799,592.8,1688,0.0,308.3,149.79,1441,0,,19,55,6,0,4,84,1,1769,0
1700000592865,592.87,1706,0.0,262.05,123.97,1379,0,,25,51,2,0,2,80,1,1769,0
1700000592932,592.93,1727,15.0,225.0,231.11,1202,0,,2,42,6,0,2,52,1,1769,0
1700000592999,593.0,1704,1507.33,417.35,193.09,1604,0,,38,58,3,0,4,103,0,1769,0
1700000593065,593.07,1526,0.0,354.74,172.36,1507,0,,4,67,4,0,4,79,0,1769,0
1700000593132,593.13,1793,0.0,301.53,74.47,1502,0,,3,25,2,0,4,34,0,1769,0
1700000593199,593.2,1608,989.89,404.79,63.3,1704,1,Arah 2,6,34,2,194,1,237,0,1769,0
1700000593265,593.27,1661,0.0,344.07,21.53,1632,0,,29,72,4,0,4,109,1,1769,0
1700000593332,593.33,1750,652.43,390.32,234.48,1513,0,,37,44,4,0,4,89,0,1769,1
1700000593399,593.4,1574,1132.37,501.63,53.67,1887,1,Arah 2,27,53,2,207,3,292,1,1769,0
1700000593465,593.47,1599,0.0,426.39,207.16,1607,1,Arah 2,9,22,6,199,3,239,2,1769,0
1700000593532,593.53,1685,0.0,362.43,90.71,1600,0,,14,35,6,0,2,57,0,1769,0
1700000593599,593.6,1742,382.46,365.43,123.78,1574,0,,22,26,4,0,1,53,1,1770,0
1700000593665,593.67,1634,899.9,445.6,195.61,1653,1,Arah 2,17,68,3,197,4,289,0,1770,0
1700000593732,593.73,1622,787.41,496.87,34.62,1896,1,Arah 2,19,55,2,173,3,252,1,1770,0
1700000593799,593.8,1529,0.0,422.34,205.2,1601,1,Arah 2,13,49,6,99,2,169,0,1770,0
1700000593865,593.87,1757,0.0,358.99,80.04,1604,0,,32,30,2,0,3,67,0,1771,0
1700000593932,593.93,1600,1139.87,476.12,68.03,1828,1,Arah 2,44,38,2,148,4,236,0,1771,0
1700000593999,594.0,1605,0.0,404.71,81.12,1687,1,Arah 2,31,26,3,221,4,285,0,1772,0
1700000594066,594.07,1664,517.44,421.62,68.95,1729,1,Arah 2,36,40,6,151,2,235,1,1773,1
1700000594132,594.13,1536,0.0,358.37,174.12,1512,0,,31,73,6,0,1,111,0,1773,0
1700000594199,594.2,1794,0.0,304.62,87.73,1495,0,,3,51,5,0,2,61,0,1773,0
1700000594266,594.27,1742,269.97,299.42,49.46,1523,0,,27,73,5,0,2,107,1,1773,0
1700000594332,594.33,1758,112.49,271.38,45.39,1474,0,,35,36,4,0,4,79,0,1773,0
1700000594399,594.4,1727,254.97,268.92,41.93,1473,0,,26,67,6,0,2,101,0,1773,0
1700000594466,594.47,1724,97.49,243.2,92.56,1374,0,,14,32,6,0,1,53,0,1773,1
1700000594532,594.53,1714,0.0,206.72,100.44,1297,0,,12,51,2,0,4,69,0,1773,0
1700000594599,594.6,1839,0.0,175.72,85.37,1253,0,,15,52,4,0,3,74,0,1774,0
1700000594666,594.67,1762,0.0,149.36,170.17,1118,0,,28,45,4,0,2,79,0,1774,0
1700000594732,594.73,1930,1087.38,290.06,558.14,1001,0,,26,41,6,0,1,74,1,1775,0
1700000594799,594.8,1617,1852.29,524.4,231.68,1763,1,Arah 2,28,18,3,125,2,176,0,1775,0
1700000594866,594.87,1683,0.0,445.74,216.56,1634,0,,11,22,6,0,4,43,0,1776,0
1700000594932,594.93,1819,0.0,378.88,155.62,1568,0,,24,17,3,0,1,45,0,1776,0
1700000594999,595.0,1720,127.49,341.17,132.28,1520,0,,24,53,3,0,4,84,1,1776,0
1700000595066,595.07,1802,0.0,289.99,115.23,1441,0,,43,69,2,0,1,115,0,1776,0
1700000595132,595.13,1754,1147.37,418.6,337.34,1466,0,,17,72,4,0,4,97,0,1776,0
1700000595199,595.2,1649,1072.38,516.67,30.61,1934,1,Arah 2,19,57,5,183,1,265,0,1776,0
1700000595266,595.27,1611,0.0,439.17,213.37,1624,1,Arah 2,7,20,6,199,4,236,0,1776,0
1700000595332,595.33,1753,0.0,373.29,60.83,1649,0,,4,15,5,0,3,27,0,1776,0
1700000595399,595.4,1785,539.94,398.29,5.21,1747,0,,31,27,3,0,1,62,0,1776,0
1700000595466,595.47,1681,254.97,376.79,116.1,1602,0,,18,20,6,0,1,45,0,1776,0
1700000595532,595.53,1751,0.0,320.27,21.84,1588,0,,5,16,5,0,3,29,0,1776,0
1700000595599,595.6,1725,794.91,391.47,18.57,1722,0,,19,55,2,0,3,79,0,1776,0
1700000595666,595.67,1645,0.0,332.75,161.67,1476,0,,43,44,3,0,3,93,1,1777,1
1700000595732,595.73,1831,0.0,282.84,8.52,1531,0,,15,73,3,0,4,95,0,1777,0
1700000595799,595.8,1827,577.44,327.03,263.96,1365,0,,3,39,3,0,3,48,0,1777,0
1700000595866,595.87,1754,1214.87,460.2,95.46,1774,1,Arah 2,42,33,2,217,4,298,0,1777,0
1700000595932,595.93,1665,0.0,391.17,190.05,1558,0,,35,19,6,0,1,61,0,1777,0
1700000595999,596.0,1796,0.0,332.5,161.55,1476,0,,5,23,4,0,2,34,0,1777,0
1700000596066,596.07,1813,0.0,282.62,137.31,1405,0,,5,68,3,0,1,77,0,1778,0
1700000596132,596.13,1859,0.0,240.23,186.29,1276,0,,20,47,4,0,4,75,0,1778,0
1700000596199,596.2,1847,1357.35,407.8,473.06,1312,0,,24,41,2,0,1,68,0,1778,0
1700000596266,596.27,1678,1409.84,558.1,99.1,1944,1,Arah 2,6,26,2,102,3,139,0,1778,0
1700000596332,596.33,1659,0.0,474.39,230.48,1673,1,Arah 2,33,59,5,195,4,296,0,1778,0
1700000596399,596.4,1801,0.0,403.23,15.11,1747,0,,14,37,6,0,4,61,0,1779,0
1700000596466,596.47,1816,809.91,464.23,355.44,1534,0,,4,30,4,0,3,41,1,1779,0
1700000596532,596.53,1693,1649.82,642.07,121.33,2068,1,Arah 2,6,21,3,226,4,260,0,1780,0
1700000596599,596.6,1596,0.0,545.76,265.16,1770,1,Arah 2,14,70,6,124,2,216,1,1780,0
1700000596666,596.67,1816,0.0,463.9,218.69,1665,0,,32,44,6,0,1,83,0,1780,0
1700000596732,596.73,1827,30.0,398.81,185.89,1576,0,,36,61,4,0,4,105,0,1781,0
1700000596799,596.8,1812,0.0,338.99,164.7,1485,0,,41,20,3,0,3,67,1,1781,0
1700000596866,596.87,1871,0.0,288.14,56.29,1495,0,,15,59,4,0,3,81,1,1781,0
1700000596932,596.93,1923,374.96,301.16,154.71,1423,0,,14,52,5,0,1,72,0,1781,0
1700000596999,597.0,1821,907.4,392.1,118.11,1629,0,,28,27,4,0,3,62,0,1781,0
1700000597066,597.07,1802,314.96,380.53,102.16,1623,0,,17,25,2,0,4,48,1,1781,0
1700000597133,597.13,1779,0.0,323.45,157.15,1463,0,,39,66,5,0,2,112,0,1781,0
1700000597199,597.2,1815,0.0,274.93,116.84,1411,0,,41,26,3,0,1,71,0,1781,0
1700000597266,597.27,1823,74.99,244.94,200.34,1271,0,,42,56,6,0,4,108,0,1782,0
1700000597333,597.33,1805,1342.35,409.55,156.9,1624,0,,25,19,3,0,2,49,0,1784,0
1700000597399,597.4,1644,15.0,350.37,166.29,1505,0,,30,24,5,0,3,62,0,1784,0
1700000597466,597.47,1803,0.0,297.81,158.31,1413,0,,21,46,6,0,4,77,0,1784,0
1700000597533,597.53,1815,1357.35,456.74,204.87,1665,0,,7,32,4,0,2,45,0,1785,0
1700000597599,597.6,1622,314.97,435.48,128.86,1698,1,Arah 2,30,29,6,170,3,238,0,1785,0
1700000597666,597.67,1773,0.0,370.16,151.38,1556,0,,29,60,2,0,1,92,1,1785,0
1700000597733,597.73,1898,127.49,333.76,128.68,1510,0,,5,12,3,0,1,21,0,1785,0
1700000597799,597.8,1756,0.0,283.69,69.2,1474,0,,3,16,3,0,4,26,0,1785,0
1700000597866,597.87,1905,307.47,287.26,51.67,1498,0,,12,39,5,0,3,59,2,1785,0
1700000597933,597.93,1715,494.94,318.41,24.72,1582,0,,39,72,2,0,3,116,1,1785,0
1700000597999,598.0,1839,0.0,270.65,131.5,1388,0,,10,63,3,0,4,80,0,1785,0
1700000598066,598.07,1845,0.0,230.05,46.48,1395,0,,15,13,6,0,1,35,0,1785,0
1700000598133,598.13,1862,292.47,239.41,218.29,1243,0,,15,18,2,0,3,38,0,1785,0
1700000598199,598.2,1806,1154.87,376.73,143.7,1576,0,,19,67,4,0,1,91,0,1785,0
1700000598266,598.27,1708,104.99,335.97,135.66,1507,0,,14,12,6,0,3,35,0,1785,0
1700000598333,598.33,1792,0.0,285.58,96.9,1450,0,,13,18,2,0,1,34,0,1785,0
1700000598399,598.4,1821,187.48,270.86,17.07,1500,0,,23,44,4,0,1,72,0,1785,0
1700000598466,598.47,1767,292.47,274.1,53.02,1472,0,,11,45,2,0,4,62,0,1785,0
1700000598533,598.53,1782,15.0,235.24,110.35,1342,0,,10,14,4,0,1,29,1,1785,0
1700000598599,598.6,1765,0.0,199.95,97.15,1287,0,,2,54,5,0,4,65,0,1786,0
1700000598666,598.67,1854,0.0,169.96,60.81,1266,0,,26,70,4,0,4,104,0,1786,0
1700000598733,598.73,1814,97.49,159.09,31.6,1274,0,,10,26,6,0,4,46,0,1786,0
1700000598799,598.8,1841,89.99,148.72,33.56,1252,0,,18,53,6,0,3,80,0,1786,0
1700000598866,598.87,1802,67.49,136.54,48.61,1214,0,,30,55,2,0,3,90,0,1786,0
1700000598933,598.93,1832,0.0,116.06,56.39,1167,0,,25,20,6,0,4,55,0,1786,1
1700000598999,599.0,1823,0.0,98.65,84.32,1106,0,,29,24,2,0,1,56,0,1786,0
1700000599066,599.07,1903,592.43,172.72,250.8,1082,0,,22,66,6,0,3,97,0,1786,0
1700000599133,599.13,1744,802.41,267.17,124.45,1388,0,,11,48,4,0,3,66,0,1787,0
1700000599199,599.2,1796,194.98,256.34,102.44,1390,0,,35,39,5,0,4,83,2,1787,0
1700000599266,599.27,1718,787.41,336.0,43.55,1596,0,,14,20,4,0,1,39,0,1787,1
1700000599333,599.33,1691,0.0,285.6,138.76,1409,0,,24,19,5,0,4,52,0,1787,0
1700000599399,599.4,1874,0.0,242.76,47.64,1418,0,,21,31,6,0,4,62,0,1787,0
1700000599466,599.47,1722,314.97,253.59,38.82,1447,0,,14,55,6,0,2,77,0,1788,0
1700000599533,599.53,1832,7.5,216.68,46.39,1369,0,,3,54,5,0,3,65,0,1788,0
1700000599599,599.6,1721,254.97,222.42,41.1,1386,0,,33,64,4,0,2,103,0,1788,0
1700000599666,599.67,1798,0.0,189.06,67.18,1296,0,,16,41,2,0,3,62,0,1788,0
1700000599733,599.73,1776,712.42,267.56,57.1,1455,0,,6,29,3,0,1,39,0,1788,0
1700000599799,599.8,1703,0.0,227.43,110.5,1327,0,,44,21,4,0,2,71,0,1788,0
1700000599866,599.87,1854,0.0,193.31,93.92,1278,0,,35,28,5,0,3,71,0,1789,0
1700000599933,599.93,1829,0.0,164.32,79.83,1236,0,,17,66,2,0,4,89,0,1789,0
1700000600000,600.0,4520,0.0,139.67,73.36,1195,0,,40,74,5,0,2,121,1,1789,0
EVENT,1700000009836,9.84,GROUND_TRUTH,"Jam 10"
EVENT,1700000019672,19.67,GROUND_TRUTH,"Jam 10"
EVENT,1700000029508,29.51,GROUND_TRUTH,"Jam 10"
EVENT,1700000039344,39.34,GROUND_TRUTH,"Jam 10"
EVENT,1700000049180,49.18,GROUND_TRUTH,"Jam 10"
EVENT,1700000059016,59.02,GROUND_TRUTH,"Jam 10"
EVENT,1700000068852,68.85,GROUND_TRUTH,"Jam 10"
EVENT,1700000078688,78.69,GROUND_TRUTH,"Jam 10"
EVENT,1700000088524,88.52,GROUND_TRUTH,"Jam 10"
EVENT,1700000098360,98.36,GROUND_TRUTH,"Jam 10"
EVENT,1700000108196,108.20,GROUND_TRUTH,"Jam 11"
EVENT,1700000118032,118.03,GROUND_TRUTH,"Jam 11"
EVENT,1700000127868,127.87,GROUND_TRUTH,"Jam 11"
EVENT,1700000137704,137.70,GROUND_TRUTH,"Jam 11"
EVENT,1700000147540,147.54,GROUND_TRUTH,"Jam 11"
EVENT,1700000157376,157.38,GROUND_TRUTH,"Jam 11"
EVENT,1700000167212,167.21,GROUND_TRUTH,"Jam 11"
EVENT,1700000177048,177.05,GROUND_TRUTH,"Jam 11"
EVENT,1700000186884,186.88,GROUND_TRUTH,"Jam 11"
EVENT,1700000196720,196.72,GROUND_TRUTH,"Jam 11"
EVENT,1700000206556,206.56,GROUND_TRUTH,"Jam 12"
EVENT,1700000216392,216.39,GROUND_TRUTH,"Jam 12"
EVENT,1700000226228,226.23,GROUND_TRUTH,"Jam 12"
EVENT,1700000236064,236.06,GROUND_TRUTH,"Jam 12"
EVENT,1700000245900,245.90,GROUND_TRUTH,"Jam 12"
EVENT,1700000255736,255.74,GROUND_TRUTH,"Jam 12"
EVENT,1700000265572,265.57,GROUND_TRUTH,"Jam 12"
EVENT,1700000275408,275.41,GROUND_TRUTH,"Jam 12"
EVENT,1700000285244,285.24,GROUND_TRUTH,"Jam 12"
EVENT,1700000295080,295.08,GROUND_TRUTH,"Jam 12"
EVENT,1700000304916,304.92,GROUND_TRUTH,"Jam 1"
EVENT,1700000314752,314.75,GROUND_TRUTH,"Jam 1"
EVENT,1700000324588,324.59,GROUND_TRUTH,"Jam 1"
EVENT,1700000334424,334.42,GROUND_TRUTH,"Jam 1"
EVENT,1700000344260,344.26,GROUND_TRUTH,"Jam 1"
EVENT,1700000354096,354.10,GROUND_TRUTH,"Jam 1"
EVENT,1700000363932,363.93,GROUND_TRUTH,"Jam 1"
EVENT,1700000373768,373.77,GROUND_TRUTH,"Jam 1"
EVENT,1700000383604,383.60,GROUND_TRUTH,"Jam 1"
EVENT,1700000393440,393.44,GROUND_TRUTH,"Jam 1"
EVENT,1700000403276,403.28,GROUND_TRUTH,"Jam 2"
EVENT,1700000413112,413.11,GROUND_TRUTH,"Jam 2"
EVENT,1700000422948,422.95,GROUND_TRUTH,"Jam 2"
EVENT,1700000432784,432.78,GROUND_TRUTH,"Jam 2"
EVENT,1700000442620,442.62,GROUND_TRUTH,"Jam 2"
EVENT,1700000452456,452.46,GROUND_TRUTH,"Jam 2"
EVENT,1700000462292,462.29,GROUND_TRUTH,"Jam 2"
EVENT,1700000472128,472.13,GROUND_TRUTH,"Jam 2"
EVENT,1700000481964,481.96,GROUND_TRUTH,"Jam 2"
EVENT,1700000491800,491.80,GROUND_TRUTH,"Jam 2"
EVENT,1700000501636,501.64,GROUND_TRUTH,"Jalan Kosong"
EVENT,1700000511472,511.47,GROUND_TRUTH,"Jalan Kosong"
EVENT,1700000521308,521.31,GROUND_TRUTH,"Jalan Kosong"
EVENT,1700000531144,531.14,GROUND_TRUTH,"Jalan Kosong"
EVENT,1700000540980,540.98,GROUND_TRUTH,"Jalan Kosong"
EVENT,1700000550816,550.82,GROUND_TRUTH,"Jalan Kosong"
EVENT,1700000560652,560.65,GROUND_TRUTH,"Jalan Kosong"
EVENT,1700000570488,570.49,GROUND_TRUTH,"Jalan Kosong"
EVENT,1700000580324,580.32,GROUND_TRUTH,"Jalan Kosong"
EVENT,1700000590160,590.16,GROUND_TRUTH,"Jalan Kosong"
